customer_id,recency,frequency,monetary,R_score,F_score,M_score,RFM_cell,RFM_sum,segment,predicted_purchases_90d,prob_alive,exp_avg_value,clv_12m
12346,326,3,77352.96,2,3,5,235,10,At Risk,0.29247187576846956,0.8710105105063698,42353.45667320107,46035.29660652187
12347,2,8,4921.53,5,4,5,545,14,Champions,1.4600768193019489,0.9927617993516895,631.9673169311261,3423.540154363992
12348,75,5,1658.3999999999999,3,4,4,344,11,Loyal Customers,0.8113297035594131,0.9731926647852922,376.6340367869778,1133.6961256068798
12349,19,3,3678.69,5,3,5,535,13,Potential Loyalists,0.3544654066112913,0.9696332801401666,1431.6135549118642,1884.64384506097
12350,310,1,294.4,2,1,2,212,5,Hibernating,0.1567294497921289,1.0,0.0,0.0
12351,375,1,300.93,2,1,2,212,5,Hibernating,0.13366484280549756,1.0,0.0,0.0
12352,36,9,1729.54,4,5,4,454,13,Loyal Customers,1.6855264083793497,0.9876346657250678,203.10756815624703,1270.0572461005931
12353,204,2,406.76,2,2,2,222,6,Hibernating,0.2627910523716591,0.8344290297756226,112.24343105533377,109.03739471819495
12354,232,1,1079.4,2,1,3,213,6,Hibernating,0.1976816266039703,1.0,0.0,0.0
12355,214,2,947.61,2,2,3,223,7,Hibernating,0.2042841464317339,0.8665765886844717,560.7697062011135,424.6904592872822
12356,23,6,5611.73,4,4,5,445,13,Loyal Customers,1.0283544925327395,0.9870202462700246,998.1695874448619,3808.457735076986
12357,33,2,17437.66,4,2,5,425,11,Potential Loyalists,0.302310430054458,0.9193427126425331,7521.488204128304,8401.540096946126
12358,2,5,3447.07,5,4,5,545,14,Champions,0.5199019409080717,0.9871604413618139,528.2356974416488,1022.3954932915632
12359,58,10,8873.39,4,5,5,455,14,Loyal Customers,1.0764077654166135,0.9890286893000656,919.6195269939924,3687.5324583019237
12360,52,6,3612.89,4,4,5,445,13,Loyal Customers,0.6966051795612531,0.9847450024747392,724.9722450163828,1879.2618469098725
12361,287,4,451.25,2,3,2,232,7,At Risk,0.3983138213492017,0.9039468436363062,127.65956001942759,189.15456790531127
12362,3,10,4737.23,5,5,5,555,15,Champions,2.4036953464394895,0.994160326423159,487.98009922115597,4342.584163125588
12363,110,2,552.0,3,2,2,322,7,About to Sleep,0.4178011154115249,0.8611525002559139,310.71388595920337,477.4675376793237
12364,8,4,1208.1,5,3,4,534,12,Potential Loyalists,1.825814232908019,0.9796303670097886,223.96096019992626,1498.9157935071053
12365,291,1,320.69,2,1,2,212,5,Hibernating,0.16505672975358093,1.0,0.0,0.0
12366,634,1,500.24,1,1,2,112,4,Hibernating,0.0843931338232024,1.0,0.0,0.0
12367,4,1,150.9,5,1,1,511,7,New Customers,,1.0,0.0,0.0
12368,628,1,917.6999999999999,1,1,3,113,5,Hibernating,0.08500022756169692,1.0,0.0,0.0
12369,413,3,1511.15,1,3,4,134,8,At Risk,0.25948543115764056,0.7662609584583079,660.8128281293531,637.2082233918871
12370,51,7,3956.56,4,4,5,445,13,Loyal Customers,0.6844114703605276,0.9849864226004543,737.1380641714011,1877.5747978633385
12371,60,4,3347.38,3,3,5,335,11,Need Attention,0.3248289452851931,0.964655562301381,1568.2812438527312,1893.160081045924
12372,72,3,1196.04,3,3,3,333,9,Need Attention,0.6295123768171238,0.9503274431604207,458.15819107164356,1065.1486942117679
12373,311,3,927.6500000000001,2,3,3,233,8,At Risk,0.2878914374918041,0.888680026805889,314.07463827368775,336.1219091794705
12374,25,3,2669.22,4,3,4,434,11,Potential Loyalists,0.3546837135404501,0.968746754880648,703.4513068054501,926.6155595688886
12375,11,2,377.5,5,2,2,522,9,Potential Loyalists,0.8418882020057725,0.9207685857045534,231.15617462800003,709.6559659047867
12376,390,2,383.15,2,2,2,222,6,Hibernating,0.13871022601924712,0.4488171305628907,41.525465427597446,21.296773164550633
12377,315,4,3266.32,2,3,5,235,10,At Risk,0.41920531847500364,0.8328777993268655,728.6577261185076,1135.1915496839554
12378,130,2,5416.32,3,2,5,325,10,About to Sleep,0.21339813482295253,0.8980802509152845,4858.60563026403,3843.472713558594
12379,82,4,1470.22,3,3,4,334,10,Need Attention,0.5332779599647456,0.9703776662460993,407.4690411818076,806.9941626025078
12380,22,8,7210.65,4,4,5,445,13,Loyal Customers,0.8162352371459839,0.9899882865908547,979.3808727391526,2975.386705481839
12381,5,3,1474.81,5,3,4,534,12,Potential Loyalists,1.2622468317987299,0.9700774334792001,246.3350487725999,1138.9331748849786
12383,185,5,1628.56,3,4,4,344,11,Loyal Customers,0.8387964401994966,0.8339598129922383,281.38637274807763,874.1932631893853
12384,29,2,425.27000000000004,4,2,2,422,8,Potential Loyalists,0.7270522913675536,0.9076228744485954,261.88942749841004,695.6329226351957
12385,379,1,1668.4,2,1,4,214,7,Hibernating,0.13246540867576337,1.0,0.0,0.0
12386,338,2,401.9,2,2,2,222,6,Hibernating,0.17273328442311137,0.4997911755079425,177.6333307796105,113.30911553010299
12387,415,1,143.94,1,1,1,111,3,Hibernating,0.12256746065679384,1.0,0.0,0.0
12388,16,8,3901.11,5,4,5,545,14,Champions,1.0568276131297403,0.9916214804781911,504.43530470016157,1982.877260755334
12389,403,3,1433.33,2,3,4,234,9,At Risk,0.26393224910434554,0.7948489188042615,696.7693615280143,683.4964806381171
12390,80,1,504.84000000000003,3,1,2,312,6,About to Sleep,,1.0,0.0,0.0
12391,22,6,2724.84,4,4,4,444,12,Loyal Customers,0.568246453598675,0.9853876730034786,526.98367683038,1114.1467604403326
12392,591,1,234.75000000000003,1,1,1,111,3,Hibernating,0.08977957831606222,1.0,0.0,0.0
12393,72,6,2399.4500000000003,3,4,4,344,11,Loyal Customers,1.0083563602337113,0.9757507831603897,435.0233301046526,1627.640779127169
12394,64,2,1080.48,3,2,3,323,8,About to Sleep,0.47238270205546884,0.8943615314758104,887.7192048224972,1540.6797952615477
12395,19,15,4241.17,5,5,5,555,15,Champions,1.8341015516823134,0.9945366264875317,250.23144530727214,1708.0526108598624
12396,674,1,931.43,1,1,3,113,5,Hibernating,0.07972408628319635,1.0,0.0,0.0
12397,36,2,2214.9,4,2,4,424,10,Potential Loyalists,0.6729711895020509,0.9034411826839923,1342.651268293118,3304.4252404117933
12398,46,1,1435.66,4,1,4,414,9,Promising,,1.0,0.0,0.0
12399,119,7,1842.3,3,4,4,344,11,Loyal Customers,0.8220944330932265,0.9723917001075387,284.0825196144394,869.1016789152147
12400,414,1,205.25,1,1,1,111,3,Hibernating,0.12282237362526108,1.0,0.0,0.0
12401,303,1,69.3,2,1,1,211,4,Hibernating,0.15969766976244326,1.0,0.0,0.0
12402,323,6,1136.9,2,4,3,243,9,At Risk,0.5448456457056607,0.7862677694079659,199.7366777530017,405.014234710804
12403,50,2,947.36,4,2,3,423,9,Potential Loyalists,0.23336002484550383,0.9179016330953031,478.79014673197395,413.92063693501285
12405,149,1,1390.39,3,1,4,314,8,About to Sleep,0.2751941461173366,1.0,0.0,0.0
12406,22,5,6390.36,4,4,5,445,13,Loyal Customers,0.5421350764976373,0.9853890128950132,1440.9613368783012,2907.40663977131
12407,50,5,1507.1200000000001,4,4,4,444,12,Loyal Customers,1.2410220200090862,0.9731563199050632,339.66936980459235,1557.6018769873233
12408,33,8,3905.77,4,4,5,445,13,Loyal Customers,1.051931709729074,0.9878516054363982,640.3159019495963,2502.4520723882633
12409,79,7,23419.29,3,4,5,345,12,Loyal Customers,0.9327615058264587,0.9802749726577132,2852.9056680004787,9894.785176607738
12410,309,3,773.71,2,3,3,233,8,At Risk,0.20432760490214646,0.777659453397006,650.2933226199243,492.08880574325036
12411,410,1,346.9,1,1,2,112,4,Hibernating,0.1241130229591661,1.0,0.0,0.0
12412,75,6,2404.93,3,4,4,344,11,Loyal Customers,0.8257844784390359,0.9791704299774778,367.552869929658,1128.0359658442883
12413,67,4,871.45,3,3,3,333,9,Need Attention,0.683563416275038,0.9695975964272537,244.10381728394486,618.370045694937
12414,217,4,532.41,2,3,2,232,7,At Risk,0.5539132484200051,0.8883970118129695,157.86676804282584,324.4148998001974
12415,24,24,144033.37,4,5,5,455,14,Loyal Customers,2.8228372786951597,0.9942851462804524,7949.724459700765,83459.51644926246
12416,657,1,202.56,1,1,1,111,3,Hibernating,0.08170868571805895,1.0,0.0,0.0
12417,3,20,5998.41,5,5,5,555,15,Champions,2.2124847631491367,0.9973102489477914,303.99757948527997,2506.2597573959265
12418,113,4,2021.2,3,3,4,334,10,Need Attention,0.4579891926879188,0.9670003823956328,594.8556484047439,1012.9354423116564
12419,386,2,391.01,2,2,2,222,6,Hibernating,0.14094151674399527,0.4522540084160725,188.6527398072201,98.30023752465661
12420,64,1,600.39,3,1,2,312,6,About to Sleep,,1.0,0.0,0.0
12421,16,6,874.6,5,4,3,543,12,Champions,0.8832937392176075,0.9883598514521595,171.67924437556226,563.3352081067276
12422,96,12,3639.35,3,5,5,355,13,Loyal Customers,1.3095912697800787,0.9805569196169607,329.5864723534004,1607.8920572186441
12423,1,10,2301.39,5,5,4,554,14,Champions,1.6324892849673578,0.9946144753785279,231.39871345617476,1403.2605103438812
12424,163,4,3340.03,3,3,5,335,11,Need Attention,0.36588179026780127,0.9381094913417733,1586.7880414694985,2155.060831444721
12425,78,2,1741.41,3,2,4,324,9,About to Sleep,0.26355931676765726,0.9076047052389882,945.6013753191719,922.0596951973196
12426,195,2,1201.21,2,2,3,223,7,Hibernating,0.18142801310897788,0.8852434842909362,622.9264386612455,419.49940140832706
12427,22,3,699.8,4,3,3,433,10,Potential Loyalists,0.5307994691063228,0.9678930790270435,248.6518216023994,488.39022238546556
12428,26,8,6405.26,4,4,5,445,13,Loyal Customers,1.7005377791779523,0.9864741718697796,341.7431155592322,2149.9161844514065
12429,9,8,5842.41,5,4,5,545,14,Champions,0.8246022601350236,0.9891087792300626,919.7911265830992,2819.0814440776885
12430,43,1,216.4,4,1,1,411,6,Promising,,1.0,0.0,0.0
12431,36,25,10102.22,4,5,5,455,14,Loyal Customers,2.7932768162953345,0.9937086077069774,399.5757493623204,4157.950478502945
12432,43,4,4359.32,4,3,5,435,12,Potential Loyalists,0.5676112683970552,0.9031124462660824,1267.0532786674405,2636.2794907349366
12433,1,10,16794.14,5,5,5,555,15,Champions,1.432572850800968,0.9939103773509721,2126.990106183557,11319.84590723372
12434,85,3,1103.43,3,3,3,333,9,Need Attention,0.5101894558883509,0.9516584277265875,443.5455435304969,837.5529667391161
12435,80,6,13925.93,3,4,5,345,12,Loyal Customers,0.6236613122026965,0.9820930250358,2677.6038329997386,6218.390979017134
12436,100,1,429.01000000000005,3,1,2,312,6,About to Sleep,0.3569735431393624,1.0,0.0,0.0
12437,2,38,11282.4,5,5,5,555,15,Champions,3.77410012666101,0.9985120477256156,327.8460009984249,4611.292669882823
12438,14,2,2466.85,5,2,4,524,11,Potential Loyalists,0.6684844176625884,0.9198814252280629,2059.142930660846,5035.732347395188
12439,683,2,1142.88,1,2,3,123,6,Hibernating,0.05956539707765172,0.3158107496073789,97.13109867461205,21.49021379110075
12440,462,2,739.2,1,2,3,123,6,Hibernating,0.14191027695559216,0.744780995434756,308.0377437667839,162.35679609689177
12441,367,1,155.55,2,1,1,211,4,Hibernating,0.1364447129360252,1.0,0.0,0.0
12442,3,1,144.06,5,1,1,511,7,New Customers,,1.0,0.0,0.0
12443,732,1,365.31,1,1,2,112,4,Hibernating,0.07393765701024829,1.0,0.0,0.0
12444,21,5,4085.46,4,4,5,445,13,Loyal Customers,1.7441414021718094,0.9803336570595408,579.9945954465418,3723.982751498566
12445,22,2,378.98,4,2,2,422,8,Potential Loyalists,0.28346052520673093,0.9228836982018004,98.19671185530396,102.92213228313612
12446,58,1,1002.3100000000001,4,1,3,413,8,Promising,,1.0,0.0,0.0
12447,243,1,431.49,2,1,2,212,5,Hibernating,0.19065415530114393,1.0,0.0,0.0
12448,44,1,365.45,4,1,2,412,7,Promising,,1.0,0.0,0.0
12449,22,5,4274.89,4,4,5,445,13,Loyal Customers,0.8205961531323966,0.984307801718486,940.9712185739903,2864.7421481880474
12450,156,5,688.2,3,4,3,343,10,Loyal Customers,0.7311033210948018,0.9397776878294307,142.0539913194934,385.5347323838235
12451,11,8,12629.88,5,4,5,545,14,Champions,0.9999336460163885,0.9907720684118635,1799.2849546510877,6687.009226391579
12452,17,1,348.57,5,1,2,512,8,New Customers,,1.0,0.0,0.0
12453,134,1,707.09,3,1,3,313,7,About to Sleep,0.29445651294201736,1.0,0.0,0.0
12454,56,4,16459.78,4,3,5,435,12,Potential Loyalists,0.6589135214002537,0.972686735261958,4150.9970896785135,10139.88595734435
12455,73,9,5722.95,3,5,5,355,13,Loyal Customers,0.9777901633221171,0.9859116515949329,522.6563697477131,1903.4459514604073
12456,44,3,2581.04,4,3,4,434,11,Potential Loyalists,0.7186123392483822,0.9585176476024155,988.3595948275304,2619.403606660797
12457,66,7,2555.91,3,4,4,344,11,Loyal Customers,1.1739993593567737,0.9789996557878466,351.35378704931605,1531.0318675777598
12458,71,4,1502.49,3,3,4,334,10,Need Attention,0.5791772910875157,0.9711649548480797,410.7035055835633,882.8194783573307
12459,605,1,398.36,1,1,2,112,4,Hibernating,0.08790925800881981,1.0,0.0,0.0
12460,456,1,296.65,1,1,2,112,4,Hibernating,0.11295617413277576,1.0,0.0,0.0
12461,155,1,626.88,3,1,3,313,7,About to Sleep,0.2676912045258968,1.0,0.0,0.0
12462,19,2,937.59,5,2,3,523,10,Potential Loyalists,0.37335855186292666,0.9224296006457305,420.3993881263327,578.5814586358409
12463,53,4,1200.78,4,3,3,433,10,Potential Loyalists,1.0389106863991548,0.9651336235262513,314.91877039503,1207.2793019889107
12464,10,8,957.05,5,4,3,543,12,Champions,1.5879780790797118,0.9901272827298057,135.91957426534762,799.0403486875655
12465,17,2,682.1899999999999,5,2,3,523,10,Potential Loyalists,0.5852070613327472,0.9193150115795176,332.93434262476774,714.0671703266709
12467,423,1,132.8,1,1,1,111,3,Hibernating,0.12056565478438827,1.0,0.0,0.0
12468,188,5,3238.74,2,4,5,245,11,At Risk,0.5346312408629331,0.9526126436834443,741.5941242392147,1475.3972300341381
12469,523,2,3070.54,1,2,5,125,8,Hibernating,0.0741305096679538,0.2990459336246944,1353.0773245269334,371.68018242226543
12470,690,1,211.95,1,1,1,111,3,Hibernating,0.07814246119695238,1.0,0.0,0.0
12471,2,71,35099.9,5,5,5,555,15,Champions,5.040601591024312,0.9988058724344155,777.020847251267,14596.771130499155
12472,32,19,14971.289999999999,4,5,5,455,14,Loyal Customers,2.114780976456527,0.9942940423096894,772.9549479371308,6090.644500538017
12473,54,3,2585.73,4,3,4,434,11,Potential Loyalists,0.8864071886428371,0.9485543082421928,1095.2542882535274,3571.163856400768
12474,17,29,11310.75,5,5,5,555,15,Champions,3.3963699499550253,0.9966465932419142,416.52945578989596,5269.239321697869
12475,54,2,1065.64,4,2,3,423,9,Potential Loyalists,0.2872047204511633,0.9138758157077917,815.0395422030326,865.3344255398013
12476,16,18,12319.91,5,5,5,555,15,Champions,2.479959829755829,0.9951564004144852,756.643861752591,6975.942920173497
12477,23,9,20276.37,4,5,5,455,14,Loyal Customers,1.1240036006400784,0.9919388819753239,2333.153920944715,9759.355763751566
12478,4,1,545.99,5,1,2,512,8,New Customers,,1.0,0.0,0.0
12479,11,1,473.2,5,1,2,512,8,New Customers,,1.0,0.0,0.0
12480,28,7,4834.85,4,4,5,445,13,Loyal Customers,1.0360479679140489,0.9885026742010151,762.23531159376,2934.308635414404
12481,23,14,11033.51,4,5,5,455,14,Loyal Customers,1.5522533218693622,0.9935557496512549,745.2188978114982,4304.962976331564
12482,576,27,21941.72,1,5,5,155,11,Cannot Lose Them,0.021383066896327043,0.036620801819860986,4053.4238850012407,322.4507509451108
12483,17,19,4069.1800000000003,5,5,5,555,15,Champions,2.134193915821745,0.9957872493748937,228.88473680106893,1819.3854311997654
12484,35,9,5557.1,4,5,5,455,14,Loyal Customers,1.035346106909756,0.9907839082416615,638.5458878593638,2461.589824942954
12485,529,1,708.1,1,1,3,113,5,Hibernating,0.09911913650487614,1.0,0.0,0.0
12486,432,1,917.28,1,1,3,113,5,Hibernating,0.11862823222691524,1.0,0.0,0.0
12487,731,1,285.29999999999995,1,1,1,111,3,Hibernating,0.07412316681440967,1.0,0.0,0.0
12488,10,3,1244.66,5,3,4,534,12,Potential Loyalists,1.6545657076937594,0.9663640150839122,380.6311948404099,2298.3395414418455
12489,336,1,298.93,2,1,2,212,5,Hibernating,0.1466091777420018,1.0,0.0,0.0
12490,5,20,8764.64,5,5,5,555,15,Champions,2.1984012970637172,0.9971758219653836,437.50520815445867,3584.111163016823
12491,39,1,424.40000000000003,4,1,2,412,7,Promising,,1.0,0.0,0.0
12492,63,3,607.21,3,3,3,333,9,Need Attention,0.4899319182750211,0.9589692672007183,126.46533209886053,229.4319024103393
12493,166,2,379.74,3,2,2,322,7,About to Sleep,0.4023104998561027,0.7076611178054222,226.36091531488637,334.2633720223532
12494,16,9,1563.27,5,5,4,554,14,Champions,1.20720576528418,0.9925288636800083,163.06190191848864,732.2077601973896
12495,641,1,277.4,1,1,1,111,3,Hibernating,0.08355763297753949,1.0,0.0,0.0
12496,620,2,45.34,1,2,1,121,4,Hibernating,0.08598996422174446,1.0,0.0,0.0
12497,82,3,5996.5,3,3,5,335,11,Need Attention,0.3241804269776905,0.9613735777910939,2711.3539546576344,3266.4574495220027
12498,21,3,349.70000000000005,4,3,2,432,9,Potential Loyalists,1.105142838334187,0.9036838132339365,172.12362626580568,690.8056642726161
12499,560,1,357.72,1,1,2,112,4,Hibernating,0.0942183625088695,1.0,0.0,0.0
12500,23,18,5559.21,4,5,5,455,14,Loyal Customers,2.022538178928728,0.994957062845015,331.8294934466147,2499.5547790325336
12501,337,1,2025.39,2,1,4,214,7,Hibernating,0.1466091777420018,1.0,0.0,0.0
12502,96,5,2995.87,3,4,5,345,12,Loyal Customers,1.0669708443589103,0.9512987058812291,651.9687907532144,2573.7682766694315
12503,584,1,896.0,1,1,3,113,5,Hibernating,0.09074491708452223,1.0,0.0,0.0
12504,18,4,689.05,5,3,3,533,11,Potential Loyalists,0.4883161998699007,0.9805757642254983,203.95611636718604,370.16175217569867
12505,409,1,787.2,2,1,3,213,6,Hibernating,0.12437441721936675,1.0,0.0,0.0
12506,233,1,73.5,2,1,1,211,4,Hibernating,0.1976816266039703,1.0,0.0,0.0
12507,134,4,1508.06,3,3,4,334,10,Need Attention,0.486821491115645,0.9598201548821745,373.87520030011603,676.3786690814613
12508,26,2,397.88,4,2,2,422,8,Potential Loyalists,1.4013148033530975,0.8812649661218978,153.51172332576618,778.3621512431521
12509,284,1,158.5,2,1,1,211,4,Hibernating,0.1683524837790575,1.0,0.0,0.0
12510,143,7,3039.03,3,4,5,345,12,Loyal Customers,0.726912204305407,0.9702347971730102,466.6887109217418,1263.4264197592538
12511,429,1,3084.02,1,1,5,115,7,Hibernating,0.11934741925685605,1.0,0.0,0.0
12512,66,2,132.18,3,2,1,321,6,About to Sleep,,1.0,0.0,0.0
12513,113,1,558.29,3,1,2,312,6,About to Sleep,0.3308703655676753,1.0,0.0,0.0
12514,267,2,1597.76,2,2,4,224,8,Hibernating,0.18028701408067085,0.8542787985490529,1236.8043954246175,827.4598243920873
12515,353,1,278.7,2,1,1,211,4,Hibernating,0.1406707393714743,1.0,0.0,0.0
12516,78,4,2288.62,3,3,4,334,10,Need Attention,0.48216716883538013,0.9726241235040444,630.9160338028728,1130.674621769739
12517,28,4,2301.6,4,3,4,434,11,Potential Loyalists,1.2575777521141116,0.9732181922532369,550.4932351220212,2549.231754404923
12518,1,5,1840.89,5,4,4,544,13,Champions,2.3713421785912883,0.9872346745182615,406.64593795313175,3536.7572934604714
12519,64,2,626.54,3,2,3,323,8,About to Sleep,0.2514654919631153,0.9131986841959708,339.7034081702993,316.2163920232723
12520,79,5,2346.2599999999998,3,4,4,344,11,Loyal Customers,1.1875888953471323,0.9567744802171789,379.6660700000712,1666.522067762501
12521,143,1,545.68,3,1,2,312,6,About to Sleep,0.2831310547292006,1.0,0.0,0.0
12522,39,2,156.72,4,2,1,421,7,Potential Loyalists,1.1133510390540642,0.8653811876318933,107.78723048153121,435.4974354420718
12523,19,23,4010.35,5,5,5,555,15,Champions,2.5507656580725224,0.9962821589485771,180.49645648092098,1715.64783149285
12524,9,17,9794.11,5,5,5,555,15,Champions,1.9137407140251226,0.9961426848646274,628.0195722009662,4475.925475208325
12525,498,3,883.73,1,3,3,133,7,At Risk,0.1946075798359395,0.5795608450075275,225.10070300160072,162.8000662389338
12526,1,3,1172.66,5,3,3,533,11,Potential Loyalists,1.4640484876606592,0.9717505531517948,379.03738658161166,2028.6910978637143
12527,82,5,717.51,3,4,3,343,10,Loyal Customers,0.6882015396297183,0.9749657729230987,109.62430504807095,280.27922231181503
12528,9,6,1645.48,5,4,4,544,13,Champions,1.3363218849159009,0.9885187782187022,250.6607121141961,1239.8514120081948
12529,528,1,316.48,1,1,2,112,4,Hibernating,0.09928573305218753,1.0,0.0,0.0
12530,60,9,3381.26,3,5,5,355,13,Loyal Customers,1.088441197999051,0.9871022731391301,391.5186007277638,1586.1546849632382
12531,15,2,1771.2,5,2,4,524,11,Potential Loyalists,0.18373857041559988,0.9260983180241444,156.10310083335793,106.49284493944981
12532,30,1,313.83000000000004,4,1,2,412,7,Promising,,1.0,0.0,0.0
12533,628,2,1223.89,1,2,4,124,7,Hibernating,0.09393956808112165,0.5062515320600846,491.22633692027614,171.42548112629072
12534,131,1,981.18,3,1,3,313,7,About to Sleep,0.30046703383773254,1.0,0.0,0.0
12535,92,2,716.35,3,2,3,323,8,About to Sleep,0.5094959207375662,0.8585587912227806,422.1189003042674,788.9598099087209
12536,59,1,4279.71,4,1,5,415,10,Promising,,1.0,0.0,0.0
12537,409,1,612.94,1,1,3,113,5,Hibernating,0.12437441721936675,1.0,0.0,0.0
12538,29,2,640.45,4,2,3,423,9,Potential Loyalists,0.3094592159515327,0.9203169951724032,445.1870038181095,508.9111739507164
12539,22,7,11186.75,4,4,5,445,13,Loyal Customers,0.6444458041187452,0.9882370414596401,1251.8883572183977,3003.7392482442474
12540,20,32,19250.49,4,5,5,455,14,Loyal Customers,3.4529964612517583,0.9967056862258089,634.5369603428421,8165.258905047799
12541,30,3,841.18,4,3,3,433,10,Potential Loyalists,0.6685731675313793,0.964526608684152,306.97096366316777,757.566995665044
12542,484,2,481.88,1,2,2,122,5,Hibernating,0.13759952299988393,0.6510837279974808,146.25828815264737,74.68159009330438
12543,448,1,840.25,1,1,3,113,5,Hibernating,0.11471126159373925,1.0,0.0,0.0
12544,36,1,316.7,4,1,2,412,7,Promising,,1.0,0.0,0.0
12545,75,2,832.39,3,2,3,323,8,About to Sleep,0.4104080971091748,0.8927531176998951,353.50794255653557,533.9753006709205
12546,47,2,1021.5,4,2,3,423,9,Potential Loyalists,0.9128601963934957,0.8693996386632299,422.6032699318547,1404.019148487911
12547,198,3,299.58,2,3,2,232,7,At Risk,0.3877130388892622,0.9162309168007432,85.1632424782506,122.47866133415954
12548,166,1,67.19999999999999,3,1,1,311,5,About to Sleep,0.253851978558952,1.0,0.0,0.0
12549,576,5,1570.68,1,4,4,144,9,At Risk,0.10357410925094003,0.23977598838093755,359.5253609684759,138.54106890021538
12550,79,1,824.83,3,1,3,313,7,About to Sleep,,1.0,0.0,0.0
12551,358,1,168.0,2,1,1,211,4,Hibernating,0.13934277869762166,1.0,0.0,0.0
12552,40,1,317.82,4,1,2,412,7,Promising,,1.0,0.0,0.0
12553,8,12,4104.75,5,5,5,555,15,Champions,2.1407301812160417,0.9946957864720339,334.79716520338826,2660.9960190063703
12554,449,1,384.5,1,1,2,112,4,Hibernating,0.11471126159373925,1.0,0.0,0.0
12556,50,2,599.56,4,2,2,422,8,Potential Loyalists,0.6155571867347903,0.8925511285407831,356.62001741378356,803.6587935039006
12557,16,8,18096.14,5,4,5,545,14,Champions,0.868870784526852,0.9918067486522367,2365.6062949269212,7654.953830515239
12558,8,1,269.96,5,1,1,511,7,New Customers,,1.0,0.0,0.0
12559,311,2,525.71,2,2,2,222,6,Hibernating,0.1729130443717068,0.44577195342136083,96.01704853116141,61.23075255542385
12560,5,2,1918.01,5,2,4,524,11,Potential Loyalists,0.6628141808094933,0.9254417311573299,762.1463788705066,1848.426666858474
12561,303,1,238.85,2,1,1,211,4,Hibernating,0.16013091477021021,1.0,0.0,0.0
12562,8,9,4426.92,5,5,5,555,15,Champions,1.5487609811599357,0.9929990008186762,516.3183722194167,2968.8536788460615
12563,409,1,221.24,1,1,1,111,3,Hibernating,0.12437441721936675,1.0,0.0,0.0
12564,261,1,402.9,2,1,2,212,5,Hibernating,0.18017458714487744,1.0,0.0,0.0
12565,289,1,145.92,2,1,1,211,4,Hibernating,0.16645324129051906,1.0,0.0,0.0
12566,86,1,297.65,3,1,2,312,6,About to Sleep,,1.0,0.0,0.0
12567,23,15,10741.48,4,5,5,455,14,Loyal Customers,1.6731814427904534,0.9944124746209846,799.8627680828698,4983.677409278972
12568,645,1,52.0,1,1,1,111,3,Hibernating,0.08308759248642612,1.0,0.0,0.0
12569,2,32,3152.69,5,5,5,555,15,Champions,7.283622911876351,0.9977748084088328,118.17143990617856,3184.5878382794117
12571,40,2,519.61,4,2,2,422,8,Potential Loyalists,0.7184639482732011,0.8969015319281217,332.94645186545745,873.9284664515645
12572,9,2,912.42,5,2,3,523,10,Potential Loyalists,1.1832317800228127,0.919697819575321,529.6247391472543,2274.1769779995593
12573,227,5,717.41,2,4,3,243,9,At Risk,0.6716966476875215,0.8489869689630967,148.74798878391778,370.84737817368284
12574,316,1,182.45000000000002,2,1,1,211,4,Hibernating,0.15467603554986553,1.0,0.0,0.0
12575,457,2,568.8199999999999,1,2,2,122,5,Hibernating,0.13077307211505543,0.5187713512213176,322.96843753716036,156.4800842429417
12576,36,8,2062.72,4,4,4,444,12,Loyal Customers,1.1538133744587478,0.9888423714049149,259.5532136451456,1113.1788264431807
12577,35,8,1613.15,4,4,4,444,12,Loyal Customers,0.5151673964461265,0.9843175447130145,367.57975829546433,704.9968231915186
12578,21,4,4026.4500000000003,4,3,5,435,12,Potential Loyalists,0.6347898780197483,0.9795233659532914,1107.7447393671594,2607.9095443137026
12579,78,1,386.42,3,1,2,312,6,About to Sleep,,1.0,0.0,0.0
12580,247,2,962.9,2,2,3,223,7,Hibernating,0.1981095330441675,0.8523450616600934,464.2590579043569,341.016389737854
12581,40,1,179.71,4,1,1,411,6,Promising,,1.0,0.0,0.0
12582,239,4,1820.4,2,3,4,234,9,At Risk,0.4668654095161211,0.9105425449671488,349.27345355941026,605.919374491589
12583,3,27,12493.58,5,5,5,555,15,Champions,3.0027267640500357,0.9980581669986542,455.0420615781423,5091.848511860655
12584,4,9,2254.15,5,5,4,554,14,Champions,2.246870298886567,0.9934313912971728,240.00212513900968,1995.409560832723
12585,234,2,1824.1,2,2,4,224,8,Hibernating,0.2736531861843466,0.7642496558806222,814.8821220740667,823.1659932520415
12586,17,4,2062.67,5,3,4,534,12,Potential Loyalists,0.40975992175697484,0.9809782341804058,581.7833163477577,887.1304835066908
12587,8,1,104.0,5,1,1,511,7,New Customers,,1.0,0.0,0.0
12588,39,3,718.78,4,3,3,433,10,Potential Loyalists,0.3492112933040524,0.9669471835307862,259.37579607225143,336.42598831823227
12589,29,6,3294.91,4,4,5,445,13,Loyal Customers,0.547563648285218,0.9848025691396578,689.2915513133531,1404.6011764290918
12590,211,1,9341.26,2,1,5,215,8,Hibernating,0.2126481454511656,1.0,0.0,0.0
12591,317,3,1114.95,2,3,3,233,8,At Risk,0.321747521552807,0.6365040059866445,298.875951269684,356.12063435449716
12592,92,4,1723.6399999999999,3,3,4,334,10,Need Attention,0.39140794032840015,0.956073545732958,221.97881053591348,322.3763502434741
12593,109,3,382.09999999999997,3,3,2,332,8,Need Attention,0.7642719052427516,0.9042497414836417,101.75856558532499,286.4218811255054
12594,38,14,4890.110000000001,4,5,5,455,14,Loyal Customers,1.7167509109221795,0.9923685434291326,372.2696881342189,2379.472484589474
12595,505,1,281.02,1,1,1,111,3,Hibernating,0.10345921847442323,1.0,0.0,0.0
12596,51,2,450.27,4,2,2,422,8,Potential Loyalists,0.43914091263808325,0.9051371117342824,290.6367648957125,469.4269760168477
12597,19,4,3195.22,5,3,5,535,13,Potential Loyalists,0.9675300865358252,0.9782546774140266,979.102233970419,3498.843101528182
12598,10,10,4192.09,5,5,5,555,15,Champions,1.2122965986413723,0.9939130702174301,410.2048509894373,1851.199798405224
12599,29,13,2026.72,4,5,4,454,13,Loyal Customers,1.7629904628396187,0.9928273088689136,132.50099858975793,869.1156397491848
12600,29,20,4385.85,4,5,5,455,14,Loyal Customers,2.2100335517506444,0.9949559716891785,219.8917944978205,1810.841404357244
12601,190,6,573.26,2,4,2,242,8,At Risk,0.9118356201811115,0.8393529193010864,101.69314726406766,343.91744895365576
12602,59,1,153.12,4,1,1,411,6,Promising,,1.0,0.0,0.0
12603,22,1,613.1999999999999,4,1,3,413,8,Promising,,1.0,0.0,0.0
12604,79,2,236.18,3,2,1,321,6,About to Sleep,0.40684026711671384,0.8904543464035656,96.11392245667885,143.9293545850825
12605,376,3,1124.95,2,3,3,233,8,At Risk,0.24353815801608347,0.5327298338074681,497.12159984515097,448.77479338864487
12607,60,1,1579.51,3,1,4,314,8,About to Sleep,,1.0,0.0,0.0
12608,405,1,415.79,2,1,2,212,5,Hibernating,0.12543110703408036,1.0,0.0,0.0
12609,78,9,3021.86,3,5,5,355,13,Loyal Customers,0.9793800818104238,0.9850003858240296,348.96712538658016,1272.9392523636593
12610,23,4,1747.54,4,3,4,434,11,Potential Loyalists,1.6792972194045117,0.9725816157742325,324.32490428985096,1998.3994812654894
12611,52,1,1193.32,4,1,3,413,8,Promising,,1.0,0.0,0.0
12612,74,1,668.0400000000001,3,1,3,313,7,About to Sleep,,1.0,0.0,0.0
12613,57,9,6277.37,4,5,5,455,14,Loyal Customers,0.8619089898426923,0.9876126468963138,743.3474132180306,2386.2080014188396
12614,278,1,315.6,2,1,2,212,5,Hibernating,0.17178271459109357,1.0,0.0,0.0
12615,2,8,5362.98,5,4,5,545,14,Champions,0.8539990021561253,0.9915955578520967,722.8502683110357,2296.9740871048994
12616,95,3,1023.1,3,3,3,333,9,Need Attention,0.500512734463074,0.9482676177923341,353.2626042245515,654.5184446474559
12617,29,1,352.98,4,1,2,412,7,Promising,,1.0,0.0,0.0
12618,22,1,137.31,4,1,1,411,6,Promising,,1.0,0.0,0.0
12619,16,9,3085.7,5,5,5,555,15,Champions,1.2379540618012042,0.9923819369566722,376.86198144357826,1735.0427257409829
12620,15,3,1303.41,5,3,4,534,12,Potential Loyalists,0.8603816410498373,0.9675342395856255,408.27911267688233,1292.919927205344
12621,2,35,22097.2,5,5,5,555,15,Champions,3.8838896510656866,0.9984129889679846,709.2254314835303,10260.236543221887
12622,232,1,162.1,2,1,1,211,4,Hibernating,0.1976816266039703,1.0,0.0,0.0
12623,276,7,3315.84,2,4,5,245,11,At Risk,0.6737465393868445,0.8554087063653377,329.5353828145499,826.6152639878026
12624,106,2,569.13,3,2,2,322,7,About to Sleep,0.511281111501093,0.8306592048393483,374.03310552554467,701.1925140275466
12625,212,4,4678.88,2,3,5,235,10,At Risk,0.4638779023800614,0.9315018194252771,1345.7645158026987,2320.205403377982
12626,23,9,5954.48,4,5,5,455,14,Loyal Customers,1.9746532997633617,0.989712913683762,639.6997611996968,4679.781486484759
12627,11,6,4082.53,5,4,5,545,14,Champions,2.4568047230374472,0.9866977867730952,702.5138651829495,6345.666552863795
12628,4,3,732.46,5,3,3,533,11,Potential Loyalists,1.802005395905471,0.9693068774734318,230.31481111973105,1512.9193130902759
12629,386,2,1198.22,2,2,3,223,7,Hibernating,0.1486539418117251,0.48697609557605354,747.8090378939244,411.0688317970875
12630,10,2,1030.88,5,2,3,523,10,Potential Loyalists,1.2686967624790364,0.9177040337118362,548.2850790500526,2521.8070333372025
12631,57,6,3321.57,4,4,5,445,13,Loyal Customers,0.5429609511983657,0.9817073380577552,676.2172149927554,1366.4243414514228
12632,521,2,714.88,1,2,3,123,6,Hibernating,0.09628549316160288,0.4065067659420426,458.0349081898609,163.49095218308875
12633,59,7,5156.16,4,4,5,445,13,Loyal Customers,0.9994918360493228,0.9836597689346751,536.1416471303095,1991.5793274826178
12634,548,1,360.0,1,1,2,112,4,Hibernating,0.09605679660467623,1.0,0.0,0.0
12635,90,4,2624.41,3,3,4,334,10,Need Attention,0.6101307550075911,0.9655806906797972,696.7094278482124,1576.8594757124956
12637,67,12,8085.8099999999995,3,5,5,355,13,Loyal Customers,1.5524622512415778,0.9833499654725075,752.2695998146273,4343.0593417989
12638,33,2,681.49,4,2,3,423,9,Potential Loyalists,0.195280662971538,0.9227052923717939,624.0889257674548,452.2478782492958
12639,239,3,1072.3700000000001,2,3,3,233,8,At Risk,0.3170911911231261,0.917801132483535,472.3819713056608,556.5452094795849
12640,24,3,994.58,4,3,3,433,10,Potential Loyalists,1.5688390078641836,0.9557788411728654,177.28097823332794,1015.5831451477899
12641,115,1,145.9,3,1,1,311,5,About to Sleep,0.3253814831994877,1.0,0.0,0.0
12642,25,3,905.26,4,3,3,433,10,Potential Loyalists,1.333051897000905,0.9574508080978628,316.8460024625259,1545.7279422544352
12643,128,11,7803.82,3,5,5,355,13,Loyal Customers,1.235296359483683,0.9601728436826428,633.8578352552095,2913.7651995969204
12644,130,4,1900.49,3,3,4,334,10,Need Attention,0.4188158644277822,0.9657481925499253,436.0696334082726,679.4617051525757
12645,34,8,3215.3,4,4,5,445,13,Loyal Customers,0.931268777649295,0.9900481601459238,422.12426203339703,1463.409667476877
12646,5,2,1346.97,5,2,4,524,11,Potential Loyalists,1.2098332432868446,0.9240654456202281,749.5285500718591,3289.9772853921518
12647,22,35,14109.55,4,5,5,455,14,Loyal Customers,3.7372775968352867,0.9961447462175154,420.5511556016541,5855.635759939598
12648,155,4,1039.0,3,3,3,333,9,Need Attention,0.4128600149710636,0.9607972973612373,296.5311587631675,455.49807160521016
12649,107,8,2096.65,3,4,4,344,11,Loyal Customers,0.7700095563286532,0.9776271045005713,314.1263815703131,900.5448509552292
12650,3,1,242.44000000000003,5,1,1,511,7,New Customers,,1.0,0.0,0.0
12651,335,4,377.75,2,3,2,232,7,At Risk,0.3649304746054033,0.587514224618297,99.9507457243001,135.32516666551533
12652,331,2,891.03,2,2,3,223,7,Hibernating,0.20199337682172722,0.6766194438600689,965.9206811964564,721.6508621828506
12653,149,3,4160.83,3,3,5,335,11,Need Attention,0.3806461690573601,0.9409329401837805,1212.3581177427545,1712.4526880460896
12654,11,5,529.98,5,4,2,542,11,Champions,0.8969556076563434,0.980529614350187,136.26946361841166,451.81329785302506
12655,424,1,243.35000000000002,1,1,1,111,3,Hibernating,0.12056565478438827,1.0,0.0,0.0
12656,17,8,5723.83,5,4,5,545,14,Champions,1.0902783714459947,0.9913597734140949,719.111481656798,2915.5695774891224
12657,11,4,1427.18,5,3,4,534,12,Potential Loyalists,1.6176282364398569,0.9651474177209449,484.40399580071966,2860.475474575037
12658,19,1,632.05,5,1,3,513,9,New Customers,,1.0,0.0,0.0
12659,30,1,73.68,4,1,1,411,6,Promising,,1.0,0.0,0.0
12660,11,1,227.1,5,1,1,511,7,New Customers,,1.0,0.0,0.0
12661,436,1,162.0,1,1,1,111,3,Hibernating,0.11744867049483318,1.0,0.0,0.0
12662,1,20,6130.54,5,5,5,555,15,Champions,2.457541128450226,0.9973608176246197,319.41721500054115,2922.2122782007586
12663,625,2,185.4,1,2,1,121,4,Hibernating,0.07050351950059194,0.3468461990129434,86.39020218286511,22.609746292296663
12664,8,11,5420.04,5,5,5,555,15,Champions,1.2067111086680236,0.99462130589562,504.24845872491125,2266.7119343460786
12665,325,3,259.6,2,3,1,231,6,At Risk,0.2863142790739753,0.8790209725367805,61.612123877451936,65.57326348182269
12666,394,1,1248.42,2,1,4,214,7,Hibernating,0.12815315705728378,1.0,0.0,0.0
12667,58,1,460.13,4,1,2,412,7,Promising,,1.0,0.0,0.0
12668,12,9,9906.03,5,5,5,555,15,Champions,1.043335746284231,0.9930724334272703,1071.834910820022,4163.659875629077
12669,151,2,1427.73,3,2,4,324,9,About to Sleep,0.3796306158074479,0.8181579191274987,488.1505897850973,681.9789950993058
12670,10,7,3436.29,5,4,5,545,14,Champions,0.8125682379579817,0.9909666198159741,554.8377417668505,1678.1003054668506
12671,606,1,2622.48,1,1,4,114,6,Hibernating,0.08777864240746369,1.0,0.0,0.0
12672,330,2,407.05,2,2,2,222,6,Hibernating,0.1814244949207172,0.8036840842932059,278.01893609706497,187.06583256360867
12673,5,3,1140.02,5,3,3,533,11,Potential Loyalists,0.49818175908628787,0.9709483883761296,316.68716933707867,584.1803229211607
12674,39,4,1844.6,4,3,4,434,11,Potential Loyalists,1.1745904964324694,0.9697290324545983,459.17800599411964,1987.5508427696677
12675,554,2,873.25,1,2,3,123,6,Hibernating,0.07478173878597115,0.3227437792123511,19.91047079651708,5.520760427915228
12676,25,10,2333.09,4,5,4,454,13,Loyal Customers,1.4101629867482184,0.9910351449425773,240.58225636438195,1260.4752896848104
12677,555,2,359.1,1,2,2,122,5,Hibernating,0.11112057359485077,0.5451733557807651,230.18743537282552,94.94814393452965
12678,42,15,32595.18,4,5,5,455,14,Loyal Customers,1.5928906035572763,0.9920579053033165,2375.5660693624745,14095.12200873973
12679,59,4,951.02,4,3,3,433,10,Potential Loyalists,0.91429295524209,0.9661253989632795,82.33105397775608,278.1534984697817
12680,1,4,790.81,5,3,3,533,11,Potential Loyalists,1.8206747139435868,0.9824154389645052,183.56554319112925,1225.1904690320034
12681,15,44,26936.76,5,5,5,555,15,Champions,4.731869263660815,0.9975858852248878,636.8008082254948,11229.373935571173
12682,4,51,20736.22,5,5,5,555,15,Champions,5.226867387328671,0.9987844641719531,444.4571712691644,8658.324346040778
12683,4,20,10445.7,5,5,5,555,15,Champions,1.8903363721002095,0.996761172732234,646.228455387819,4551.5183795728035
12684,8,6,2073.63,5,4,4,544,13,Champions,1.813115055379094,0.9884275019083124,336.5695062768166,2251.621367186503
12685,28,6,2575.08,4,4,4,444,12,Loyal Customers,3.1369630974027927,0.9697855412304363,431.7471999591776,4963.226260753234
12686,372,1,71.14,2,1,1,211,4,Hibernating,0.13488621606882953,1.0,0.0,0.0
12687,481,1,1858.91,1,1,4,114,6,Hibernating,0.10799919163256087,1.0,0.0,0.0
12688,114,1,4873.8099999999995,3,1,5,315,9,About to Sleep,0.3290202054615156,1.0,0.0,0.0
12689,26,2,1139.61,4,2,3,423,9,Potential Loyalists,0.706854518422292,0.9109193539675643,809.2271066719857,2090.690994175386
12690,206,1,335.01,2,1,2,212,5,Hibernating,0.21735057721432427,1.0,0.0,0.0
12691,28,6,1044.4,4,4,3,443,11,Loyal Customers,1.035776578680644,0.9860036160196111,193.0227867527872,741.7306514553463
12692,637,1,110.95,1,1,1,111,3,Hibernating,0.0839136696563527,1.0,0.0,0.0
12693,127,7,1415.02,3,4,4,344,11,Loyal Customers,0.9796659874617043,0.9592413470853263,159.52485276715734,580.8026046676273
12694,70,3,1663.35,3,3,4,334,10,Need Attention,0.47120778091483884,0.9578060689625747,419.1893052938105,731.6876800258563
12695,7,7,1371.1200000000001,5,4,4,544,13,Champions,0.8138825760146908,0.9912108429719411,151.24961660825502,458.1885382402148
12696,435,2,731.91,1,2,3,123,6,Hibernating,0.14221505634515758,0.5469872844985163,555.1510185211016,292.42081624092503
12697,29,3,757.59,4,3,3,433,10,Potential Loyalists,0.9822784969008154,0.9606556418912408,246.89370321382813,891.0901921894929
12698,590,1,285.75,1,1,2,112,4,Hibernating,0.08991622392861959,1.0,0.0,0.0
12699,418,1,566.11,1,1,2,112,4,Hibernating,0.12206079834985283,1.0,0.0,0.0
12700,8,4,4525.99,5,3,5,535,13,Potential Loyalists,1.1539041166541912,0.9807254869392138,1254.5943775287053,5336.65154547903
12701,80,6,2248.41,3,4,4,344,11,Loyal Customers,0.7153827380237368,0.9803712330928559,360.7229363689461,960.0634657863923
12702,20,1,201.0,4,1,1,411,6,Promising,,1.0,0.0,0.0
12703,71,4,898.53,3,3,3,333,9,Need Attention,0.428409294011206,0.9748503928513947,141.0893110092116,224.8532566758436
12704,7,8,1740.84,5,4,4,544,13,Champions,2.5403384722837865,0.9899017220289833,249.7456965232379,2336.996393384211
12705,15,13,11114.1,5,5,5,555,15,Champions,1.745521177362925,0.9941194902054282,884.2680054332619,5739.611988839318
12707,292,1,603.42,2,1,2,212,5,Hibernating,0.16505672975358093,1.0,0.0,0.0
12708,30,18,4559.66,4,5,5,455,14,Loyal Customers,2.0121619238560404,0.9945683617447382,260.0695549476627,1949.736002414093
12709,15,32,29487.18,5,5,5,555,15,Champions,3.237085280084094,0.9970903137592375,1016.8324541879729,12266.161450720472
12710,97,3,1023.02,3,3,3,333,9,Need Attention,0.819799510333338,0.9116011206328991,207.99054148790427,627.5027666714622
12711,612,2,1213.05,1,2,4,124,7,Hibernating,0.08300590297868114,0.4128069118125829,895.4085726604446,275.9244825007202
12712,29,21,5985.03,4,5,5,455,14,Loyal Customers,2.328496356810432,0.9950285693784947,287.04606606066875,2490.573622478791
12713,1,1,794.55,5,1,3,513,9,New Customers,,1.0,0.0,0.0
12714,9,12,12815.710000000001,5,5,5,555,15,Champions,1.3056224546617161,0.9950101988549591,1132.7324257254584,5509.880313217543
12715,106,1,263.36,3,1,1,311,5,About to Sleep,0.3424252436554604,1.0,0.0,0.0
12716,4,2,963.49,5,2,3,523,10,Potential Loyalists,0.6971158738007963,0.9264837670551714,415.68889349804687,1059.6171528054988
12717,151,3,1058.91,3,3,3,333,9,Need Attention,0.34483187271440685,0.9447234209620152,457.15042227570245,585.4657243316449
12718,71,1,202.25,3,1,1,311,5,About to Sleep,,1.0,0.0,0.0
12719,5,2,572.95,5,2,2,522,9,Potential Loyalists,1.059735431856644,0.9236611630940524,398.44533475594136,1534.8136922782064
12720,3,29,6905.28,5,5,5,555,15,Champions,3.8820740637380013,0.9978519324434475,255.3735190821978,3686.424382023222
12721,32,8,3635.08,4,4,5,445,13,Loyal Customers,1.2724858551032658,0.9889642291461597,433.5338875546978,2049.0618688739546
12722,85,4,979.63,3,3,3,333,9,Need Attention,1.373750286693835,0.8959543820069042,240.7808828493185,1215.4935515482498
12723,4,5,707.07,5,4,3,543,12,Champions,1.7892576455967204,0.9699586900807856,225.29787515732835,1469.6500496451736
12724,5,7,2083.52,5,4,4,544,13,Champions,0.9904373960902118,0.9912839035216011,269.45795788993246,991.9992825458504
12725,371,3,1906.76,2,3,4,234,9,At Risk,0.28767044760373417,0.7809000898400744,493.75324218480415,527.482501942569
12726,28,11,3690.6,4,5,5,455,14,Loyal Customers,1.3825375394830437,0.9924956207505394,340.8299636548956,1753.8296398615453
12727,11,10,4905.53,5,5,5,555,15,Champions,1.0767950354616986,0.9931277019017393,541.7840884979287,2171.675904414739
12728,71,5,926.17,3,4,3,343,10,Loyal Customers,0.9097189042970149,0.971788259597893,191.33760014093858,645.1248698699725
12729,114,1,417.01,3,1,2,312,6,About to Sleep,0.3290202054615156,1.0,0.0,0.0
12730,522,1,703.25,1,1,3,113,5,Hibernating,0.10046778472370162,1.0,0.0,0.0
12731,24,17,25631.71,4,5,5,455,14,Loyal Customers,1.9700354783852705,0.9946840245796693,1619.4051651125822,11878.833463164681
12732,180,1,218.26000000000002,3,1,1,311,5,About to Sleep,0.24039193553827373,1.0,0.0,0.0
12733,234,4,2424.02,2,3,4,234,9,At Risk,0.40796517018134976,0.934528559264766,459.1567731862306,696.8676305347713
12734,353,3,603.65,2,3,3,233,8,At Risk,0.20718055075999786,0.3959900833810312,261.2489315516638,200.37794609469458
12735,315,2,689.5699999999999,2,2,3,223,7,Hibernating,0.18371009720596643,0.4957994594146072,495.86417610442396,336.13905673398136
12736,333,1,144.0,2,1,1,211,4,Hibernating,0.14808013126599315,1.0,0.0,0.0
12738,372,1,137.35,2,1,1,211,4,Hibernating,0.13457878308954516,1.0,0.0,0.0
12739,99,2,2421.23,3,2,4,324,9,About to Sleep,0.29080954180117474,0.8960761537695119,1185.7760551583024,1274.3104818983459
12740,64,1,427.6,3,1,2,312,6,About to Sleep,,1.0,0.0,0.0
12741,533,1,236.07,1,1,1,111,3,Hibernating,0.09845830673919884,1.0,0.0,0.0
12742,626,1,1201.52,1,1,3,113,5,Hibernating,0.08536869620497321,1.0,0.0,0.0
12743,134,2,540.13,3,2,2,322,7,About to Sleep,0.29445651294201736,1.0,0.0,0.0
12744,56,8,13158.16,4,4,5,445,13,Loyal Customers,0.7636246632946077,0.9834754500717748,2467.7491510942705,7007.774362336052
12745,487,2,723.85,1,2,3,123,6,Hibernating,0.12640799956725088,0.5421608599473278,327.70315064682563,153.58623223807953
12746,541,1,254.55,1,1,1,111,3,Hibernating,0.0973228235308076,1.0,0.0,0.0
12747,2,26,8898.48,5,5,5,555,15,Champions,2.8934870680101867,0.997984304543932,343.2524639311684,3701.1497727223823
12748,1,322,49176.74,5,5,5,555,15,Champions,22.02372042061404,0.999760705081106,251.3788135519543,20635.367314880288
12749,4,9,6847.36,5,5,5,555,15,Champions,1.0143091131357174,0.9914688355770886,1033.014564716141,3893.9768664803178
12750,129,1,275.88,3,1,1,311,5,About to Sleep,0.3035655528015046,1.0,0.0,0.0
12751,445,1,268.27,1,1,1,111,3,Hibernating,0.1156094322802784,1.0,0.0,0.0
12752,81,1,4366.78,3,1,5,315,9,About to Sleep,,1.0,0.0,0.0
12753,23,6,21429.39,4,4,5,445,13,Loyal Customers,1.1772395347827478,0.9865070424737914,3697.3008949202704,16129.91683550045
12754,236,3,3010.74,2,3,5,235,10,At Risk,0.45094035947018146,0.70339609557315,1626.0472084765972,2708.9181144563527
12755,281,11,5236.259999999999,2,5,5,255,12,Cannot Lose Them,0.7782305756538352,0.6783394973498484,593.3731915979167,1719.6810879497752
12756,87,1,112.07999999999998,3,1,1,311,5,About to Sleep,,1.0,0.0,0.0
12757,16,9,4176.75,5,5,5,555,15,Champions,2.474770517896351,0.9892480893921614,524.1296544539939,4787.867003555452
12758,117,7,9903.24,3,4,5,345,12,Loyal Customers,0.7292186263737882,0.9769652014082569,1279.177522100124,3474.07556724428
12759,52,8,4618.74,4,4,5,445,13,Loyal Customers,0.8517334384318378,0.9883144011113585,610.648252911356,1937.2389836262864
12760,456,1,317.8,1,1,2,112,4,Hibernating,0.11317261545273148,1.0,0.0,0.0
12761,465,1,712.95,1,1,3,113,5,Hibernating,0.11125401706099276,1.0,0.0,0.0
12762,8,2,1702.52,5,2,4,524,11,Potential Loyalists,1.525938570908159,0.9184227721560422,1574.9549416839561,8690.578676030533
12763,138,2,494.08,3,2,2,322,7,About to Sleep,0.29936600163032684,0.8722204154204846,215.17197691762124,237.89535821086423
12764,317,1,1693.88,2,1,4,214,7,Hibernating,0.1542717997469839,1.0,0.0,0.0
12765,472,6,1299.58,1,4,4,144,9,At Risk,0.11171406419411253,0.15485034585541468,242.7097245315347,100.8826710554755
12766,4,9,8134.99,5,5,5,555,15,Champions,1.641689788807111,0.9935650048949851,938.9848602097669,5720.447410295167
12767,376,1,949.82,2,1,3,213,6,Hibernating,0.13366484280549756,1.0,0.0,0.0
12768,451,1,168.69000000000003,1,1,1,111,3,Hibernating,0.11426739292747329,1.0,0.0,0.0
12769,239,1,1143.6,2,1,3,213,6,Hibernating,0.1937854023292027,1.0,0.0,0.0
12770,211,2,3246.45,2,2,5,225,9,Hibernating,0.24172738159120635,0.8453981390762199,1640.9745219240963,1467.8067799377877
12771,486,1,226.3,1,1,1,111,3,Hibernating,0.10702078413786917,1.0,0.0,0.0
12772,60,1,752.47,3,1,3,313,7,About to Sleep,,1.0,0.0,0.0
12773,564,1,124.25,1,1,1,111,3,Hibernating,0.09362109753545857,1.0,0.0,0.0
12774,536,1,83.7,1,1,1,111,3,Hibernating,0.09813118690408337,1.0,0.0,0.0
12775,17,7,1551.12,5,4,4,544,13,Champions,1.251745951077835,0.9894940375760458,239.91359680986054,1114.161007099309
12776,668,1,27.5,1,1,1,111,3,Hibernating,0.08048430577383994,1.0,0.0,0.0
12777,458,1,519.45,1,1,2,112,4,Hibernating,0.1127405596589922,1.0,0.0,0.0
12778,20,9,1541.68,4,5,4,454,13,Loyal Customers,1.1597081140366516,0.9921850100534992,152.9262171615436,659.8574006900966
12779,38,14,6474.11,4,5,5,455,14,Loyal Customers,1.5246582963704893,0.9929832101164301,476.0697146096289,2704.4188604272526
12780,599,1,322.4,1,1,2,112,4,Hibernating,0.08883457057229717,1.0,0.0,0.0
12781,64,2,786.74,3,2,3,323,8,About to Sleep,0.3852329802975709,0.9026386468675882,292.04143681571543,414.44690872120105
12782,5,11,3862.2400000000002,5,5,5,555,15,Champions,1.63515761694639,0.9948059493614477,369.825012134984,2248.17957838524
12783,2,4,1295.87,5,3,4,534,12,Potential Loyalists,2.3155297949178424,0.9814642761705688,359.73415024605094,3043.9127549117193
12784,15,2,1511.15,5,2,4,524,11,Potential Loyalists,0.23207998286380496,0.9253226229312271,581.8640034825377,500.33486544862114
12785,364,3,904.4,2,3,3,233,8,At Risk,0.2614993623531578,0.8706537609927979,327.08252354738465,318.1279751827221
12786,610,1,668.5,1,1,3,113,5,Hibernating,0.08738911506823152,1.0,0.0,0.0
12787,10,4,799.18,5,3,3,533,11,Potential Loyalists,0.6757895560331542,0.9811662501261003,149.46211492010198,374.3948021214258
12788,463,4,384.9,1,3,2,132,6,At Risk,0.09433190433454007,0.169930590939422,85.81323447154988,30.060763640722413
12789,65,3,225.35,3,3,1,331,7,Need Attention,0.30417530271584187,0.9643930740104317,84.77985217544689,95.8820909573694
12790,192,2,546.85,2,2,2,222,6,Hibernating,0.2649707873447193,0.8449061172494523,361.5969153372424,354.1980630713677
12791,374,5,656.83,2,4,3,243,9,At Risk,0.406157118036737,0.66747933269867,138.2299701205661,208.80582553526887
12792,257,2,715.01,2,2,3,223,7,Hibernating,0.2079802422675019,0.8362114077661397,421.68296763943886,324.9707383268657
12793,335,3,745.53,2,3,3,233,8,At Risk,0.2754693171097896,0.5368853528185816,254.77511243860704,259.8716289925778
12794,53,2,860.41,4,2,3,423,9,Potential Loyalists,0.7948130525703441,0.8692827486727231,662.4994372351225,1920.1645174212003
12795,19,1,318.48,5,1,2,512,8,New Customers,,1.0,0.0,0.0
12796,628,1,351.0,1,1,2,112,4,Hibernating,0.08500022756169692,1.0,0.0,0.0
12797,366,2,468.08000000000004,2,2,2,222,6,Hibernating,0.17195944671180044,0.564476506272517,278.1763562260308,176.88988313006823
12798,10,4,8510.93,5,3,5,535,13,Potential Loyalists,0.6645754348601203,0.9810448398382761,2470.3424916362987,6086.304475160918
12799,529,1,219.35,1,1,1,111,3,Hibernating,0.09911913650487614,1.0,0.0,0.0
12800,470,2,500.25,1,2,2,122,5,Hibernating,0.14223499513118507,0.7073664279860011,189.6456975437739,100.14043345927828
12801,501,1,871.82,1,1,3,113,5,Hibernating,0.10418917179659691,1.0,0.0,0.0
12802,187,5,2186.42,3,4,4,344,11,Loyal Customers,0.625755773558366,0.9372745286020534,385.7641161088186,897.1799794590752
12803,393,1,1017.81,2,1,3,213,6,Hibernating,0.12843187955950816,1.0,0.0,0.0
12804,466,2,325.37,1,2,2,122,5,Hibernating,0.1092311906698739,0.4142621415348569,182.58601022169,73.8594972193605
12805,382,4,1230.95,2,3,4,234,9,At Risk,0.35433604225749976,0.7955275680537361,353.2227558267617,465.55336615329134
12806,572,2,2558.96,1,2,4,124,7,Hibernating,0.0637652120239298,0.2794762352122025,1808.0941526823822,427.55046178217833
12807,383,1,250.35,2,1,1,211,4,Hibernating,0.13128732736839993,1.0,0.0,0.0
12808,37,5,748.7,4,4,3,443,11,Loyal Customers,0.7816065128008369,0.9823105863621282,147.0908258036581,426.701528910318
12809,178,3,1384.3400000000001,3,3,4,334,10,Need Attention,0.31608451664293064,0.941331317689722,478.6640952673157,562.2792395950424
12810,535,2,534.99,1,2,2,122,5,Hibernating,0.12188454263309503,0.60615907828844,458.9673197229663,207.6779582485526
12811,262,4,893.9,2,3,3,233,8,At Risk,0.5184604618162052,0.7748055117320233,237.32701276604334,456.2078240468153
12812,45,1,229.64000000000001,4,1,1,411,6,Promising,,1.0,0.0,0.0
12813,502,3,1621.8,1,3,4,134,8,At Risk,0.20694767414650755,0.6561311909530821,766.393040517166,589.7025348277524
12814,102,1,85.92,3,1,1,311,5,About to Sleep,0.35269177608074725,1.0,0.0,0.0
12815,148,2,863.46,3,2,3,323,8,About to Sleep,0.43339741589055203,0.7652533941432765,450.21233870432707,716.2282907095023
12816,96,2,452.20000000000005,3,2,2,322,7,About to Sleep,0.5239672454396348,0.8477502903924579,263.0640238453091,505.3693979130966
12817,281,3,570.98,2,3,2,232,7,At Risk,0.37808902579885667,0.789091078562451,229.52612249682056,321.5414616747303
12818,262,1,1182.0800000000002,2,1,3,213,6,Hibernating,0.18017458714487744,1.0,0.0,0.0
12819,458,1,540.52,1,1,2,112,4,Hibernating,0.11252576729954133,1.0,0.0,0.0
12820,3,11,2689.52,5,5,4,554,14,Champions,1.1950460231116269,0.9949754955613007,259.0026597624399,1153.0902884104719
12821,214,2,220.8,2,2,1,221,5,Hibernating,0.1923643758103388,0.8727934926135644,116.74806859189506,83.30885134607378
12822,71,2,948.88,3,2,3,323,8,About to Sleep,0.8034710425657485,0.8192918520938335,316.86538022956125,927.4742630042447
12823,75,18,6501.5,3,5,5,355,13,Loyal Customers,1.7463028789313577,0.9842575566993816,440.3857644914277,2864.206680545559
12824,60,1,397.12,3,1,2,312,6,About to Sleep,,1.0,0.0,0.0
12825,521,2,518.63,1,2,2,122,5,Hibernating,0.1224107626252592,0.5800357821567101,372.34992106967906,169.14233450597942
12826,3,12,2800.75,5,5,4,554,14,Champions,1.3295409372985483,0.9954942401235168,216.72661551746447,1073.4101646367417
12827,6,3,430.15000000000003,5,3,2,532,10,Potential Loyalists,2.132518332529516,0.9680174864750735,118.3538886923994,917.9184952699532
12828,3,6,1018.71,5,4,3,543,12,Champions,2.5903386223259406,0.989376747688588,164.82237236330624,1568.7625199434428
12829,337,3,385.3,2,3,2,232,7,At Risk,0.3133274341086322,0.8059832312751718,162.49854355808245,188.99899156978094
12830,38,6,6814.64,4,4,5,445,13,Loyal Customers,1.7291691789135406,0.9719181843445341,1201.4411683308629,7647.896781449199
12831,262,3,451.11,2,3,2,232,7,At Risk,0.22701600001871958,0.8046096784467828,264.88040994876127,222.5390774533927
12832,32,2,383.03,4,2,2,422,8,Potential Loyalists,0.8223597263289681,0.8994103971861052,144.00596938436672,431.84735525049217
12833,145,1,417.38,3,1,2,312,6,About to Sleep,0.27910602968220066,1.0,0.0,0.0
12834,283,1,312.38,2,1,2,212,5,Hibernating,0.16931847243438236,1.0,0.0,0.0
12835,428,41,5996.83,1,5,5,155,11,Cannot Lose Them,2.054945118465571e-09,4.985553863612366e-10,159.53390816421518,1.221786804857148e-06
12836,59,15,6559.7300000000005,4,5,5,455,14,Loyal Customers,1.5156635315540188,0.9895916073605419,479.9267792595542,2710.285140366108
12837,173,2,662.66,3,2,3,323,8,About to Sleep,0.20768897282412796,0.883806515367128,166.8561065657945,128.47583103296563
12838,34,10,2975.91,4,5,5,455,14,Loyal Customers,1.3120628041956417,0.991154029215812,311.7618244992688,1521.8978217685815
12839,3,26,9669.12,5,5,5,555,15,Champions,2.8934870680101867,0.997984304543932,375.6900689071848,4050.9110909942783
12840,144,7,4041.97,3,4,5,345,12,Loyal Customers,0.7836650332515182,0.9661835896648505,668.6896114925655,1950.6436398764786
12841,5,40,6958.2,5,5,5,555,15,Champions,5.954123737212125,0.9983849481952042,174.92794988583853,3873.9711147050475
12842,70,4,1917.99,3,3,4,334,10,Need Attention,0.4003918450124465,0.9755855248983781,539.4840242315817,803.91779663707
12843,66,28,6461.87,3,5,5,355,13,Loyal Customers,2.8718863109318296,0.9830710094786536,257.54531000187717,2756.154172980895
12844,29,4,648.6,4,3,3,433,10,Potential Loyalists,0.48991311469660503,0.9793157827517137,187.29543977696122,341.0240973257043
12845,267,4,354.09,2,3,2,232,7,At Risk,0.22098471471691658,0.23821571444710338,103.57801707200197,84.59721492517433
12847,22,2,1609.0,4,2,4,424,10,Potential Loyalists,0.30400896603665645,0.9224680896901236,1026.0551704614115,1152.520508670882
12848,676,1,208.0,1,1,1,111,3,Hibernating,0.0796166546948647,1.0,0.0,0.0
12849,31,6,3015.98,4,4,5,445,13,Loyal Customers,0.7662456607484651,0.9868510438346166,531.2516233972324,1513.7963381735105
12850,446,1,330.0,1,1,2,112,4,Hibernating,0.11538357268346706,1.0,0.0,0.0
12851,97,2,280.76,3,2,1,321,6,About to Sleep,0.2482894051709907,0.9033305327541639,164.08309044785761,150.8120684911912
12852,295,1,311.55,2,1,2,212,5,Hibernating,0.1636834846786568,1.0,0.0,0.0
12853,135,11,3907.5,3,5,5,355,13,Loyal Customers,0.7882372944401665,0.9691890252099961,600.4639712503149,1761.8104161061997
12854,79,7,2970.9700000000003,3,4,5,345,12,Loyal Customers,0.7434847200040019,0.9836667886695587,420.9234451120231,1165.4463985622206
12855,373,4,612.84,2,3,3,233,8,At Risk,0.16389429402471997,0.3201131171142203,127.73052009811272,77.51685384241217
12856,8,6,2170.78,5,4,4,544,13,Champions,3.943474820751203,0.9861844160648751,369.26035331983604,5321.468698412881
12857,211,6,3688.0,2,4,5,245,11,At Risk,0.6388630774256209,0.9382600422054551,722.5913003376031,1718.2631476714146
12858,383,1,147.27,2,1,1,211,4,Hibernating,0.13128732736839993,1.0,0.0,0.0
12859,459,1,575.1,1,1,2,112,4,Hibernating,0.11252576729954133,1.0,0.0,0.0
12860,693,1,54.22,1,1,1,111,3,Hibernating,0.07773124092384699,1.0,0.0,0.0
12861,620,1,68.25,1,1,1,111,3,Hibernating,0.08611530495460233,1.0,0.0,0.0
12862,426,2,984.62,1,2,3,123,6,Hibernating,0.1447802351796619,0.5442261284600867,602.5344773398228,323.0320324160762
12863,52,6,2792.5499999999997,4,4,4,444,12,Loyal Customers,0.7664123410274347,0.9840543841977072,448.3993073905736,1277.9595301601662
12864,138,2,299.57,3,2,2,322,7,About to Sleep,0.23164666648534427,0.8909589766390885,182.62233794375902,156.68647836600832
12865,26,4,3323.47,4,3,5,435,12,Potential Loyalists,0.5957273854322552,0.9789992719680543,808.266600496948,1786.736760467837
12866,283,3,1092.35,2,3,3,233,8,At Risk,0.35590656254429315,0.8440447071581744,428.9657580153048,566.3303493709642
12867,26,13,7829.26,4,5,5,455,14,Loyal Customers,1.4376360568337945,0.9938899608798308,638.1346222352919,3417.717918553099
12868,186,8,2043.76,3,4,4,344,11,Loyal Customers,1.088565307895645,0.7211951527312511,255.8525569853092,1033.1256581544599
12869,682,1,337.66999999999996,1,1,2,112,4,Hibernating,0.07897809879543752,1.0,0.0,0.0
12870,375,3,1676.95,2,3,4,234,9,At Risk,0.280414077592416,0.8081224834417128,805.8548566843183,839.5855610864511
12871,84,3,744.02,3,3,3,333,9,Need Attention,0.4529560390029438,0.9548175879932375,210.49900946910557,353.311028813564
12872,327,12,3283.96,2,5,5,255,12,Cannot Lose Them,0.4376704844465012,0.3339643359351862,266.07070368507675,433.85512940095214
12873,282,3,2027.3,2,3,4,234,9,At Risk,0.29048937258877716,0.90642035310488,842.6877107751022,910.053323651408
12874,385,2,873.42,2,2,3,223,7,Hibernating,0.17288363004374094,0.7182975399291239,505.9875013209971,324.2377286095524
12875,143,5,1356.99,3,4,4,344,11,Loyal Customers,0.5319974802788068,0.9669628376404312,275.8633674211239,546.1973025297285
12876,58,4,3751.79,4,3,5,435,12,Potential Loyalists,0.49029253413920904,0.9756040528909046,1047.4647977703264,1908.615861050903
12877,4,20,2942.14,5,5,5,555,15,Champions,2.3385722238754356,0.9972988123202375,140.5698659902333,1224.552047385209
12878,236,2,854.99,2,2,3,223,7,Hibernating,0.275603711827826,0.6124664335691556,658.1401105868374,667.7656601249053
12879,45,3,573.22,4,3,2,432,9,Potential Loyalists,1.4333691465854461,0.9333573941960559,239.0232479977008,1252.1737115513672
12880,382,2,640.13,2,2,3,223,7,Hibernating,0.17256659711812117,0.7401339710464284,371.3206356110561,237.57619993026145
12881,276,1,298.0,2,1,2,212,5,Hibernating,0.1727886402729478,1.0,0.0,0.0
12882,9,2,1463.04,5,2,4,524,11,Potential Loyalists,1.3972941278292583,0.916463223614764,1204.7391260783425,6094.483284278418
12883,25,4,703.47,4,3,3,433,10,Potential Loyalists,0.8775642914674351,0.9066535647841274,503.1781574809913,1608.9343745125109
12884,88,1,309.05,3,1,2,312,6,About to Sleep,,1.0,0.0,0.0
12885,63,3,1175.22,3,3,3,333,9,Need Attention,0.6867997778078104,0.8666075112409808,646.1035253412947,1621.4136583363459
12886,68,2,1378.4,3,2,4,324,9,About to Sleep,0.46769290539020375,0.891763219120691,735.1427721325182,1263.3243628046453
12887,384,1,222.4,2,1,1,211,4,Hibernating,0.13128732736839993,1.0,0.0,0.0
12888,214,2,354.12,2,2,2,222,6,Hibernating,0.31107753524110054,0.6683279680249649,102.99197116841758,117.89927239157029
12889,381,4,385.46000000000004,2,3,2,232,7,At Risk,0.27745862592269693,0.47789213450727186,102.53407068412682,105.60758953896676
12890,24,2,706.02,4,2,3,423,9,Potential Loyalists,0.3038251719088354,0.9219103948951389,460.65050417883197,517.1146717290917
12891,186,11,840.5,3,5,3,353,11,Loyal Customers,1.1898165089752402,0.8975699100358498,83.77852894763575,371.12854195887166
12892,397,1,263.38,2,1,1,211,4,Hibernating,0.127599328600515,1.0,0.0,0.0
12893,31,1,176.55,4,1,1,411,6,Promising,,1.0,0.0,0.0
12894,575,1,157.35,1,1,1,111,3,Hibernating,0.09201701224687976,1.0,0.0,0.0
12895,42,2,372.8,4,2,2,422,8,Potential Loyalists,0.8703542794173464,0.8816355191048617,131.61821615882317,417.28052921412336
12897,205,4,514.25,2,3,2,232,7,At Risk,0.5011041984729511,0.9255394610562041,146.4329009946066,272.5463200539947
12898,464,2,296.21000000000004,1,2,2,122,5,Hibernating,0.1445313768282694,0.7023047476070403,189.30663880446292,101.55539261775267
12899,414,1,366.4,1,1,2,112,4,Hibernating,0.12307834994094763,1.0,0.0,0.0
12900,422,1,340.33,1,1,2,112,4,Hibernating,0.12081229463947804,1.0,0.0,0.0
12901,9,28,17654.54,5,5,5,555,15,Champions,6.076147768404037,0.996268976592873,793.0256850888212,17836.993448908128
12902,265,1,138.68,2,1,1,211,4,Hibernating,0.17853913566251384,1.0,0.0,0.0
12903,429,1,833.53,1,1,3,113,5,Hibernating,0.11934741925685605,1.0,0.0,0.0
12904,18,2,496.06,5,2,2,522,9,Potential Loyalists,0.5775161597733449,0.9188718773748097,308.8611721336822,653.842311974381
12905,577,2,1018.42,1,2,3,123,6,Hibernating,0.10454911446588823,0.5241540665373757,518.8232964520589,201.385916935058
12906,12,5,2919.81,5,4,5,545,14,Champions,0.9578147485737765,0.9186610772636643,1195.0759520079773,4166.35591166259
12907,396,2,508.91,2,2,2,222,6,Hibernating,0.16642889616903409,0.6244864457024608,223.01876488453445,137.4411982598037
12908,176,5,1776.0,3,4,4,344,11,Loyal Customers,0.574142006823649,0.9517668530002928,382.06033070972086,815.8760293963485
12909,40,8,3103.19,4,4,5,445,13,Loyal Customers,0.8248706457236233,0.9880687161336595,484.52827312864315,1487.4616044702873
12910,23,13,5796.52,4,5,5,455,14,Loyal Customers,1.258283116079327,0.9925199693909103,541.848208521166,2537.406145132959
12911,552,1,1651.72,1,1,4,114,6,Hibernating,0.09559049135019786,1.0,0.0,0.0
12912,3,5,1662.3,5,4,4,544,13,Champions,3.9623146742313753,0.9860228781106909,352.32549464752196,5085.507696120353
12913,5,13,6283.24,5,5,5,555,15,Champions,1.4133889672474376,0.9957407734624074,486.13749500846797,2560.0238637130647
12914,401,1,223.98,2,1,1,211,4,Hibernating,0.1265059206106881,1.0,0.0,0.0
12915,149,4,975.1,3,3,3,333,9,Need Attention,0.4812139615338745,0.9560766708440382,273.369704157598,488.88576654421075
12916,139,7,4479.73,3,4,5,345,12,Loyal Customers,0.7751238953860349,0.968592864642613,704.4665762841028,2032.788283891664
12917,128,6,4359.2,3,4,5,345,12,Loyal Customers,0.5122793686040813,0.9714646645107035,734.4819152971223,1400.7292539269445
12919,8,6,1335.19,5,4,4,544,13,Champions,2.153718509549119,0.9878003388596344,234.71314880010647,1861.5175790320338
12920,17,4,486.64,5,3,2,532,10,Potential Loyalists,0.2935851821897458,0.9701142696527372,192.47966523733172,210.16941957216693
12921,9,74,35233.24,5,5,5,555,15,Champions,5.560395999423717,0.9983224021492417,716.3409753602317,14845.372414774862
12922,161,1,405.38,3,1,2,312,6,About to Sleep,0.2594401519644437,1.0,0.0,0.0
12923,64,3,769.17,3,3,3,333,9,Need Attention,0.35971215758708186,0.9629192977268766,189.86713417394083,253.60552421064662
12924,88,12,2461.45,3,5,4,354,12,Loyal Customers,1.1869389455671968,0.9832749759015035,229.55777585138634,1015.0370485718712
12925,5,3,729.3299999999999,5,3,3,533,11,Potential Loyalists,0.3534531396583347,0.9712998938591094,382.1538020429731,501.66704544590584
12926,411,4,1523.59,1,3,4,134,8,At Risk,0.3290636343732185,0.7897887820675185,409.26675224974184,501.17627585879217
12927,395,1,197.31,2,1,1,211,4,Hibernating,0.12815315705728378,1.0,0.0,0.0
12928,35,12,4304.89,4,5,5,455,14,Loyal Customers,1.5492200755414682,0.990989630501209,389.15775839429455,2242.178985568818
12929,312,1,117.85,2,1,1,211,4,Hibernating,0.1563144118841396,1.0,0.0,0.0
12930,78,2,415.8,3,2,2,322,7,About to Sleep,0.5480011038868902,0.8682299473097737,239.68108007353533,481.4331543143555
12931,22,57,92347.34,4,5,5,455,14,Loyal Customers,4.767951485261701,0.9965314472872009,2180.2571221928815,38743.346898578944
12932,539,8,1698.56,1,4,4,144,9,At Risk,0.012674550984716065,0.015478392035784142,219.28815858431187,10.34531512839141
12933,24,8,1636.6299999999999,4,4,4,444,12,Loyal Customers,0.7472508713789291,0.9898970108449705,254.8196641825856,709.1202647638902
12934,737,1,181.65,1,1,1,111,3,Hibernating,0.07356941006169464,1.0,0.0,0.0
12935,2,15,4243.86,5,5,5,555,15,Champions,1.6893382729576598,0.9958477328312907,318.7004179291575,2003.7373491579754
12936,17,4,1063.9,5,3,3,533,11,Potential Loyalists,1.6100797735508885,0.9606436761931115,147.40391963626826,866.3796021054527
12937,15,9,3097.61,5,5,5,555,15,Champions,0.966202084944612,0.9928314657176396,374.5606238733239,1348.088448408145
12938,26,1,114.14,4,1,1,411,6,Promising,,1.0,0.0,0.0
12939,64,20,25264.8,3,5,5,355,13,Loyal Customers,1.829724060801654,0.9874736247267445,1670.9699504879027,11388.757727599925
12940,55,2,899.69,4,2,3,423,9,Potential Loyalists,0.8434714782013056,0.8600799194419284,656.4569261309717,2017.1281124401403
12941,724,1,377.49,1,1,2,112,4,Hibernating,0.0746853257102891,1.0,0.0,0.0
12942,131,3,675.6,3,3,3,333,9,Need Attention,0.5163620579691984,0.9286036779310187,230.33124213270835,440.03959376458187
12943,558,2,496.5,1,2,2,122,5,Hibernating,0.08725181833788,0.39236606300568566,223.22462197625902,72.24354552764503
12944,36,2,604.51,4,2,3,423,9,Potential Loyalists,0.3263153933132962,0.9178924184395956,389.01223625867993,468.62784932024744
12945,288,2,900.11,2,2,3,223,7,Hibernating,0.17501783329341333,0.8469219428123093,565.0684866459502,367.06507316874377
12946,437,1,324.45,1,1,2,112,4,Hibernating,0.11744867049483318,1.0,0.0,0.0
12947,144,6,1603.99,3,4,4,344,11,Loyal Customers,1.0611680155818306,0.912177517324232,270.13928476913924,1062.5630539001866
12948,16,9,2317.43,5,5,4,554,14,Champions,0.9649212169144767,0.992753925296689,280.1806848733291,1007.0745020694008
12949,31,22,15526.7,4,5,5,455,14,Loyal Customers,1.7501643218017522,0.9942231038521157,926.4712807659773,6041.772123975468
12950,2,3,1843.0,5,3,4,534,12,Potential Loyalists,2.622600342920498,0.9699898803146095,840.7707592610838,7997.02342212229
12951,9,15,3213.7200000000003,5,5,5,555,15,Champions,1.7231272531748971,0.9960173607432609,220.53761335873017,1415.5266563846358
12952,6,4,1387.79,5,3,4,534,12,Potential Loyalists,1.6240530197229226,0.9689807230845523,361.4507256915734,2142.8960131331255
12953,10,2,828.8100000000001,5,2,3,523,10,Potential Loyalists,0.2351395544110747,0.9264787824443185,403.89449306629774,351.8407376024725
12954,639,1,162.45,1,1,1,111,3,Hibernating,0.08379465398521764,1.0,0.0,0.0
12955,1,11,4757.16,5,5,5,555,15,Champions,2.8794308555920978,0.995014411778502,436.30295410477584,4647.91023996783
12956,306,4,521.89,2,3,2,232,7,At Risk,0.37632674381454606,0.9020817856491157,167.2375139244986,234.206662358975
12957,10,13,8706.97,5,5,5,555,15,Champions,1.203578567065082,0.9945493908536697,773.7487327796067,3469.2003659932675
12958,400,2,467.34,2,2,2,222,6,Hibernating,0.16613092932111273,0.722561995347307,368.2933254386359,226.88025297346056
12959,484,1,150.95,1,1,1,111,3,Hibernating,0.10721504400098804,1.0,0.0,0.0
12960,414,4,1322.07,1,3,4,134,8,At Risk,0.3249797440167273,0.716780075809547,322.77137051264015,390.1238056157446
12961,379,1,211.99,2,1,1,211,4,Hibernating,0.13246540867576337,1.0,0.0,0.0
12962,7,2,266.39,5,2,1,521,8,Potential Loyalists,0.7731477672485042,0.9235812774101697,120.5382609277652,340.263778296113
12963,8,12,3235.79,5,5,5,555,15,Champions,1.6345047102632158,0.9944087304963866,256.8135285135571,1560.5553287416183
12964,437,1,132.24,1,1,1,111,3,Hibernating,0.1172155694457315,1.0,0.0,0.0
12965,89,1,769.8100000000001,3,1,3,313,7,About to Sleep,,1.0,0.0,0.0
12966,10,1,160.18,5,1,1,511,7,New Customers,,1.0,0.0,0.0
12967,358,3,2938.52,2,3,5,235,10,At Risk,0.16658831106631422,0.3121318773878571,911.697965279768,562.1565217001217
12968,112,1,135.95,3,1,1,311,5,About to Sleep,0.3308703655676753,1.0,0.0,0.0
12969,603,1,122.45,1,1,1,111,3,Hibernating,0.08830344856574789,1.0,0.0,0.0
12970,7,10,1452.54,5,5,4,554,14,Champions,0.5170635980271608,0.9867066879250262,318.70390566474555,613.500716498066
12971,4,116,15704.6,5,5,5,555,15,Champions,11.254789292112468,0.9993046514930873,159.94594351057918,6708.995124560727
12972,414,4,1161.2,1,3,3,133,7,At Risk,0.3249797440167273,0.716780075809547,246.08200721893547,297.4317362699696
12973,414,1,385.55,1,1,2,112,4,Hibernating,0.12307834994094763,1.0,0.0,0.0
12974,198,2,408.95,2,2,2,222,6,Hibernating,0.20664296321613043,0.8738101575854825,179.8129941037531,137.74705796068744
12975,437,6,2100.09,1,4,4,144,9,At Risk,0.3449563813974261,0.6566300519497912,434.45700121805766,557.9402992959308
12976,212,8,3156.38,2,4,5,245,11,At Risk,0.7593256222813228,0.9247670515778166,477.60735377732726,1349.8553969908942
12977,156,4,513.88,3,3,2,332,8,Need Attention,0.3887989162240264,0.9366886362034598,160.26940279749525,231.17782762713833
12978,385,5,2502.82,2,4,4,244,10,At Risk,0.4098785186469847,0.7762979710604978,407.9998976120821,622.5552740778535
12979,729,1,517.7,1,1,2,112,4,Hibernating,0.07421627134814736,1.0,0.0,0.0
12980,158,21,16245.78,3,5,5,355,13,Loyal Customers,1.905168363641004,0.8213033527215753,781.5704877704673,5548.756148026443
12981,30,2,372.21999999999997,4,2,2,422,8,Potential Loyalists,0.6834471863438301,0.9083177525922036,228.54057863902892,571.1416993676964
12982,243,8,2744.81,2,4,4,244,10,At Risk,0.8419462594626601,0.8193259595097346,299.8223940128901,939.1697097198187
12983,598,1,490.08000000000004,1,1,2,112,4,Hibernating,0.08883457057229717,1.0,0.0,0.0
12984,19,1,97.5,5,1,1,511,7,New Customers,,1.0,0.0,0.0
12985,1,2,1239.38,5,2,4,524,11,Potential Loyalists,1.4919826842234718,0.928211352942467,591.7693623666966,3194.157863851184
12986,429,10,2729.84,1,5,4,154,10,Cannot Lose Them,0.23924088264686266,0.3001529448127407,417.05102595116784,371.4465927309205
12987,74,5,1312.21,3,4,4,344,11,Loyal Customers,0.5453937928971442,0.9795985408928799,270.15739457269035,548.325781897909
12988,292,1,505.82,2,1,2,212,5,Hibernating,0.16459642513763975,1.0,0.0,0.0
12989,3,33,13551.75,5,5,5,555,15,Champions,3.1310913226735555,0.9980589124342418,489.91399061783517,5716.2933970639015
12990,31,7,955.5,4,4,3,443,11,Loyal Customers,0.866534267373235,0.9887913875335728,144.5621409652176,466.057352890444
12991,23,3,764.82,4,3,3,433,10,Potential Loyalists,0.5096309826498107,0.9676752919512489,277.9318867279504,524.3396101320748
12992,725,1,93.35000000000001,1,1,1,111,3,Hibernating,0.0745910409712512,1.0,0.0,0.0
12993,23,8,1259.6299999999999,4,4,4,444,12,Loyal Customers,0.8194549776844321,0.989789474348587,187.74579400103264,572.6113696855753
12994,4,3,974.4200000000001,5,3,3,533,11,Potential Loyalists,0.6972273952667162,0.9708483298818191,342.59339979795715,881.367544698346
12995,85,1,211.32,3,1,1,311,5,About to Sleep,,1.0,0.0,0.0
12996,376,1,355.5,2,1,2,212,5,Hibernating,0.13366484280549756,1.0,0.0,0.0
12997,22,8,2110.91,4,4,4,444,12,Loyal Customers,1.0093148148917153,0.9909872360946593,309.36264586120933,1161.7602554033347
12998,493,3,920.08,1,3,3,133,7,At Risk,0.20295931936234626,0.6095270614220573,341.5308609587584,257.62297473693593
12999,196,3,455.88,2,3,2,232,7,At Risk,0.538912510738521,0.6985245982067977,76.29049547050784,151.57901892605443
13000,107,4,1032.5,3,3,3,333,9,Need Attention,0.4043661311660256,0.9705230261960593,190.5794473971245,286.78404478248103
13001,4,33,24042.65,5,5,5,555,15,Champions,3.665630264400771,0.9982663792276736,728.2268162683312,9948.312785083628
13002,318,3,414.13,2,3,2,232,7,At Risk,0.33249334295446303,0.6939305631852739,130.04729292791222,160.21200684567762
13003,106,3,149.05,3,3,1,331,7,Need Attention,0.7769152774513185,0.9061989304943295,51.31535574500973,146.8029192242172
13004,12,36,11650.85,5,5,5,555,15,Champions,3.9473003920571266,0.9977464014073618,335.4834812582318,4934.832148840743
13005,174,4,999.68,3,3,3,333,9,Need Attention,0.58462855895043,0.9269983631436741,273.7766663088036,593.7478395902514
13006,56,1,81.57,4,1,1,411,6,Promising,,1.0,0.0,0.0
13007,580,1,175.25,1,1,1,111,3,Hibernating,0.09144725875251815,1.0,0.0,0.0
13008,323,3,612.13,2,3,3,233,8,At Risk,0.27118427753306384,0.8938247072901107,233.6010137151913,235.60359865834988
13009,673,1,234.0,1,1,1,111,3,Hibernating,0.07993982191035003,1.0,0.0,0.0
13010,374,2,330.12,2,2,2,222,6,Hibernating,0.16494577288243892,0.7893307293739287,189.74257146929142,116.15134753980995
13011,372,1,50.550000000000004,2,1,1,211,4,Hibernating,0.13457878308954516,1.0,0.0,0.0
13012,9,11,2957.83,5,5,5,555,15,Champions,1.4527302310701966,0.9944091526086526,262.53620866812145,1419.0874902626865
13013,1,29,11097.43,5,5,5,555,15,Champions,3.0333517712130846,0.9981215314568334,400.55317258461724,4527.578467888612
13014,11,11,5381.08,5,5,5,555,15,Champions,1.9202024250139613,0.9940050411294538,353.1485339182508,2517.920873176289
13015,53,11,6579.78,4,5,5,455,14,Loyal Customers,1.1526032840039528,0.9875861061245989,747.2489345800591,3204.564585082333
13016,73,3,789.89,3,3,3,333,9,Need Attention,0.6731723246503246,0.8494123203761018,446.02254142569745,1097.0959994045165
13017,7,1,204.0,5,1,1,511,7,New Customers,,1.0,0.0,0.0
13018,16,35,9763.16,5,5,5,555,15,Champions,2.978014163594442,0.9964797945219986,392.01895476891326,4347.490983005114
13019,379,6,1229.95,2,4,4,244,10,At Risk,0.45786545198337136,0.7174128514852558,202.79315590896348,345.74863549963504
13020,563,2,618.96,1,2,3,123,6,Hibernating,0.10586342545434825,0.5144100051220899,211.47865850726856,83.0974112704027
13021,4,17,4887.24,5,5,5,555,15,Champions,1.7586732059283616,0.996560382526943,314.12925263442844,2058.452150974709
13022,430,1,50.3,1,1,1,111,3,Hibernating,0.1191067225922326,1.0,0.0,0.0
13023,64,3,1251.03,3,3,4,334,10,Need Attention,0.3878813358986459,0.9620630918905015,330.5878063158757,475.8437578473945
13024,471,2,555.87,1,2,2,122,5,Hibernating,0.13751591294767082,0.597182671833715,377.48423912210376,192.4855162192934
13025,732,1,323.39,1,1,2,112,4,Hibernating,0.07403029566066299,1.0,0.0,0.0
13026,1,9,1733.08,5,5,4,554,14,Champions,0.9794222252048815,0.9938435091941651,178.99634328499195,652.9944377967543
13027,114,19,17239.2,3,5,5,355,13,Loyal Customers,2.1139550904196356,0.9473188201041574,940.3716914460864,7404.8406932629105
13028,23,2,661.3199999999999,4,2,3,423,9,Potential Loyalists,1.2192687068215986,0.8983933428648849,374.2631810986486,1654.7656544799424
13029,31,5,1927.3,4,4,4,444,12,Loyal Customers,0.7014912254244694,0.9837482350323602,413.8444030124932,1078.433616316538
13030,11,2,752.4399999999999,5,2,3,523,10,Potential Loyalists,0.31831716643322855,0.9252996802254767,428.3914869815221,503.6021431568078
13031,407,5,3292.84,2,4,5,245,11,At Risk,0.2276857735033935,0.3361437825051507,613.6763023292328,519.2552426634452
13032,52,9,2815.96,4,5,4,454,13,Loyal Customers,0.9529141275878837,0.9820131906407837,475.32325361458174,1681.5195807325376
13033,357,2,220.55,2,2,1,221,5,Hibernating,0.1813351162220866,0.6013367509966857,235.2127702590431,157.7414383702646
13034,55,3,756.82,4,3,3,433,10,Potential Loyalists,0.49316169821273825,0.9611643689377969,354.0677238604393,646.5532706644861
13035,74,3,1364.2,3,3,4,334,10,Need Attention,0.46151302830782587,0.9574086548540794,506.93639159692566,866.8096790954759
13036,685,1,307.1,1,1,2,112,4,Hibernating,0.07866264793175712,1.0,0.0,0.0
13037,138,12,3914.9500000000003,3,5,5,355,13,Loyal Customers,1.1557147081384835,0.9646391261926083,366.9367022863883,1579.8748621303623
13038,80,3,908.46,3,3,3,333,9,Need Attention,0.6369172666037575,0.9455132074935061,283.18981088068693,665.9963853089051
13039,584,4,1010.73,1,3,3,133,7,At Risk,0.11513365067514143,0.2752837215628309,301.37223896185657,129.12150399098513
13040,9,2,676.99,5,2,3,523,10,Potential Loyalists,1.3995037311512981,0.91791246765229,457.0419504533071,2315.7206388569475
13041,451,4,799.13,1,3,3,133,7,At Risk,0.21785462601711683,0.4328339205007792,193.45295406476737,156.62494940828265
13042,598,3,1488.59,1,3,4,134,8,At Risk,0.13687191144560062,0.45628316934772073,453.0207610140741,230.62702040853983
13043,273,1,516.42,2,1,2,212,5,Hibernating,0.1738064324440506,1.0,0.0,0.0
13044,291,11,4848.05,2,5,5,255,12,Cannot Lose Them,0.6911989659851404,0.5509753812522777,475.7256356746144,1224.6735615488794
13045,99,3,808.92,3,3,3,333,9,Need Attention,0.4135121706060615,0.9529797667494546,266.82452195529476,409.18162474536547
13046,31,3,949.25,4,3,3,433,10,Potential Loyalists,0.44379113344974525,0.9670617735460713,346.69567603795673,570.3096115771618
13047,57,23,8423.58,4,5,5,455,14,Loyal Customers,1.9973227194949625,0.9897476812640323,482.6495526466335,3591.782017728034
13048,14,9,4049.13,5,5,5,555,15,Champions,1.0374828069026127,0.9928286428048515,467.45573361366536,1805.7574702733505
13049,64,4,1408.24,3,3,4,334,10,Need Attention,0.6853837058105537,0.9700962668261314,412.0482500831991,1046.570212567639
13050,15,34,11877.29,5,5,5,555,15,Champions,3.8320315172425192,0.9973914927773608,351.9508095239638,5025.8556261184885
13051,579,2,155.8,1,2,1,121,4,Hibernating,0.07892316537727798,0.3623248549535254,102.31385368979545,29.95716819612496
13052,212,7,3118.48,2,4,5,245,11,At Risk,0.6597748647118976,0.931384271906506,530.7294318749936,1302.9990468069764
13053,622,1,127.65,1,1,1,111,3,Hibernating,0.08586498797372773,1.0,0.0,0.0
13055,78,4,2321.11,3,3,4,334,10,Need Attention,0.4627041053548383,0.9560078504898833,667.1551991385913,1143.6683567758507
13056,551,1,209.48,1,1,1,111,3,Hibernating,0.09559049135019786,1.0,0.0,0.0
13057,530,3,709.59,1,3,3,133,7,At Risk,0.14593510678368787,0.4248420998352317,197.05844085367303,106.85556288586551
13058,25,3,271.40000000000003,4,3,1,431,8,Potential Loyalists,1.0653851056275678,0.9616148750443887,124.62505864540275,487.35754500995336
13059,250,10,2291.77,2,5,4,254,11,Cannot Lose Them,0.8669633932817694,0.7595349680059382,214.77280594572647,692.8974358026983
13060,254,1,307.53,2,1,2,212,5,Hibernating,0.18468616596492662,1.0,0.0,0.0
13061,72,1,248.61,3,1,1,311,5,About to Sleep,,1.0,0.0,0.0
13062,191,1,346.98,2,1,2,212,5,Hibernating,0.2291775309449418,1.0,0.0,0.0
13063,481,1,188.4,1,1,1,111,3,Hibernating,0.10799919163256087,1.0,0.0,0.0
13064,13,6,1666.8400000000001,5,4,4,544,13,Champions,0.7678250507294988,0.9888851469052723,296.5058122650431,846.6319236441612
13065,373,5,1055.05,2,4,3,243,9,At Risk,0.33186745783470956,0.4844083253496762,227.70892958938248,280.8101860010051
13066,24,2,470.8,4,2,2,422,8,Potential Loyalists,1.3683760579778266,0.8882610852612475,390.7438576773043,1935.493052141484
13067,82,3,508.51,3,3,2,332,8,Need Attention,0.44714637958236714,0.95566608940599,142.84157503290425,236.7068533173519
13068,10,2,344.0,5,2,2,522,9,Potential Loyalists,0.35888959650579155,0.9252217903993379,221.22659726246167,292.81390502797194
13069,1,38,9284.45,5,5,5,555,15,Champions,4.683607879190743,0.99848025263262,276.63703972003543,4820.302521302181
13070,192,4,751.7,2,3,3,233,8,At Risk,0.3936088161802605,0.9530773841968121,212.75003763454131,311.6479156944634
13071,612,1,129.22,1,1,1,111,3,Hibernating,0.08700303103136989,1.0,0.0,0.0
13072,267,1,177.15,2,1,1,211,4,Hibernating,0.17746525286312104,1.0,0.0,0.0
13073,411,2,418.08,1,2,2,122,5,Hibernating,0.12553974558466477,0.423048843965785,143.9696416622977,66.85404947435943
13074,511,4,1378.74,1,3,4,134,8,At Risk,0.22728036765514903,0.5441164005748114,378.34470636074775,319.9973241232971
13075,130,1,919.61,3,1,3,313,7,About to Sleep,0.302008321344521,1.0,0.0,0.0
13076,458,1,135.4,1,1,1,111,3,Hibernating,0.1127405596589922,1.0,0.0,0.0
13077,1,11,2740.65,5,5,4,554,14,Champions,1.0906105820542593,0.9945485868953942,286.1947823194583,1162.686592454272
13078,3,57,29018.06,5,5,5,555,15,Champions,6.1240577028555885,0.9989341794606684,527.468502897291,12039.427577678363
13079,4,6,419.18,5,4,2,542,11,Champions,1.0459250838459073,0.9894993122369993,46.37400092402914,179.93831436789793
13080,179,4,280.73,3,3,1,331,7,Need Attention,0.46264270539080116,0.9472996911200526,75.77365514137405,130.3109334365098
13081,12,28,56838.37,5,5,5,555,15,Champions,2.782072159872306,0.9972232260684687,2289.8054475084205,23738.947345071076
13082,126,21,7335.75,3,5,5,355,13,Loyal Customers,1.716530191360136,0.9519688929557109,482.082238515164,3082.940361542581
13083,4,3,395.43,5,3,2,532,10,Potential Loyalists,0.4738677699510645,0.9711432139362056,168.3863232082821,295.59744643003137
13084,492,1,122.39999999999999,1,1,1,111,3,Hibernating,0.1058698574929167,1.0,0.0,0.0
13085,158,8,2433.28,3,4,4,344,11,Loyal Customers,0.5040529320679145,0.9654870814420309,466.7952037287402,875.9849931307757
13086,383,1,439.33000000000004,2,1,2,212,5,Hibernating,0.13157987714426617,1.0,0.0,0.0
13087,726,1,313.64,1,1,2,112,4,Hibernating,0.07449699406226674,1.0,0.0,0.0
13088,417,1,236.11,1,1,1,111,3,Hibernating,0.12206079834985283,1.0,0.0,0.0
13089,3,203,113416.91,5,5,5,555,15,Champions,14.77881260492324,0.9995042493335086,864.1452136150374,47601.33652106058
13090,9,23,13076.74,5,5,5,555,15,Champions,3.4796930156840142,0.9969156706028808,610.5072960905618,7897.934898317582
13091,28,2,1108.8,4,2,3,423,9,Potential Loyalists,0.1734237187621852,0.9241312981161361,423.23295044771805,272.64277424498727
13092,71,12,2140.28,3,5,4,354,12,Loyal Customers,1.414020295386024,0.9859570143913227,156.65539101464415,824.8284225639674
13093,276,55,54144.25,2,5,5,255,12,Cannot Lose Them,6.260558968079791e-05,1.3036030303522389e-05,1270.8532183055042,0.2965220076882781
13094,21,13,2209.44,4,5,4,454,13,Loyal Customers,2.4938013367386844,0.9927159989506443,163.2878814546095,1511.0574022717615
13095,71,1,74.39999999999999,3,1,1,311,5,About to Sleep,,1.0,0.0,0.0
13096,394,1,419.70000000000005,2,1,2,212,5,Hibernating,0.12815315705728378,1.0,0.0,0.0
13097,33,27,13015.36,4,5,5,455,14,Loyal Customers,2.4157520817287907,0.9945588848472449,598.9836177635442,5392.249036928964
13098,1,28,28882.44,5,5,5,555,15,Champions,6.042841849766559,0.9979781690261966,1137.4181142710388,25475.367481284527
13099,99,1,207.35999999999999,3,1,1,311,5,About to Sleep,0.3569735431393624,1.0,0.0,0.0
13101,234,4,695.4,2,3,3,233,8,At Risk,0.41185596898981974,0.9334282224066659,187.74840634525964,287.64424429475224
13102,1,37,11380.1,5,5,5,555,15,Champions,4.5398891420060785,0.9984518144053202,336.5868924934878,5687.346974515229
13103,40,3,709.64,4,3,3,433,10,Potential Loyalists,0.36002900423197254,0.9667796132544012,323.1390804328323,432.00797750490483
13104,3,9,1709.1,5,5,4,554,14,Champions,1.07890220917101,0.993686171880278,206.51296400562404,829.3946164766019
13105,436,1,72.0,1,1,1,111,3,Hibernating,0.11744867049483318,1.0,0.0,0.0
13106,133,2,603.46,3,2,3,323,8,About to Sleep,0.27500548323165797,0.882439291141055,97.10688019323268,98.72880131693458
13107,44,9,5253.07,4,5,5,455,14,Loyal Customers,1.045385518684627,0.9896556920314156,594.2463519095694,2312.8707742859315
13108,373,2,748.46,2,2,3,223,7,Hibernating,0.16939879011361902,0.5685736005787463,428.36726850014276,268.4010149290783
13109,60,3,1134.03,3,3,3,333,9,Need Attention,0.37390026666374326,0.963360994511181,432.8106150519933,600.7186758979169
13110,31,12,2957.4700000000003,4,5,5,455,14,Loyal Customers,1.1863268665398063,0.9926642140259617,264.4444472044558,1168.7621035712602
13111,719,1,321.88000000000005,1,1,2,112,4,Hibernating,0.07525607949776547,1.0,0.0,0.0
13112,541,1,20.6,1,1,1,111,3,Hibernating,0.0971627471864886,1.0,0.0,0.0
13113,1,37,18230.07,5,5,5,555,15,Champions,4.675840834156288,0.9986556983790404,508.8228966549875,8858.58421196801
13114,731,1,234.38,1,1,1,111,3,Hibernating,0.07412316681440967,1.0,0.0,0.0
13115,12,10,5494.7,5,5,5,555,15,Champions,1.3015191815998215,0.9936735357930193,537.5018680025862,2602.9734881699706
13116,138,1,501.14,3,1,2,312,6,About to Sleep,0.28868242388143756,1.0,0.0,0.0
13117,22,18,2255.66,4,5,4,454,13,Loyal Customers,2.300414795208331,0.9951631818889887,126.65848876907563,1084.6992397307495
13118,20,9,2415.41,4,5,4,454,13,Loyal Customers,1.3556151674675236,0.990605574207302,321.97359302188687,1620.3981478258759
13119,669,1,134.9,1,1,1,111,3,Hibernating,0.08037481622191868,1.0,0.0,0.0
13120,239,1,30.599999999999998,2,1,1,211,4,Hibernating,0.1937854023292027,1.0,0.0,0.0
13121,269,1,283.73,2,1,1,211,4,Hibernating,0.17587846720670253,1.0,0.0,0.0
13122,94,2,922.39,3,2,3,323,8,About to Sleep,0.42712439902839133,0.8746340293731326,27.139687488256563,42.63212770505115
13123,473,2,506.75,1,2,2,122,5,Hibernating,0.11963673794056519,0.4770018455881433,187.69610979273534,83.19963619968662
13124,90,4,4641.66,3,3,5,335,11,Need Attention,0.7033179208343374,0.9612748478886199,1330.5972133673326,3466.9235654800605
13125,524,1,148.62,1,1,1,111,3,Hibernating,0.10012719184160505,1.0,0.0,0.0
13126,5,13,3774.81,5,5,5,555,15,Champions,1.4675914331294644,0.9953292917502672,306.0880119012039,1672.3916399836062
13127,78,1,259.17,3,1,1,311,5,About to Sleep,,1.0,0.0,0.0
13128,631,1,263.5,1,1,1,111,3,Hibernating,0.08463492727719836,1.0,0.0,0.0
13129,452,2,233.25,1,2,1,121,4,Hibernating,0.13570632614703854,0.5410726599908002,155.23123550370087,78.0514185203676
13130,94,1,64.0,3,1,1,311,5,About to Sleep,0.3681489746322079,1.0,0.0,0.0
13131,23,7,3313.77,4,4,5,445,13,Loyal Customers,0.6865167519945301,0.9880162868196354,552.4563291395763,1411.4978548587615
13132,262,1,77.3,2,1,1,211,4,Hibernating,0.18017458714487744,1.0,0.0,0.0
13133,274,3,200.45000000000002,2,3,1,231,6,At Risk,0.3775513244791922,0.8274577266902724,62.159824310028654,86.99456654053598
13134,86,6,2475.23,3,4,4,344,11,Loyal Customers,1.0277638549027055,0.9702984826490513,456.932579964303,1742.1527596146752
13135,197,2,3371.45,2,2,5,225,9,Hibernating,0.23106347869129143,0.8623622843676609,3753.492106442374,3211.3721442947854
13136,56,13,6274.56,4,5,5,455,14,Loyal Customers,0.9681166013183498,0.988585086957473,732.0850199291935,2639.982865840269
13137,11,16,7586.94,5,5,5,555,15,Champions,2.4771757195771578,0.9957974995186103,455.91976555753297,4198.726585939863
13138,22,7,1274.01,4,4,4,444,12,Loyal Customers,1.2859193333092147,0.9885961457586062,165.82783289067723,790.9413487724098
13139,16,8,8202.98,5,4,5,545,14,Champions,1.1821913297947513,0.9897785266653164,870.0296603892187,3817.7535633331518
13140,108,5,1054.92,3,4,3,343,10,Loyal Customers,0.7282650668558843,0.9656769680298325,210.7556818134136,569.91476875716
13141,85,17,7656.08,3,5,5,355,13,Loyal Customers,1.631455323901366,0.9826096700866717,528.5997284489388,3213.113435519366
13142,19,1,307.09,5,1,2,512,8,New Customers,,1.0,0.0,0.0
13143,585,1,405.1,1,1,2,112,4,Hibernating,0.09074491708452223,1.0,0.0,0.0
13144,333,2,135.35,2,2,1,221,5,Hibernating,0.20119736757720433,0.6699031487879344,138.8232143691833,103.30127428220518
13145,40,7,1128.52,4,4,3,443,11,Loyal Customers,0.8916613732217907,0.9876926023882068,176.83573363472215,586.5163011749298
13146,26,1,228.91,4,1,1,411,6,Promising,,1.0,0.0,0.0
13147,10,4,712.8000000000001,5,3,3,533,11,Potential Loyalists,1.9677134548789532,0.9778820246906079,211.51145717435045,1524.0907994222844
13148,29,26,8488.32,4,5,5,455,14,Loyal Customers,1.9844698843150534,0.994618894664183,485.0054562721237,3586.3250451957465
13149,14,4,1676.06,5,3,4,534,12,Potential Loyalists,0.9113621131276105,0.9796535724647861,461.11019151201737,1553.1346938398258
13150,484,3,449.96999999999997,1,3,2,132,6,At Risk,0.13693161897139994,0.6387376583168195,335.5983755764975,170.50847861549155
13151,296,3,2454.71,2,3,4,234,9,At Risk,0.30623077800358645,0.8863663284290695,856.0899403602543,974.0722898806259
13152,417,7,2146.38,1,4,4,144,9,At Risk,0.28972491332942607,0.366876082787219,286.5868899848684,309.12896385678084
13153,6,1,486.22,5,1,2,512,8,New Customers,,1.0,0.0,0.0
13154,399,3,1624.84,2,3,4,234,9,At Risk,0.25246139323249844,0.8447861944398237,707.3180718594418,664.2002296560348
13155,33,6,1370.48,4,4,4,444,12,Loyal Customers,0.9032735374182089,0.9858713392969728,235.91294598810774,791.462466289007
13156,385,3,1586.54,2,3,4,234,9,At Risk,0.2675382207063213,0.8292098514969627,436.14063368205973,433.7711699893256
13157,49,9,5687.36,4,5,5,455,14,Loyal Customers,0.9647960853967488,0.9878847268934985,805.4498818682539,2892.132455377292
13158,95,5,1508.18,3,4,4,344,11,Loyal Customers,0.8914915090541774,0.9629566395928265,314.9007950397016,1040.5690680120535
13159,9,4,1429.35,5,3,4,534,12,Potential Loyalists,1.7945574516444078,0.9792488703723617,345.2923020802252,2271.889643948437
13160,22,1,91.8,4,1,1,411,6,Promising,,1.0,0.0,0.0
13161,313,2,472.13,2,2,2,222,6,Hibernating,0.20320708470448234,0.7706681724192825,141.00287769332584,106.11065662731329
13162,122,16,9275.49,3,5,5,355,13,Loyal Customers,1.6899519070201994,0.9588185628249853,579.0563300399795,3646.2426211611137
13163,610,1,17.65,1,1,1,111,3,Hibernating,0.08726004006231512,1.0,0.0,0.0
13164,569,2,372.2,1,2,2,122,5,Hibernating,0.10430494598609413,0.5124346078280636,121.20426916569764,46.928667313697304
13165,46,3,1451.16,4,3,4,434,11,Potential Loyalists,0.4818453231486384,0.9633008726796622,561.4873546815662,1002.033540100613
13166,283,2,875.93,2,2,3,223,7,Hibernating,0.23130490706029552,0.7437646391139755,509.66871049066015,435.84789113535624
13167,19,5,1113.15,5,4,3,543,12,Champions,0.907534768617656,0.9846183151646787,204.6680909916079,688.5105989876613
13168,36,5,1840.73,4,4,4,444,12,Loyal Customers,0.6790576989134657,0.9830795362114373,340.65478059884776,859.5320402364193
13169,64,3,840.08,3,3,3,333,9,Need Attention,0.3671515875309417,0.9628676580536851,392.46700118839266,534.9701273698307
13170,27,1,108.81,4,1,1,411,6,Promising,,1.0,0.0,0.0
13171,22,3,468.41,4,3,2,432,9,Potential Loyalists,0.635299717795832,0.9670401555359196,181.70092072422202,426.3490001052039
13172,400,1,69.6,2,1,1,211,4,Hibernating,0.1265059206106881,1.0,0.0,0.0
13173,4,11,2389.82,5,5,4,554,14,Champions,1.0890141141344787,0.9943458982524301,236.89735541046767,961.0107602909695
13174,16,11,7972.46,5,5,5,555,15,Champions,1.0798755382007441,0.9934576032390139,832.3040839847865,3348.187854101417
13175,582,2,831.45,1,2,3,123,6,Hibernating,0.11109184369271724,0.5964516105044771,624.8275894495254,257.85441792165017
13176,46,1,481.49,4,1,2,412,7,Promising,,1.0,0.0,0.0
13177,65,2,512.2,3,2,2,322,7,About to Sleep,0.2742314875145008,0.911236241073323,346.49669219721034,351.4216898522762
13178,26,21,14059.19,4,5,5,455,14,Loyal Customers,2.349742062667684,0.9952592002232904,678.1104314360131,5937.048584557295
13179,619,1,572.3100000000001,1,1,2,112,4,Hibernating,0.08624101176973226,1.0,0.0,0.0
13180,607,1,86.10000000000001,1,1,1,111,3,Hibernating,0.08764841453156329,1.0,0.0,0.0
13181,381,1,359.69,2,1,2,212,5,Hibernating,0.1318737347434386,1.0,0.0,0.0
13182,45,1,121.18,4,1,1,411,6,Promising,,1.0,0.0,0.0
13183,8,15,7036.18,5,5,5,555,15,Champions,1.878396798869046,0.996045660245748,473.49339538105096,3311.213154421957
13184,15,10,1667.95,5,5,4,554,14,Champions,2.1789276156408968,0.9913718394726375,186.44987949115185,1503.7140115867285
13185,268,1,71.4,2,1,1,211,4,Hibernating,0.1769331480774722,1.0,0.0,0.0
13186,40,3,1575.89,4,3,4,434,11,Potential Loyalists,1.177376639285055,0.9492536990153659,323.8237059735532,1397.4144728475974
13187,337,4,328.36,2,3,2,232,7,At Risk,0.1748462315867583,0.8085584206634205,290.27348767502207,188.30124329772735
13188,11,1,114.60000000000001,5,1,1,511,7,New Customers,,1.0,0.0,0.0
13189,19,2,260.68,5,2,1,521,8,Potential Loyalists,0.7578183658023226,0.9154600641852717,166.34751845682797,460.33927702212793
13190,544,3,570.66,1,3,2,132,6,At Risk,0.18461406106695938,0.6154388289029293,234.0063120352981,160.6830617793504
13191,658,1,159.21,1,1,1,111,3,Hibernating,0.08148330697867542,1.0,0.0,0.0
13192,95,6,2558.58,3,4,4,344,11,Loyal Customers,0.5449754315952511,0.9762460921179272,480.2511580227099,973.9782085422294
13193,61,1,112.08,3,1,1,311,5,About to Sleep,,1.0,0.0,0.0
13194,136,2,472.78,3,2,2,322,7,About to Sleep,0.2705167959200131,0.8825569383306073,77.9742799035369,77.99634780537153
13195,414,1,136.73,1,1,1,111,3,Hibernating,0.12282237362526108,1.0,0.0,0.0
13196,11,7,3068.84,5,4,5,545,14,Champions,0.7386369203975452,0.9890219179368289,595.2490955116222,1635.4900263596523
13197,610,1,373.01000000000005,1,1,2,112,4,Hibernating,0.08738911506823152,1.0,0.0,0.0
13198,10,8,4974.2300000000005,5,4,5,545,14,Champions,1.370896398678245,0.991822714898896,608.8770360064701,3098.5885558217024
13199,4,66,15949.210000000001,5,5,5,555,15,Champions,6.2674456765992606,0.9989486418509586,288.45284290506083,6737.891970781187
13200,19,4,870.09,5,3,3,533,11,Potential Loyalists,1.6822157829933178,0.9742719307810944,196.21321909033563,1211.112278328424
13201,502,4,1233.06,1,3,4,134,8,At Risk,0.1716093186815991,0.3685950231500524,325.5705623526715,207.756600002295
13202,394,7,1580.3,2,4,4,244,10,At Risk,0.416763579763128,0.5527901221973733,216.92969053155687,336.6918961288384
13203,10,10,2648.25,5,5,4,554,14,Champions,1.0983063284728878,0.9939833557328682,261.96359401644804,1071.7063860674257
13204,731,1,966.6600000000001,1,1,3,113,5,Hibernating,0.07403029566066299,1.0,0.0,0.0
13205,443,1,2803.2,1,1,4,114,6,Hibernating,0.11583617844812831,1.0,0.0,0.0
13206,400,13,8308.19,2,5,5,255,12,Cannot Lose Them,0.08021210356653576,0.06089996090378043,672.8188100807417,201.05997328647882
13207,15,4,535.86,5,3,2,532,10,Potential Loyalists,0.4769465755976257,0.9809365139828666,115.13574216624035,204.13200865273285
13208,59,8,1951.82,4,4,4,444,12,Loyal Customers,0.8499334931148427,0.9874593430502892,277.5334825232817,878.6016340375842
13209,30,13,8509.51,4,5,5,455,14,Loyal Customers,1.2717668101784059,0.9925450930564008,840.2256570221791,3979.3083595391513
13210,94,1,353.48,3,1,2,312,6,About to Sleep,,1.0,0.0,0.0
13211,10,10,2618.77,5,5,4,554,14,Champions,0.970206727330382,0.9932102349511769,304.96787762613036,1102.140270269694
13212,20,3,786.83,4,3,3,433,10,Potential Loyalists,1.074290651995305,0.9074045426740829,604.314535721206,2358.745411856183
13213,57,11,3851.52,4,5,5,455,14,Loyal Customers,1.3559771122432427,0.9868770245772254,403.32390052819255,2034.242787641708
13214,418,7,3264.23,1,4,5,145,10,At Risk,0.2067072141509729,0.24518806981108204,278.1228390619173,213.94631862585325
13215,402,1,81.6,2,1,1,211,4,Hibernating,0.12596621931373056,1.0,0.0,0.0
13216,268,1,333.74,2,1,2,212,5,Hibernating,0.1769331480774722,1.0,0.0,0.0
13217,122,4,666.48,3,3,3,333,9,Need Attention,0.44154132462208207,0.9658188739838621,190.27157168273422,312.4430039567491
13218,127,1,62.63999999999999,3,1,1,311,5,About to Sleep,0.3051389775197213,1.0,0.0,0.0
13219,618,1,76.23,1,1,1,111,3,Hibernating,0.08624101176973226,1.0,0.0,0.0
13220,78,5,1336.0900000000001,3,4,4,344,11,Loyal Customers,0.639911238601894,0.9768026455556394,215.11292264636765,511.6823416560121
13221,240,2,844.86,2,2,3,223,7,Hibernating,0.26764170749434135,0.7618295419733958,424.29856362840997,419.2860535054688
13222,577,1,88.5,1,1,1,111,3,Hibernating,0.09173125040109967,1.0,0.0,0.0
13223,200,6,969.1200000000001,2,4,3,243,9,At Risk,0.6567221316034187,0.9412662871403049,156.70146531705922,382.9781495397971
13224,60,2,2152.95,3,2,4,324,9,About to Sleep,0.6083441411524168,0.8820922920370393,1143.5753513547645,2546.898829553225
13225,3,16,16260.07,5,5,5,555,15,Champions,1.67116607738102,0.9963909079332175,1073.2431847061753,6682.145039111054
13226,273,2,312.46,2,2,2,222,6,Hibernating,0.24051257039645924,0.7394814103077738,135.50528242021073,120.43360661084664
13227,202,1,257.7,2,1,1,211,4,Hibernating,0.2206030353824891,1.0,0.0,0.0
13228,81,1,358.0,3,1,2,312,6,About to Sleep,,1.0,0.0,0.0
13229,226,1,160.95,2,1,1,211,4,Hibernating,0.20243034947784297,1.0,0.0,0.0
13230,4,30,6109.51,5,5,5,555,15,Champions,3.7013923678955245,0.998012139598971,210.30658937002997,2898.525171961811
13232,13,7,1327.75,5,4,4,544,13,Champions,1.927287342001008,0.9892589335318768,208.38496420942127,1483.901859657975
13233,74,4,1176.46,3,3,3,333,9,Need Attention,0.4226460452709112,0.9745802128733316,314.78429594506633,494.96658796836834
13234,673,2,346.5,1,2,2,122,5,Hibernating,0.06884053984924866,0.3682192209900818,147.48132146230512,37.7138129617791
13235,212,1,1031.07,2,1,3,213,6,Hibernating,0.21188415446347134,1.0,0.0,0.0
13236,25,2,744.85,4,2,3,423,9,Potential Loyalists,0.7923864132638099,0.9092642533581097,374.553802875201,1083.0131752576767
13237,388,1,643.0,2,1,3,213,6,Hibernating,0.13013003329334125,1.0,0.0,0.0
13238,17,6,1006.63,5,4,3,543,12,Champions,0.7686092718785034,0.988385169076909,185.1132429417321,529.0997173632223
13239,262,5,1594.69,2,4,4,244,10,At Risk,0.5998158776807934,0.8111005068256095,344.6722246061965,767.7744626701448
13240,96,8,1455.39,3,4,4,344,11,Loyal Customers,0.8182165421952682,0.9787322016115624,223.79396545365813,681.4804623233707
13241,412,1,112.53,1,1,1,111,3,Hibernating,0.12359351935798644,1.0,0.0,0.0
13242,112,7,699.4,3,4,3,343,10,Loyal Customers,0.6772663078911741,0.9747032985962931,121.44939318877275,306.11594404698945
13243,203,5,1220.38,2,4,4,244,10,At Risk,0.320142406661212,0.9319893978208724,532.6125878761219,633.5734149079015
13244,93,1,121.74000000000001,3,1,1,311,5,About to Sleep,,1.0,0.0,0.0
13245,51,2,989.22,4,2,3,423,9,Potential Loyalists,0.27440986376996945,0.9155113620502168,525.7740006079358,533.6164685643803
13246,18,11,3351.75,5,5,5,555,15,Champions,1.6160399179329459,0.9932865405061184,325.4968853677418,1955.718419632135
13247,18,4,501.12,5,3,2,532,10,Potential Loyalists,2.1844140433528456,0.9724742633678127,70.68485885064693,564.606243642924
13248,125,2,465.68,3,2,2,322,7,About to Sleep,0.4734536096778094,0.8073631746084735,99.17756035116811,172.28155779036467
13249,92,9,1608.93,3,5,4,354,12,Loyal Customers,1.0212463009870696,0.9812238236268348,196.3018877458223,746.4555943921141
13250,461,2,253.09,1,2,1,121,4,Hibernating,0.11586586190851482,0.440978999789578,149.7820771933445,64.27210035592559
13251,402,1,252.68,2,1,1,211,4,Hibernating,0.12596621931373056,1.0,0.0,0.0
13252,394,2,399.3,2,2,2,222,6,Hibernating,0.1639545093581721,0.7592906279432267,67.92361013110175,41.31798867136348
13253,157,4,2951.11,3,3,5,335,11,Need Attention,0.4116293981168272,0.9604352987026163,700.8285925786759,1073.3449652609283
13254,376,1,51.410000000000004,2,1,1,211,4,Hibernating,0.13336295074501678,1.0,0.0,0.0
13255,9,3,678.76,5,3,3,533,11,Potential Loyalists,0.40216629539316784,0.9705755520096071,220.83411663182815,329.4950181547645
13257,436,1,149.75,1,1,1,111,3,Hibernating,0.11744867049483318,1.0,0.0,0.0
13258,12,5,1009.43,5,4,3,543,12,Champions,0.8890118600785654,0.9857414858055252,229.21187708725208,755.4862447902377
13259,62,9,1398.79,3,5,4,354,12,Loyal Customers,0.7743316604034383,0.9856998523686618,214.63644939729144,618.788970969788
13260,61,1,557.62,3,1,2,312,6,About to Sleep,,1.0,0.0,0.0
13261,269,2,944.1,2,2,3,223,7,Hibernating,0.2247999330335261,0.5282372047268786,124.35267174501465,102.98340905833196
13262,263,3,573.45,2,3,2,232,7,At Risk,0.3234553111347991,0.8996894359344828,188.81007233906772,226.8437729805226
13263,1,38,8650.98,5,5,5,555,15,Champions,6.712897695557929,0.9985510141102895,237.29013183473276,5915.796905208919
13264,443,1,722.5600000000001,1,1,3,113,5,Hibernating,0.11606381642067322,1.0,0.0,0.0
13265,53,5,2092.66,4,4,4,444,12,Loyal Customers,1.2064834173410508,0.9719967482347653,467.5898055363095,2085.11275580319
13266,11,19,6135.04,5,5,5,555,15,Champions,2.1277034706975297,0.9965678666879575,327.7932693285742,2598.6343960060203
13267,3,36,9429.81,5,5,5,555,15,Champions,3.0064968838973436,0.998058003025929,353.4042260290994,3959.474056658879
13268,18,10,3152.71,5,5,5,555,15,Champions,2.598692498520308,0.9910475032099342,284.151911632545,2731.669861929223
13269,1,28,8537.32,5,5,5,555,15,Champions,2.3140463805651716,0.9975675047843302,420.57146808846903,3626.652897604901
13270,366,1,590.0,2,1,2,212,5,Hibernating,0.1364447129360252,1.0,0.0,0.0
13271,37,1,211.49,4,1,1,411,6,Promising,,1.0,0.0,0.0
13272,31,2,276.56,4,2,1,421,7,Potential Loyalists,0.8695923725248538,0.8984173947419581,168.67249266924665,534.4383215934282
13273,113,1,138.98,3,1,1,311,5,About to Sleep,0.3290202054615156,1.0,0.0,0.0
13274,409,1,360.85,1,1,2,112,4,Hibernating,0.1241130229591661,1.0,0.0,0.0
13275,384,2,238.86,2,2,1,221,5,Hibernating,0.1654395258387975,0.7739366072498955,78.94301915871137,48.46031625289058
13276,64,5,1891.91,3,4,4,344,11,Loyal Customers,0.5813645866580482,0.9803883479205845,394.99352065660554,854.2077042477883
13277,16,7,523.3,5,4,2,542,11,Champions,0.9828556203111649,0.9902590502234754,89.2737450560196,326.15811187852375
13278,41,4,1425.35,4,3,4,434,11,Potential Loyalists,0.4769725474162502,0.9780908061166966,404.07886952219945,716.4422763408286
13279,78,1,137.75,3,1,1,311,5,About to Sleep,,1.0,0.0,0.0
13280,122,7,2293.33,3,4,4,344,11,Loyal Customers,0.6977367464244146,0.971266794866876,376.83213039230014,978.3034430696088
13281,439,1,350.85,1,1,2,112,4,Hibernating,0.11675213412498214,1.0,0.0,0.0
13282,18,4,1313.19,5,3,4,534,12,Potential Loyalists,0.6848578990928788,0.9797605741847327,401.94851113067114,1020.2341185845814
13283,60,4,373.36,3,3,2,332,8,Need Attention,0.4556566432327754,0.9759230807083515,88.2054641603757,149.4490477269879
13284,331,1,201.19,2,1,1,211,4,Hibernating,0.14882674430306428,1.0,0.0,0.0
13285,23,6,3364.59,4,4,5,445,13,Loyal Customers,0.7302806984042651,0.9878757122964371,627.4550504268483,1704.5955753918768
13286,600,1,734.91,1,1,3,113,5,Hibernating,0.08856821298069353,1.0,0.0,0.0
13287,603,3,781.59,1,3,3,133,7,At Risk,0.1123864237870441,0.3614942608996187,285.2984575461073,119.22840493687087
13288,443,5,927.61,1,4,3,143,8,At Risk,0.28450601965350675,0.4960733915647505,147.82269588957718,156.479460937991
13289,724,1,307.95,1,1,2,112,4,Hibernating,0.07477984918294449,1.0,0.0,0.0
13291,156,11,3270.79,3,5,5,355,13,Loyal Customers,1.2360953608163232,0.9415043055838921,314.99801137263506,1449.7658585128383
13292,39,5,994.51,4,4,3,443,11,Loyal Customers,0.6971559306152401,0.9826599536056465,205.9044286724641,533.2697304837324
13293,392,6,1192.94,2,4,3,243,9,At Risk,0.38898694279098495,0.5598194562930826,198.93681296100075,287.99258735776766
13294,190,3,1689.53,2,3,4,234,9,At Risk,0.3153469777146871,0.9378157472237438,480.5700927726827,563.194933709623
13295,360,4,1101.97,2,3,3,233,8,At Risk,0.3755067216715968,0.7312215536149865,282.8076872642526,394.60383627044797
13296,137,6,792.51,3,4,3,343,10,Loyal Customers,0.7631778867000052,0.9619096476395199,139.84213902763184,396.8219295063379
13297,8,7,4368.62,5,4,5,545,14,Champions,0.8302051536170706,0.9893053234829292,769.971892226462,2375.816286577031
13298,1,1,360.0,5,1,2,512,8,New Customers,,1.0,0.0,0.0
13299,268,3,1218.7,2,3,4,234,9,At Risk,0.35209222024094783,0.8732952547222065,477.1633960820555,623.4508383055534
13300,169,3,1285.51,3,3,4,334,10,Need Attention,0.3509803953548356,0.9380768809127535,533.5820176417827,695.3962166288616
13301,104,4,600.19,3,3,2,332,8,Need Attention,0.8679161518135594,0.9408682637749237,152.1586815220033,488.11955603371393
13302,155,2,159.2,3,2,1,321,6,About to Sleep,0.22340606152736164,0.8862425768174598,81.66759831388956,67.5966850906936
13303,400,1,61.72,2,1,1,211,4,Hibernating,0.1265059206106881,1.0,0.0,0.0
13304,351,4,1217.99,2,3,4,234,9,At Risk,0.3751063763743194,0.8364597419390252,323.3871219414208,451.1925628620729
13305,4,16,3616.41,5,5,5,555,15,Champions,1.9961265759000644,0.9965234734476701,216.2729162238603,1607.3239877493877
13306,430,1,53.65,1,1,1,111,3,Hibernating,0.11886699553253288,1.0,0.0,0.0
13307,120,3,273.34,3,3,1,331,7,Need Attention,0.34663518496510076,0.9525639486181766,26.997456538603682,34.75690034570285
13308,23,4,1670.3700000000001,4,3,4,434,11,Potential Loyalists,0.48809644149455034,0.9801344728308823,491.61112004454657,891.8278196069786
13309,7,6,1706.3700000000001,5,4,4,544,13,Champions,1.102728204563249,0.9890708032554465,302.6394904627699,1237.4892434664794
13310,28,5,1541.2,4,4,4,444,12,Loyal Customers,0.8827561730645073,0.9830191205207717,338.60554435827424,1108.2387149495967
13311,4,2,598.57,5,2,2,522,9,Potential Loyalists,0.6416564586094464,0.926083242747191,135.80801343745276,319.005294189686
13312,451,1,124.75,1,1,1,111,3,Hibernating,0.11404674511258164,1.0,0.0,0.0
13313,22,12,3445.32,4,5,5,455,14,Loyal Customers,1.1888207897324934,0.9935113792315965,311.94584744171954,1381.591659085686
13314,2,3,775.94,5,3,3,533,11,Potential Loyalists,1.687089584533856,0.9712045721611539,153.3629003427029,944.0578882933149
13315,689,1,310.26,1,1,2,112,4,Hibernating,0.07814246119695238,1.0,0.0,0.0
13316,37,10,12940.82,4,5,5,455,14,Loyal Customers,1.2241392234946153,0.9909441612037552,1238.0898105185838,5641.450887815733
13317,66,19,6486.09,3,5,5,355,13,Loyal Customers,1.6483989505016547,0.9878156176204761,439.2480377603276,2697.6354307844376
13318,1,3,640.76,5,3,3,533,11,Potential Loyalists,2.2872991267892946,0.9710031502941151,187.0355229375192,1554.4559840130582
13319,5,58,21323.22,5,5,5,555,15,Champions,4.469004446188717,0.9984529074508998,533.1584681944078,8879.83872015798
13320,78,6,2211.6,3,4,4,344,11,Loyal Customers,0.7521185478269846,0.9739713052233824,498.89816228323446,1393.0151660839228
13321,72,2,567.36,3,2,2,322,7,About to Sleep,0.800970140328462,0.8113520461216261,377.82329786141474,1102.3540744920804
13322,17,1,199.48000000000002,5,1,1,511,7,New Customers,,1.0,0.0,0.0
13323,3,5,787.85,5,4,3,543,12,Champions,2.7839810167328523,0.9859600754120715,175.45079163302324,1787.750116213655
13324,36,18,10513.47,4,5,5,455,14,Loyal Customers,1.6573537157740592,0.9913070769586336,939.144240290925,5789.896974680178
13325,82,1,675.3,3,1,3,313,7,About to Sleep,,1.0,0.0,0.0
13326,432,1,281.76,1,1,1,111,3,Hibernating,0.11839042687154464,1.0,0.0,0.0
13327,39,19,9052.87,4,5,5,455,14,Loyal Customers,2.009585206099945,0.9932947455774829,483.92319075698305,3623.3161523870394
13328,316,1,1308.48,2,1,4,214,7,Hibernating,0.1542717997469839,1.0,0.0,0.0
13329,32,8,4808.77,4,4,5,445,13,Loyal Customers,0.6286586439905342,0.9874924865881742,927.8871673663825,2172.131815588606
13330,93,6,2796.1,3,4,4,344,11,Loyal Customers,0.6931150396572615,0.9784495910442438,449.9347991285857,1160.4597075304353
13331,402,1,262.4,2,1,1,211,4,Hibernating,0.12623549265081194,1.0,0.0,0.0
13332,14,1,350.9,5,1,2,512,8,New Customers,,1.0,0.0,0.0
13333,411,3,1015.74,1,3,3,133,7,At Risk,0.2594256768245002,0.7845326272810461,469.51749804328466,452.72361623345444
13334,82,5,6201.8,3,4,5,345,12,Loyal Customers,0.5716771995249849,0.9776944424097223,1314.5360071792475,2795.699963957056
13336,77,1,795.12,3,1,3,313,7,About to Sleep,,1.0,0.0,0.0
13337,546,1,1575.26,1,1,4,114,6,Hibernating,0.0963702037457416,1.0,0.0,0.0
13338,158,4,2345.62,3,3,4,334,10,Need Attention,0.41153131050346187,0.9602064355391189,563.4523255369327,862.7424876916132
13339,201,1,860.12,2,1,3,213,6,Hibernating,0.22143144676050044,1.0,0.0,0.0
13340,45,12,22100.56,4,5,5,455,14,Loyal Customers,1.071239231413293,0.9893787239605799,2052.0177289698054,8182.899228876959
13341,261,1,775.85,2,1,3,213,6,Hibernating,0.18072642592044869,1.0,0.0,0.0
13343,178,1,303.43,3,1,2,312,6,About to Sleep,0.24236882954345962,1.0,0.0,0.0
13344,68,3,2511.69,3,3,4,334,10,Need Attention,0.3918844416244818,0.8998103072824294,1040.4651668821318,1501.68862453964
13345,288,1,339.5,2,1,2,212,5,Hibernating,0.166924018063271,1.0,0.0,0.0
13346,463,6,299.4,1,4,2,142,7,At Risk,0.13733246641515398,0.21651583794169738,67.22550267773617,34.32609433169578
13347,70,1,291.36,3,1,2,312,6,About to Sleep,,1.0,0.0,0.0
13348,64,1,233.76,3,1,1,311,5,About to Sleep,,1.0,0.0,0.0
13349,11,1,197.32,5,1,1,511,7,New Customers,,1.0,0.0,0.0
13350,16,2,879.12,5,2,3,523,10,Potential Loyalists,0.9460691632833236,0.9137634627615658,346.61778460410716,1193.7027508504718
13351,66,1,323.94,3,1,2,312,6,About to Sleep,,1.0,0.0,0.0
13352,60,1,347.97999999999996,3,1,2,312,6,About to Sleep,,1.0,0.0,0.0
13354,71,1,743.53,3,1,3,313,7,About to Sleep,,1.0,0.0,0.0
13355,122,1,674.7,3,1,3,313,7,About to Sleep,0.3132581002856757,1.0,0.0,0.0
13356,80,1,768.24,3,1,3,313,7,About to Sleep,,1.0,0.0,0.0
13357,257,5,3795.0099999999998,2,4,5,245,11,At Risk,0.43299312404523943,0.9102758930919629,802.7531480484411,1292.3027104288637
13358,269,1,389.03,2,1,2,212,5,Hibernating,0.17640422904487194,1.0,0.0,0.0
13359,64,2,943.3100000000001,3,2,3,323,8,About to Sleep,0.28977858306326004,0.9103993351330659,476.1987692243822,510.0458318513933
13360,432,4,1503.65,1,3,4,134,8,At Risk,0.3125053629245386,0.726304814585544,284.8000324045024,331.1364654202289
13361,472,2,1450.5,1,2,4,124,7,Hibernating,0.14071778624916545,0.6441270717342651,771.2888555912156,402.6397912102017
13362,9,7,5394.07,5,4,5,545,14,Champions,1.2122720805747302,0.9906751019094061,787.7527687060276,3543.9594792135554
13363,18,3,1623.86,5,3,4,534,12,Potential Loyalists,0.4887597463705065,0.9689444780501035,490.8449528878218,888.4633294539581
13364,71,1,134.95999999999998,3,1,1,311,5,About to Sleep,,1.0,0.0,0.0
13365,34,2,2225.37,4,2,4,424,10,Potential Loyalists,0.4822446166456233,0.9130330810430477,1850.8518815576451,3279.3052080840534
13366,50,1,56.160000000000004,4,1,1,411,6,Promising,,1.0,0.0,0.0
13367,432,1,460.20000000000005,1,1,2,112,4,Hibernating,0.11862823222691524,1.0,0.0,0.0
13368,257,4,1021.5,2,3,3,233,8,At Risk,0.5280587123576216,0.7827292627469283,216.74888312030046,424.333480805761
13369,366,1,258.28000000000003,2,1,1,211,4,Hibernating,0.13676074799490842,1.0,0.0,0.0
13370,372,1,754.87,2,1,3,213,6,Hibernating,0.13488621606882953,1.0,0.0,0.0
13371,505,2,2297.66,1,2,4,124,7,Hibernating,0.12832012775235033,0.6002897059273208,1346.9621579786447,641.3327433185946
13372,90,1,328.64,3,1,2,312,6,About to Sleep,,1.0,0.0,0.0
13373,61,6,7587.1900000000005,3,4,5,345,12,Loyal Customers,0.6283072686087366,0.9844719823890028,1417.8872400101197,3317.2872827459396
13374,415,2,372.8,1,2,2,122,5,Hibernating,0.13126897442748992,0.4529244858610146,153.65703421404237,74.6269642710585
13375,89,2,1792.23,3,2,4,324,9,About to Sleep,0.2645935772467508,0.9040651559085383,947.3572152191755,927.3223279030145
13376,99,3,869.76,3,3,3,333,9,Need Attention,0.7368271799226424,0.92112983545266,299.839904031019,814.1859618010309
13377,397,2,1452.88,2,2,4,224,8,Hibernating,0.1612740481627,0.7685144936713774,837.0541417768724,500.9802488202229
13379,26,3,572.56,4,3,2,432,9,Potential Loyalists,1.142565726033287,0.9594838078842086,240.9675845333481,1009.6517826822267
13380,433,1,62.4,1,1,1,111,3,Hibernating,0.11839042687154464,1.0,0.0,0.0
13381,32,12,8224.37,4,5,5,455,14,Loyal Customers,1.298225129726644,0.9930854747234763,758.4336065354701,3668.380464161242
13382,281,5,1387.58,2,4,4,244,10,At Risk,0.47958097093488505,0.9106012609030024,296.990888508567,530.2428353836851
13383,544,1,305.28000000000003,1,1,2,112,4,Hibernating,0.09684416987153996,1.0,0.0,0.0
13384,31,11,6680.83,4,5,5,455,14,Loyal Customers,1.5255200074137643,0.9908897690485432,646.6611845409111,3666.3505543465294
13385,330,1,534.57,2,1,2,212,5,Hibernating,0.1492028842419521,1.0,0.0,0.0
13386,414,2,835.46,1,2,3,123,6,Hibernating,0.1214125768777077,0.4091409461745439,636.2829311419634,285.75214579599316
13387,417,1,181.84,1,1,1,111,3,Hibernating,0.12206079834985283,1.0,0.0,0.0
13388,131,3,1185.65,3,3,3,333,9,Need Attention,0.2007157236094788,0.899913306868069,824.3878760154663,613.7392683269841
13389,11,3,797.96,5,3,3,533,11,Potential Loyalists,0.7802131202221674,0.9688359911170765,297.81888943481084,856.2488373836674
13390,75,1,544.08,3,1,2,312,6,About to Sleep,,1.0,0.0,0.0
13391,204,1,59.8,2,1,1,211,4,Hibernating,0.21896470564164472,1.0,0.0,0.0
13392,677,1,91.14,1,1,1,111,3,Hibernating,0.07940265810214428,1.0,0.0,0.0
13393,584,4,1131.45,1,3,3,133,7,At Risk,0.1263788034163263,0.3060113859919073,398.54772306711845,187.44952105617008
13394,2,19,6621.7,5,5,5,555,15,Champions,2.0868047939696144,0.997298700843777,354.59036015581165,2757.359721586711
13395,185,3,1180.23,3,3,3,333,9,Need Attention,0.4453172814341735,0.9051794389801309,367.5302004931749,606.2694378600958
13396,29,2,1360.99,4,2,4,424,10,Potential Loyalists,0.35646617529823327,0.9189741807433902,1183.5721733527805,1555.9891356898208
13397,73,10,3191.87,3,5,5,355,13,Loyal Customers,1.1385510410565178,0.9858595411205634,325.47273863256754,1379.9424874230103
13398,192,2,670.34,2,2,3,223,7,Hibernating,0.24839981396413102,0.8554007602511766,558.2752026190392,513.0647464257493
13399,464,3,275.4,1,3,1,131,5,At Risk,0.13460410729842867,0.3287910460555635,98.14374273031868,49.016573703186026
13400,583,1,310.83,1,1,2,112,4,Hibernating,0.09102455456941845,1.0,0.0,0.0
13402,127,4,1226.8500000000001,3,3,4,334,10,Need Attention,0.5027261258606307,0.9606206256626061,332.62693217444473,621.2665652890711
13403,18,3,229.5,5,3,1,531,9,Potential Loyalists,0.29432903468104515,0.9701099402368207,84.67031208893155,92.68446692079647
13404,1,2,252.49,5,2,1,521,8,Potential Loyalists,0.4988950554211679,0.9278071470651824,46.46603562898724,85.1504582128876
13405,204,5,1198.81,2,4,3,243,9,At Risk,0.5049008766691379,0.950243243356567,276.0306520121911,518.8100968107083
13406,427,2,568.92,1,2,2,122,5,Hibernating,0.15541503879313417,0.7259988535586879,523.6669927279313,301.9785246656867
13407,579,3,2244.7,1,3,4,134,8,At Risk,0.10740158848279537,0.32614235081409626,473.41712512323085,188.98903903009364
13408,2,106,50174.78,5,5,5,555,15,Champions,8.512177134407738,0.9993139268103585,663.7793650757853,21058.993306446613
13410,24,9,2201.96,4,5,4,454,13,Loyal Customers,0.9715292908031928,0.9920699295131509,271.4774386706624,982.4298786466369
13411,107,1,213.55,3,1,1,311,5,About to Sleep,0.34044350449712757,1.0,0.0,0.0
13412,620,1,487.34999999999997,1,1,2,112,4,Hibernating,0.08598996422174446,1.0,0.0,0.0
13413,640,6,429.44,1,4,2,142,7,At Risk,0.02111174441872736,0.04823249823498599,147.08757923785032,11.552031024774404
13414,134,6,2494.14,3,4,4,344,11,Loyal Customers,0.7361894672582066,0.9654969580811532,472.0388347147854,1292.4755750608506
13415,473,4,784.17,1,3,3,133,7,At Risk,0.22743251241171725,0.7543753019724376,175.78027904806774,148.69109087512751
13416,44,3,940.8000000000001,4,3,3,433,10,Potential Loyalists,0.2887490799367527,0.967419836088343,392.2588750240135,421.295200366033
13417,5,6,1669.49,5,4,4,544,13,Champions,0.5636934998542641,0.9869087732797834,279.43907555518575,586.0936600963169
13418,12,31,11559.66,5,5,5,555,15,Champions,2.7925953834871318,0.9972195795150988,451.25810394515594,4695.891957472071
13419,64,1,221.06,3,1,1,311,5,About to Sleep,,1.0,0.0,0.0
13420,150,2,159.85,3,2,1,321,6,About to Sleep,0.4454895361810109,0.7028222737260215,130.4678382933035,213.0281026047853
13421,40,8,4048.25,4,4,5,445,13,Loyal Customers,0.6899931207587353,0.9862419255074395,671.2238176202217,1723.5483270450268
13422,64,1,2626.3,3,1,4,314,8,About to Sleep,,1.0,0.0,0.0
13423,429,1,217.03,1,1,1,111,3,Hibernating,0.11934741925685605,1.0,0.0,0.0
13424,450,1,572.77,1,1,2,112,4,Hibernating,0.11448889675646744,1.0,0.0,0.0
13425,108,5,3390.4300000000003,3,4,5,345,12,Loyal Customers,0.6317570130554537,0.970386187616674,671.9514579205413,1578.0551887056731
13426,1,22,8167.38,5,5,5,555,15,Champions,2.334582762338415,0.9976294527199925,381.79878831180645,3321.360699136213
13427,19,6,1006.53,5,4,3,543,12,Champions,0.6397047358927472,0.9885068346972977,189.44411707458647,451.22381541198195
13428,10,3,478.54,5,3,2,532,10,Potential Loyalists,0.238329177407816,0.9262548723670905,248.81144755355473,219.6558899075082
13429,11,4,1006.8,5,3,3,533,11,Potential Loyalists,2.3048662715066675,0.9769444175580182,240.60040398226207,2026.479634345906
13430,19,2,679.45,5,2,3,523,10,Potential Loyalists,0.9008749822544926,0.91255182103571,419.9876739428836,1378.2154756311875
13431,67,8,3316.24,3,4,5,345,12,Loyal Customers,0.8149431877453801,0.9843398495201865,519.4950509326255,1575.699514656365
13432,571,2,436.55,1,2,2,122,5,Hibernating,0.08061078847575161,0.36628713364598653,378.4045414145195,113.1545384394517
13433,501,4,658.3199999999999,1,3,3,133,7,At Risk,0.2239310605872198,0.5177240463493228,200.583638714152,167.11049295479347
13434,74,5,1666.8600000000001,3,4,4,344,11,Loyal Customers,0.5700440723975302,0.9789824782673859,347.9970058536576,738.0123581706873
13435,5,9,4447.33,5,5,5,555,15,Champions,1.370987027181978,0.9934240879157571,527.3792001639598,2686.9455813262466
13436,2,1,196.89,5,1,1,511,7,New Customers,,1.0,0.0,0.0
13437,14,7,3408.06,5,4,5,545,14,Champions,2.325998223597853,0.9879884809372398,338.2963878664142,2901.3736197321805
13438,547,1,46.5,1,1,1,111,3,Hibernating,0.09621324482369534,1.0,0.0,0.0
13439,255,3,986.61,2,3,3,233,8,At Risk,0.35751962843160184,0.8837656135792266,386.6887616247083,513.0121301669907
13440,423,7,1295.25,1,4,4,144,9,At Risk,0.1176414635290852,0.2538907384039803,29.708573679858414,12.953513148230156
13441,92,2,720.9,3,2,3,323,8,About to Sleep,0.2709597265560166,0.9021826488109532,363.6797047358675,364.45599613249556
13442,667,3,419.87,1,3,2,132,6,At Risk,0.06768568396973478,0.22733916580385785,123.54061178890086,31.10336182678515
13443,449,6,1269.3700000000001,1,4,4,144,9,At Risk,0.231593856669464,0.3373982811187091,216.1898550806877,186.34962655863967
13444,374,2,619.08,2,2,3,223,7,Hibernating,0.1789894234013257,0.6860271129064488,590.3041442432452,391.3272042774198
13445,626,1,241.89999999999998,1,1,1,111,3,Hibernating,0.08524551874228362,1.0,0.0,0.0
13446,430,11,3881.89,1,5,5,155,11,Cannot Lose Them,0.018597543940948542,0.014107126306708875,340.3679154972978,23.5684491811482
13447,23,3,1129.14,4,3,3,433,10,Potential Loyalists,2.2682289327626384,0.9438408904074349,497.92671948103873,4102.657545664711
13448,17,12,8386.22,5,5,5,555,15,Champions,1.1953862698969162,0.994012296093884,760.40124029746,3386.2756775968146
13449,24,1,291.88,4,1,2,412,7,Promising,,1.0,0.0,0.0
13450,27,13,4120.04,4,5,5,455,14,Loyal Customers,1.6952773228219562,0.9933948993335232,328.4418179127624,2072.1613425639134
13451,26,11,7088.92,4,5,5,455,14,Loyal Customers,1.3749034065229637,0.9927501121315676,633.6646873954973,3242.8052515366808
13452,259,3,729.8,2,3,3,233,8,At Risk,0.38078866233888925,0.8552626360671205,325.1655720333662,459.08283543148195
13453,166,3,781.6899999999999,3,3,3,333,9,Need Attention,0.4682825679603947,0.9146346028217668,197.54041723434057,342.5323399321859
13454,641,1,219.87,1,1,1,111,3,Hibernating,0.08343962478506803,1.0,0.0,0.0
13455,25,6,2212.9900000000002,4,4,4,444,12,Loyal Customers,0.6330030389534756,0.9880990895526441,398.1363011864991,938.4186001507278
13456,18,6,1766.72,5,4,4,544,13,Champions,1.8478648774972883,0.9855761255729127,323.831763073632,2207.392413810485
13457,689,2,148.22,1,2,1,121,4,Hibernating,0.061385553922012094,0.33040230046891705,47.725396660714054,10.883199389141264
13458,7,16,11959.27,5,5,5,555,15,Champions,3.10195821213457,0.9959400197334116,717.7097474251357,8262.186540269737
13459,625,2,1160.4099999999999,1,2,3,123,6,Hibernating,0.07721459731958277,0.38711322795862013,645.8007943240526,185.13445633633586
13460,29,2,183.44,4,2,1,421,7,Potential Loyalists,1.161190119224863,0.8869120359564486,96.47719967736927,406.45009245375724
13461,39,6,4160.0,4,4,5,445,13,Loyal Customers,0.758670871850929,0.986038156050535,793.0457120682485,2237.5818084463685
13462,253,5,1153.85,2,4,3,243,9,At Risk,0.4922944921506813,0.9276923121698047,257.65025756867993,472.1762085081526
13464,58,6,3097.64,4,4,5,445,13,Loyal Customers,0.6020536994996976,0.9807955936678907,732.3908579087819,1639.8250415056623
13465,446,2,931.12,1,2,3,123,6,Hibernating,0.14934239552991674,0.6525483309803713,391.50673984075416,216.81676481092683
13466,184,5,1013.35,3,4,3,343,10,Loyal Customers,0.44996518546538183,0.9473235136053013,267.084793022458,446.82132594941106
13467,11,2,1071.91,5,2,3,523,10,Potential Loyalists,1.3539338247364818,0.9154323830312454,369.2620646938104,1810.8023927109436
13468,2,72,12793.28,5,5,5,555,15,Champions,7.826874264973634,0.9992596404919225,181.36730043481455,5290.793799682402
13469,653,1,82.4,1,1,1,111,3,Hibernating,0.08204910214822064,1.0,0.0,0.0
13470,99,2,165.0,3,2,1,321,6,About to Sleep,0.6370409965913962,0.7695585353236652,64.41193033109431,149.84086628751547
13471,1,4,2501.84,5,3,4,534,12,Potential Loyalists,2.9004663683102616,0.9818254548440823,553.4198238093866,5848.00282710622
13472,464,2,592.24,1,2,2,122,5,Hibernating,0.13584434114200267,0.5653179008206292,404.148787120781,203.49757128457395
13473,61,8,2657.7599999999998,3,4,4,344,11,Loyal Customers,0.7490998910464459,0.9860939096872536,390.1105921171143,1088.255815866175
13474,236,3,646.59,2,3,3,233,8,At Risk,0.37931386429516145,0.8884480511112034,164.13616785148685,230.92293750732958
13475,191,4,1431.78,2,3,4,234,9,At Risk,0.7069659737539065,0.779285741124005,395.7626864323463,1034.3326473776967
13476,179,5,2061.4700000000003,3,4,4,344,11,Loyal Customers,0.5631705992983899,0.9523946885567655,476.8558035883924,998.9885647600189
13477,38,11,2819.17,4,5,4,454,13,Loyal Customers,1.152404196507404,0.9912242383534157,271.9479403797758,1166.9880989841574
13478,469,5,2215.78,1,4,4,144,9,At Risk,0.2595757348077362,0.5851456915918225,648.762208833566,626.4225933804648
13479,201,4,851.37,2,3,3,233,8,At Risk,0.5534595622478728,0.9112198549899677,165.510578882861,339.92007564327207
13480,417,2,627.82,1,2,3,123,6,Hibernating,0.15373261552986917,0.7676404227599091,166.58970327062156,95.07993101023241
13481,46,11,3830.84,4,5,5,455,14,Loyal Customers,0.9646230298660764,0.9899706434905194,450.2191915452801,1617.7323336123363
13482,232,2,336.09,2,2,2,222,6,Hibernating,0.18679691863057246,0.8675824138168017,228.0562090114417,158.05841709188203
13483,66,1,140.34,3,1,1,311,5,About to Sleep,,1.0,0.0,0.0
13484,241,3,790.72,2,3,3,233,8,At Risk,0.31185457032212094,0.9182981211850823,344.3022251475966,398.99957668898884
13485,233,11,3015.2200000000003,2,5,5,255,12,Cannot Lose Them,0.8677154843113114,0.8916304875952284,364.6408910482906,1178.6124214655747
13486,78,3,1122.41,3,3,3,333,9,Need Attention,0.9936134767683511,0.9134812161844325,506.0436398918256,1846.0483459548664
13487,58,5,846.87,4,4,3,443,11,Loyal Customers,0.5152701978236475,0.9820547595965934,195.1511660529242,374.357393462397
13488,17,23,14205.96,5,5,5,555,15,Champions,2.2373376206414397,0.9959467645682092,777.4635775422746,6479.09795411914
13489,105,4,449.52,3,3,2,332,8,Need Attention,0.8620150652022885,0.9397127160546562,133.03499921665605,423.89444637780207
13490,654,1,154.25,1,1,1,111,3,Hibernating,0.08193531515720132,1.0,0.0,0.0
13491,52,27,4467.66,4,5,5,455,14,Loyal Customers,2.980546346942921,0.9894432789499116,164.5428141205714,1827.5943433483128
13492,136,3,1269.84,3,3,4,334,10,Need Attention,0.7290838167978108,0.8504080099831721,524.8242877248811,1408.980782386129
13493,275,2,498.63,2,2,2,222,6,Hibernating,0.21111921392668903,0.4989242722293361,439.5319884160285,341.872396977575
13494,312,1,316.26000000000005,2,1,2,212,5,Hibernating,0.1563144118841396,1.0,0.0,0.0
13495,8,10,4863.31,5,5,5,555,15,Champions,1.0846839712490457,0.994136707898994,500.21919470647885,2021.193602392946
13496,11,2,653.33,5,2,3,523,10,Potential Loyalists,0.3251464010447014,0.9255139496052575,188.9191431023931,226.79839758567294
13497,283,6,1166.83,2,4,3,243,9,At Risk,0.5986094200639762,0.8626784061811464,197.59817913811852,440.2116634211009
13498,730,1,327.38,1,1,2,112,4,Hibernating,0.07412316681440967,1.0,0.0,0.0
13499,18,5,1159.11,5,4,3,543,12,Champions,1.2357122002166867,0.9837438867250279,262.5773115399568,1199.1231688183693
13500,23,4,1466.3,4,3,4,434,11,Potential Loyalists,0.6915985728493433,0.9788928274417948,414.2033800839312,1061.583713930864
13501,288,3,2885.11,2,3,4,234,9,At Risk,0.3285007255812502,0.8724979801086516,1256.2234453878234,1532.2488262049876
13502,17,5,780.5,5,4,3,543,12,Champions,0.6741158647692773,0.9855779278914717,124.49433690090582,311.85856250258564
13503,71,5,1778.04,3,4,4,344,11,Loyal Customers,0.4418489159645187,0.974548430517295,317.38177611015243,521.5631907485874
13504,64,1,295.93,3,1,2,312,6,About to Sleep,,1.0,0.0,0.0
13505,73,4,3633.63,3,3,5,335,11,Need Attention,1.0563722503849862,0.9524442248964962,986.4877123144717,3844.1022310219937
13506,316,5,1338.08,2,4,4,244,10,At Risk,0.40392301630642646,0.5057159349898533,239.02155006030344,358.3210672355496
13507,3,4,2479.16,5,3,4,534,12,Potential Loyalists,1.5408141094594545,0.9814706117351788,438.9785280890637,2484.7858112212193
13508,244,2,287.05,2,2,2,222,6,Hibernating,0.18231758492654326,0.8651235608652599,138.84743285056265,93.94056360412053
13509,9,7,1099.72,5,4,3,543,12,Champions,1.038610035958614,0.9909471663403477,166.22777689088966,641.4945570352594
13510,1,11,4558.29,5,5,5,555,15,Champions,1.1045477029413038,0.994547736798762,486.6725713383507,2002.2548816794456
13511,677,1,282.76,1,1,1,111,3,Hibernating,0.07950951235684305,1.0,0.0,0.0
13512,261,4,713.39,2,3,3,233,8,At Risk,0.45438163808770005,0.894480620830269,199.51138191575822,336.8812623524651
13513,127,3,824.59,3,3,3,333,9,Need Attention,0.3166739732028524,0.9536840081797818,289.537658894251,340.77851659009394
13514,74,4,815.9000000000001,3,3,3,333,9,Need Attention,0.4294272512315834,0.9745567126125106,167.4887688178516,267.5552055152015
13515,73,6,1265.82,3,4,4,344,11,Loyal Customers,0.7052652682497107,0.9817466833073404,224.08903794884122,588.0404072614831
13516,21,4,1685.26,4,3,4,434,11,Potential Loyalists,0.6689367714184169,0.9793499485078175,492.99125255733077,1222.4868780577362
13517,60,3,2128.42,3,3,4,334,10,Need Attention,0.9239545254427594,0.9423078069519196,564.2696728790559,1916.6440687453635
13518,86,1,627.16,3,1,3,313,7,About to Sleep,,1.0,0.0,0.0
13519,78,2,343.21,3,2,2,322,7,About to Sleep,0.26658899835666594,0.9073057439707606,153.11211838300676,150.9982196803031
13520,59,11,5446.0,4,5,5,455,14,Loyal Customers,1.2061404644731484,0.9891201567346537,506.8579113153973,2277.2954630084173
13521,1,3,1070.47,5,3,3,533,11,Potential Loyalists,3.1221028930088726,0.970717259940589,436.3432828421131,4929.322875059876
13522,30,1,125.80000000000001,4,1,1,411,6,Promising,,1.0,0.0,0.0
13523,33,6,4534.57,4,4,5,445,13,Loyal Customers,0.8819304397389088,0.9820996008705193,1037.3140739200337,3391.9004081580492
13524,41,5,680.1800000000001,4,4,3,443,11,Loyal Customers,1.439714965793464,0.9742691756136432,137.14000645689373,728.3984888553789
13525,15,2,628.78,5,2,3,523,10,Potential Loyalists,0.4391974965016489,0.9229452488589036,423.3298243732355,684.0028775717299
13526,738,2,1182.0,1,2,3,123,6,Hibernating,0.07338665913411922,1.0,0.0,0.0
13527,34,12,4541.29,4,5,5,455,14,Loyal Customers,1.2662771975708027,0.9922220118284576,440.2873561686419,2076.2513329460644
13529,79,2,307.76,3,2,2,322,7,About to Sleep,0.4868521468483564,0.8792559849070729,157.84683149267198,282.1689704294219
13530,634,1,402.97999999999996,1,1,2,112,4,Hibernating,0.08427275464579417,1.0,0.0,0.0
13531,205,6,1433.07,2,4,4,244,10,At Risk,0.4977418423922855,0.9510229715318206,294.07124963009693,544.9340184230673
13532,34,1,210.31,4,1,1,411,6,Promising,,1.0,0.0,0.0
13533,183,3,269.09,3,3,1,331,7,Need Attention,0.3469158545640887,0.773270199657663,154.80741207956203,197.7209388019697
13534,2,35,7720.9,5,5,5,555,15,Champions,3.943085104999167,0.9979362919868704,303.38227333981524,4449.093730553702
13535,403,1,89.5,2,1,1,211,4,Hibernating,0.12596621931373056,1.0,0.0,0.0
13536,1,7,3444.39,5,4,5,545,14,Champions,4.263351163966674,0.9913467908282322,513.7327676334272,8016.275824395941
13537,426,2,717.85,1,2,3,123,6,Hibernating,0.11891899319129917,0.4119084408342115,370.17025774553645,162.87380378636357
13538,43,12,3103.13,4,5,5,455,14,Loyal Customers,1.4061977470792806,0.9912268591711116,229.3630768164954,1201.05256636644
13539,86,7,1569.3600000000001,3,4,4,344,11,Loyal Customers,0.8963105259836353,0.979375572434582,212.77061622891836,709.314396700568
13540,467,3,632.39,1,3,3,133,7,At Risk,0.1434616670759738,0.6932573686128662,323.11374842543654,172.04650269939845
13541,427,2,785.25,1,2,3,123,6,Hibernating,0.1565668260167935,0.6673099840446646,579.5390292701188,336.398927612097
13542,377,17,3959.4900000000002,2,5,5,255,12,Cannot Lose Them,0.013640997429742353,0.007220103678815513,239.18339949285738,12.156761030390628
13543,634,2,1439.6100000000001,1,2,4,124,7,Hibernating,0.07291156337201664,0.3679855661883854,1035.1613194600516,280.2320544432163
13544,40,6,790.2,4,4,3,443,11,Loyal Customers,0.5815246282032898,0.9834337372294435,160.11549951128265,346.36576308310754
13545,391,2,364.93,2,2,2,222,6,Hibernating,0.17148940809753951,0.7010001139586892,303.26670293504964,192.73734960296093
13546,12,5,1086.24,5,4,3,543,12,Champions,0.8452890700439202,0.9856821980592645,234.59634986222832,735.5304587081249
13547,408,1,164.53,2,1,1,211,4,Hibernating,0.12437441721936675,1.0,0.0,0.0
13548,96,3,901.44,3,3,3,333,9,Need Attention,0.4251224670950335,0.9530591513339555,373.4508421693292,588.6304468716619
13549,26,8,1005.8,4,4,3,443,11,Loyal Customers,1.5096008137513548,0.9891824232571867,135.05966614597062,756.2326816915037
13550,383,1,342.55,2,1,2,212,5,Hibernating,0.13128732736839993,1.0,0.0,0.0
13551,319,2,244.2,2,2,1,221,5,Hibernating,0.16972554474725018,0.8326976886291427,115.63401844844444,72.85229209663623
13552,66,22,6948.92,3,5,5,355,13,Loyal Customers,1.678173353141496,0.986455102035531,484.9323088840782,3030.2572190388655
13553,675,1,499.6,1,1,2,112,4,Hibernating,0.07972408628319635,1.0,0.0,0.0
13554,380,7,1629.35,2,4,4,244,10,At Risk,0.039289851250094335,0.0394089204321181,316.3387291672198,46.1312503553821
13555,74,13,8891.84,3,5,5,355,13,Loyal Customers,1.0187606120708503,0.9853743420850583,1032.5124918808556,3916.828969050644
13556,429,2,200.82,1,2,1,121,4,Hibernating,0.09695480994750479,0.3254211281456426,117.81368177258697,42.249605503658856
13557,28,13,3032.26,4,5,5,455,14,Loyal Customers,1.3100191542700625,0.9933655969578911,255.26505132571526,1245.8144691001103
13558,6,4,594.52,5,3,2,532,10,Potential Loyalists,2.4340128199109348,0.97976583088573,143.50277350592643,1275.5073589735534
13559,513,2,990.0,1,2,3,123,6,Hibernating,0.09033509356452873,0.36865823479033794,803.681074436112,269.0527254839085
13560,7,1,171.42000000000002,5,1,1,511,7,New Customers,,1.0,0.0,0.0
13561,216,11,1803.4,2,5,4,254,11,Cannot Lose Them,1.036642999764466,0.8510946952299112,182.14660813757595,702.9069720460105
13562,82,8,4838.18,3,4,5,345,12,Loyal Customers,0.7759938943684873,0.9826341717082656,669.8585465318132,1935.2583233680848
13563,84,2,777.53,3,2,3,323,8,About to Sleep,0.6116577843626816,0.8416839937701834,569.5489057011322,1274.454650686009
13564,354,36,15880.22,2,5,5,255,12,Cannot Lose Them,0.0007638963697580225,0.0002758813702673951,661.6668505681383,1.883592523691892
13565,19,3,414.8,5,3,2,532,10,Potential Loyalists,0.48653446995664906,0.9686041758253365,133.59091472668354,240.71756521706902
13566,41,5,1684.75,4,4,4,444,12,Loyal Customers,0.5855693415262395,0.9832868521401525,366.24148156692655,797.7336825363402
13567,428,4,1079.29,1,3,3,133,7,At Risk,0.22226206328764977,0.5633644902808725,366.16094941173316,302.061586967191
13568,173,1,187.05,3,1,1,311,5,About to Sleep,0.24642202406009986,1.0,0.0,0.0
13569,17,4,725.04,5,3,3,533,11,Potential Loyalists,0.654463128291599,0.9800419275852355,174.3823537791426,423.15112063382855
13570,243,1,239.49,2,1,1,211,4,Hibernating,0.19065415530114393,1.0,0.0,0.0
13571,13,26,4537.26,5,5,5,555,15,Champions,2.8948730893585704,0.997208558097344,178.43169573969237,1924.8631609663921
13572,206,1,1384.25,2,1,4,214,7,Hibernating,0.21735057721432427,1.0,0.0,0.0
13573,50,6,903.07,4,4,3,443,11,Loyal Customers,0.5865069212695615,0.9820619467910426,215.99639439294145,471.2193093914872
13574,411,1,404.45,1,1,2,112,4,Hibernating,0.12359351935798644,1.0,0.0,0.0
13575,23,5,732.0699999999999,4,4,3,443,11,Loyal Customers,1.7067124028180225,0.9796792737940964,169.1697780027961,1063.146048180924
13576,10,28,11202.59,5,5,5,555,15,Champions,3.121529572203956,0.9975194215874095,405.48561636689226,4716.806860253296
13577,25,11,3484.28,4,5,5,455,14,Loyal Customers,1.2065190973563444,0.9932049477296869,345.326282510109,1552.061732858182
13578,409,1,147.66,1,1,1,111,3,Hibernating,0.1241130229591661,1.0,0.0,0.0
13579,15,5,1374.34,5,4,4,544,13,Champions,0.5709751738598655,0.9860318066641065,259.93996540891254,552.1874035819302
13580,406,1,107.75,2,1,1,211,4,Hibernating,0.1249005254487107,1.0,0.0,0.0
13581,309,2,280.53000000000003,2,2,1,221,5,Hibernating,0.21632018122771976,0.6955810128228899,147.3602290554083,117.85267823834515
13582,390,2,241.68,2,2,1,221,5,Hibernating,0.16597110138090043,0.7597225793169714,203.2807025603546,125.16395295322697
13583,156,2,1445.03,3,2,4,324,9,About to Sleep,0.1797607525641567,0.8976079644412077,950.2392145033195,634.1653568176384
13584,307,3,385.7,2,3,2,232,7,At Risk,0.2882557976014779,0.8922162892523663,212.558363095594,227.77192487082237
13585,531,3,684.54,1,3,3,133,7,At Risk,0.19590989389299956,0.6580119936480462,369.9619904138155,269.5964937896872
13586,541,1,127.28,1,1,1,111,3,Hibernating,0.0971627471864886,1.0,0.0,0.0
13587,64,4,1673.5,3,3,4,334,10,Need Attention,0.3166843854404949,0.9643129037241363,607.3408348968886,714.9078342691797
13588,16,9,2478.95,5,5,4,554,14,Champions,2.4163031660945733,0.9907686128969316,302.7598010678852,2704.962985160871
13589,15,6,1120.74,5,4,3,543,12,Champions,0.6311546609649793,0.9889334587042403,177.23063758222108,416.52771061396004
13590,11,18,6336.04,5,5,5,555,15,Champions,1.8611197111835855,0.9962547239868225,377.3867031170416,2617.1584183560176
13591,65,7,2093.94,3,4,4,344,11,Loyal Customers,0.7477698332130363,0.9855913458502993,350.9263790834238,977.2167277563498
13592,36,4,247.95999999999998,4,3,1,431,8,Potential Loyalists,0.9746629278029145,0.9736125410243986,61.90509278855099,222.82109167521224
13593,108,14,5493.29,3,5,5,355,13,Loyal Customers,1.5506388414045729,0.9685440878444431,424.1764409808054,2448.8464665189827
13594,53,2,533.32,4,2,2,422,8,Potential Loyalists,0.24821427935321297,0.9163797391271153,485.17171657543577,445.8610615670768
13595,517,3,784.48,1,3,3,133,7,At Risk,0.17438244425644228,0.5185989206182315,140.1468889046268,90.82377490133254
13596,6,2,664.11,5,2,3,523,10,Potential Loyalists,1.7901251143159587,0.9201332917067258,350.1173551634249,2261.6227255248186
13597,400,2,396.71,2,2,2,222,6,Hibernating,0.10477177331864249,0.32845916951849113,24.45143605514741,9.468765494564806
13598,47,5,761.96,4,4,3,443,11,Loyal Customers,0.44940185775611563,0.9775498668704476,175.97835317213142,294.10498524933865
13599,1,33,9811.04,5,5,5,555,15,Champions,2.535514666541594,0.9977867712293792,420.29505522562636,3971.25679256311
13600,312,2,518.42,2,2,2,222,6,Hibernating,0.17659262717547364,0.828480784878076,270.2932405370486,177.11354994316116
13601,45,4,1159.99,4,3,3,433,10,Potential Loyalists,0.5262821419253751,0.9768415622105172,347.24572040601197,678.80657282903
13602,65,4,1025.17,3,3,3,333,9,Need Attention,0.513029602966453,0.9740720060272783,304.1537367953137,579.6998368615938
13603,26,1,164.34,4,1,1,411,6,Promising,,1.0,0.0,0.0
13604,659,1,717.62,1,1,3,113,5,Hibernating,0.08148330697867542,1.0,0.0,0.0
13605,387,2,522.67,2,2,2,222,6,Hibernating,0.17102561562372237,0.7300827307217876,431.660981967736,273.70478003256443
13606,29,3,276.75,4,3,1,431,8,Potential Loyalists,0.6138500292359576,0.9652160112698233,115.24842723968942,261.38345558516545
13607,40,2,1075.81,4,2,3,423,9,Potential Loyalists,0.2926983640384126,0.9176084218703539,822.462506745807,889.7768447615233
13608,541,1,232.05,1,1,1,111,3,Hibernating,0.0973228235308076,1.0,0.0,0.0
13609,593,1,167.35,1,1,1,111,3,Hibernating,0.08950752982197797,1.0,0.0,0.0
13610,12,14,2102.46,5,5,4,554,14,Champions,1.5941468257940716,0.9954345578505831,137.8939500797534,818.8344832926339
13611,89,10,3297.9300000000003,3,5,5,355,13,Loyal Customers,1.067529279471804,0.9833277996192562,335.7981299635941,1335.4123602486227
13612,633,1,818.29,1,1,3,113,5,Hibernating,0.08451385753972607,1.0,0.0,0.0
13613,453,5,1039.8500000000001,1,4,3,143,8,At Risk,0.2362557942512455,0.7164407965676522,315.22480918209885,276.8090624740404
13614,24,6,2332.74,4,4,4,444,12,Loyal Customers,0.8165525910540987,0.9874742304892443,421.2826476285964,1278.6684916592242
13615,319,8,6272.53,2,4,5,245,11,At Risk,0.6125595920268293,0.661891220505424,801.0870332803707,1826.9381253389854
13616,568,2,283.85,1,2,1,121,4,Hibernating,0.11012785929077243,0.5587716480466653,132.64750161744604,54.241129938945676
13617,40,8,1278.75,4,4,4,444,12,Loyal Customers,1.216310128014373,0.9876756534531664,171.44359652880374,774.8047233971246
13618,174,1,177.34,3,1,1,311,5,About to Sleep,0.24642202406009986,1.0,0.0,0.0
13619,545,2,223.44,1,2,1,121,4,Hibernating,0.11756036240393816,0.5830767494331868,155.47342031749452,67.85271684700818
13620,528,1,112.34,1,1,1,111,3,Hibernating,0.09928573305218753,1.0,0.0,0.0
13621,117,1,213.85,3,1,1,311,5,About to Sleep,0.3235922394140974,1.0,0.0,0.0
13622,696,1,658.95,1,1,3,113,5,Hibernating,0.0774256557910136,1.0,0.0,0.0
13623,31,10,2533.06,4,5,4,454,13,Loyal Customers,1.0758459623143843,0.9922265087174249,216.2533709869735,866.7094501962337
13624,388,1,462.08,2,1,2,212,5,Hibernating,0.12984389339853405,1.0,0.0,0.0
13625,597,1,301.26,1,1,2,112,4,Hibernating,0.08910253576979668,1.0,0.0,0.0
13626,253,2,707.04,2,2,3,223,7,Hibernating,0.25526714882900914,0.7608652940968669,315.9571871778352,297.9408140307335
13627,59,7,2245.9,4,4,4,444,12,Loyal Customers,0.8377441774129587,0.9853084801287257,333.8918543705122,1040.89081880428
13628,676,1,310.14,1,1,2,112,4,Hibernating,0.07950951235684305,1.0,0.0,0.0
13629,23,19,13370.86,4,5,5,455,14,Loyal Customers,2.287715233182521,0.9952078645828442,713.2662344884191,6077.091406865045
13630,5,7,2031.78,5,4,4,544,13,Champions,1.6984335120887557,0.9909263053198858,298.04108017121047,1872.7720662220695
13631,100,11,3070.42,3,5,5,355,13,Loyal Customers,1.6581201747954983,0.9175615318627984,513.9387473760258,3151.0617228622687
13632,25,8,3645.81,4,4,5,445,13,Loyal Customers,1.0105884115421944,0.9907709662077026,481.0139278114821,1808.629429124142
13634,33,15,4988.08,4,5,5,455,14,Loyal Customers,1.6011132045293506,0.9932705530033054,366.57726262196815,2186.2159409575415
13635,68,4,2999.16,3,3,5,335,11,Need Attention,0.4000426244120537,0.9759503267305876,927.3366483370698,1380.6866104148091
13636,37,5,949.12,4,4,3,443,11,Loyal Customers,1.1733645459635296,0.9789302739158503,208.6646244250733,905.2765731936433
13637,52,3,803.05,4,3,3,433,10,Potential Loyalists,0.7833107931896486,0.9530085942470702,214.4753146096125,618.9305841948797
13638,16,1,122.64,5,1,1,511,7,New Customers,,1.0,0.0,0.0
13639,74,2,1346.27,3,2,4,324,9,About to Sleep,0.2700796963906723,0.9083132079922324,1255.7674663446578,1254.4915432776993
13640,611,1,405.0,1,1,2,112,4,Hibernating,0.08713134594473325,1.0,0.0,0.0
13641,641,4,942.37,1,3,3,133,7,At Risk,0.09358204025502151,0.3127527365655604,395.41910651998114,137.63713150908478
13642,216,4,472.2,2,3,2,232,7,At Risk,0.24996175074952387,0.8339453245054861,382.61855717452835,353.7284468207781
13643,31,10,2156.77,4,5,4,454,13,Loyal Customers,1.0838290718876045,0.9921059804603786,209.46079762699281,845.6772072937035
13644,16,4,2624.26,5,3,4,534,12,Potential Loyalists,1.8919637707970478,0.974801941047438,628.7962918152889,4358.556420825049
13645,120,1,252.1,3,1,1,311,5,About to Sleep,0.3166284392966999,1.0,0.0,0.0
13646,400,2,326.25,2,2,2,222,6,Hibernating,0.12677751064109372,1.0,0.0,0.0
13647,10,8,3041.68,5,4,5,545,14,Champions,0.8892672506455398,0.9909788702070459,468.58200805579474,1550.0515890975646
13648,400,8,1759.07,2,4,4,244,10,At Risk,0.40641084244978526,0.5444858869319821,257.41844193503914,389.6329094211284
13649,257,6,1453.68,2,4,4,244,10,At Risk,0.68606263059501,0.7973215945837017,237.67223409279356,605.9164287031103
13650,17,10,3288.0,5,5,5,555,15,Champions,1.0359162109269118,0.992659257450434,356.07309398634953,1373.426674463365
13651,40,2,211.85,4,2,1,421,7,Potential Loyalists,0.30639015528328295,0.9173576897556512,100.37637517944651,113.61470235982966
13652,46,5,2262.05,4,4,4,444,12,Loyal Customers,0.5746593035733163,0.9827944998497667,489.2505462577795,1045.9452796507692
13653,488,1,152.2,1,1,1,111,3,Hibernating,0.10663436988594717,1.0,0.0,0.0
13654,43,11,6308.0,4,5,5,455,14,Loyal Customers,1.0743519755018596,0.9908486410941897,697.0134714662724,2789.640954972545
13655,114,6,2280.51,3,4,4,344,11,Loyal Customers,0.7538816048071423,0.9709273236274371,364.9377679413029,1023.1071267875056
13656,165,4,1078.85,3,3,3,333,9,Need Attention,0.4744859165002823,0.9513614954661275,268.0261141722031,472.6603430608336
13657,11,2,382.14,5,2,2,522,9,Potential Loyalists,0.5172972894031763,0.9238181668545031,282.74153996604053,536.9604567899293
13658,10,9,6025.5,5,5,5,555,15,Champions,0.8060209420239183,0.9910551766696474,866.3048600438924,2599.1558215661507
13659,206,12,4884.68,2,5,5,255,12,Cannot Lose Them,1.131329103191138,0.8546280834181785,454.65359359738625,1915.071645020324
13660,400,1,306.64,2,1,2,212,5,Hibernating,0.1265059206106881,1.0,0.0,0.0
13661,603,1,325.24,1,1,2,112,4,Hibernating,0.0881716593375495,1.0,0.0,0.0
13662,86,11,2233.61,3,5,4,354,12,Loyal Customers,0.8134528366896973,0.981181747257532,332.45686216374133,1006.5338350205715
13663,179,5,2047.51,3,4,4,344,11,Loyal Customers,0.5614688331854361,0.9521965584318749,393.57682927600496,822.0479271677897
13665,386,3,1711.6599999999999,2,3,4,234,9,At Risk,0.26131828942751867,0.6219117643455977,592.9089284984922,574.7544136037093
13666,60,5,127.05,3,4,1,341,8,Loyal Customers,0.40186275469257277,0.9767270364380796,39.366467214391726,58.8768852035859
13667,149,1,299.05,3,1,2,312,6,About to Sleep,0.2739145050136915,1.0,0.0,0.0
13668,3,35,12948.48,5,5,5,555,15,Champions,3.9302955016441485,0.998488886743714,364.7176617838229,5341.89826883954
13669,51,3,413.55,4,3,2,432,9,Potential Loyalists,0.4874487926675227,0.9622666981547598,121.72224635274617,219.7258211445636
13670,75,1,349.7,3,1,2,312,6,About to Sleep,,1.0,0.0,0.0
13671,395,1,172.6,2,1,1,211,4,Hibernating,0.12815315705728378,1.0,0.0,0.0
13672,301,3,419.92,2,3,2,232,7,At Risk,0.27252758730809945,0.9062319320581604,104.10820044107909,105.52744589274464
13673,19,2,387.44,5,2,2,522,9,Potential Loyalists,1.3880489255694541,0.9010314363758116,226.45778924040383,1137.852655813177
13674,433,1,240.68,1,1,1,111,3,Hibernating,0.11839042687154464,1.0,0.0,0.0
13675,151,2,486.82000000000005,3,2,2,322,7,About to Sleep,0.3557300282248298,0.8335103372483864,220.4758243397015,288.92323541728
13676,539,2,243.9,1,2,1,121,4,Hibernating,0.10701956774425084,0.4913113808191006,144.45401128988493,57.35279908620155
13677,405,2,551.24,2,2,2,222,6,Hibernating,0.16436535700441385,0.6454143193623467,340.2362147606453,207.17108146234924
13678,152,1,232.6,3,1,1,311,5,About to Sleep,0.27139068961509255,1.0,0.0,0.0
13679,494,3,281.26,1,3,1,131,5,At Risk,0.2172444049619383,0.7269431249716928,86.62012562890465,69.99333740540338
13680,1,12,11419.67,5,5,5,555,15,Champions,1.3063462241137478,0.9955617809634162,998.0857577638687,4857.618170015428
13681,18,4,827.83,5,3,3,533,11,Potential Loyalists,1.463057305768586,0.9764579922142285,222.2587967674925,1195.2724399471667
13682,187,1,59.5,2,1,1,211,4,Hibernating,0.23279732100354314,1.0,0.0,0.0
13683,458,1,258.6,1,1,1,111,3,Hibernating,0.1127405596589922,1.0,0.0,0.0
13684,286,4,594.88,2,3,2,232,7,At Risk,0.42508175905218964,0.8858928128419905,144.3980902385787,228.19569369250922
13685,3,7,3119.44,5,4,5,545,14,Champions,4.050498721457651,0.9890121060131749,370.70881313747486,5485.589712363579
13686,183,3,409.04,3,3,2,332,8,Need Attention,0.4624821256144768,0.9013703659919947,102.58011623419007,175.66562035465589
13687,438,1,11880.84,1,1,5,115,7,Hibernating,0.1169833924850057,1.0,0.0,0.0
13688,635,1,375.5,1,1,2,112,4,Hibernating,0.08415271853412047,1.0,0.0,0.0
13689,63,2,1259.5,3,2,4,324,9,About to Sleep,0.26694152206388233,0.912087629920389,1106.412091678134,1092.623903964774
13690,59,1,172.25,4,1,1,411,6,Promising,,1.0,0.0,0.0
13691,396,1,210.78,2,1,1,211,4,Hibernating,0.127599328600515,1.0,0.0,0.0
13692,25,5,3114.4,4,4,5,445,13,Loyal Customers,0.850695577836943,0.9838650150894676,520.9379071563411,1643.6270103147804
13693,374,9,2011.82,2,5,4,254,11,Cannot Lose Them,0.3890802591189734,0.39780586767343773,235.37002009060754,341.11871776137457
13694,4,143,195640.69,5,5,5,555,15,Champions,9.298912776937142,0.9992211284849576,2360.0680413069026,81796.10369477696
13695,31,16,2770.73,4,5,4,454,13,Loyal Customers,2.0419050675296386,0.9929549619270082,181.38693934237995,1378.099168100396
13696,422,3,2020.4,1,3,4,134,8,At Risk,0.2539772382515635,0.7765550242890383,940.9999384226222,888.3594023384022
13697,39,1,151.29999999999998,4,1,1,411,6,Promising,,1.0,0.0,0.0
13698,597,2,451.73,1,2,2,122,5,Hibernating,0.09378834562122673,0.46957611272364286,328.3086126813097,114.3182506902852
13699,155,2,764.15,3,2,3,323,8,About to Sleep,0.21525049360218093,0.8885473529981834,378.13813811934654,301.67429716430655
13700,26,13,2596.9700000000003,4,5,4,454,13,Loyal Customers,1.2964989804296476,0.9929200694068314,259.15023020924974,1251.0560847387571
13701,447,1,161.0,1,1,1,111,3,Hibernating,0.1151585944649329,1.0,0.0,0.0
13702,446,1,135.18,1,1,1,111,3,Hibernating,0.11538357268346706,1.0,0.0,0.0
13703,318,2,425.56,2,2,2,222,6,Hibernating,0.2102174577640067,0.6773681373836977,124.9581337794987,97.11918563052393
13704,5,9,2308.06,5,5,4,554,14,Champions,5.074477839819906,0.9918554986446081,284.0844313348101,5284.640398866568
13705,8,7,1717.19,5,4,4,544,13,Champions,0.8623171833099893,0.9911771029241853,252.39940220705105,809.7966624173117
13706,303,2,631.17,2,2,3,223,7,Hibernating,0.17947836745664494,0.832387247210999,405.03276169112775,269.7135732519207
13707,267,5,3365.86,2,4,5,245,11,At Risk,0.47405876120920515,0.8655011689382277,937.4470036935425,1650.4888255582714
13708,271,1,283.33,2,1,1,211,4,Hibernating,0.1748363025775303,1.0,0.0,0.0
13709,4,18,7571.35,5,5,5,555,15,Champions,1.3713455613064351,0.9954203272994454,671.3861235694262,3429.1758325097226
13710,32,3,509.52,4,3,2,432,9,Potential Loyalists,0.3418832011518155,0.9681081838170731,156.2109425921018,198.39829971306483
13711,219,9,1792.26,2,5,4,254,11,Cannot Lose Them,0.8055571949467998,0.9218732003527114,244.57917891823044,733.7828277488492
13712,247,2,766.42,2,2,3,223,7,Hibernating,0.18954634476350413,0.8587360068976637,281.57905285983117,197.98252760351937
13713,408,3,740.76,2,3,3,233,8,At Risk,0.2608180626684935,0.7069165013737183,271.91813597825814,263.37423722825395
13714,465,1,161.35,1,1,1,111,3,Hibernating,0.1110448499963557,1.0,0.0,0.0
13715,281,17,8153.04,2,5,5,255,12,Cannot Lose Them,0.1857188659506922,0.09258435373638345,494.2765086141899,341.771062290131
13716,269,1,138.28,2,1,1,211,4,Hibernating,0.17587846720670253,1.0,0.0,0.0
13717,32,8,1763.3,4,4,4,444,12,Loyal Customers,1.2400247681019667,0.9889339929355144,232.5029663897145,1071.088294338575
13718,246,2,306.55,2,2,2,222,6,Hibernating,0.26973097213698155,0.6519213020688072,237.57407219353087,236.15256791221927
13719,15,11,2782.1,5,5,4,554,14,Champions,1.4997869130479036,0.9937764918182732,244.70562778461328,1365.2492287011123
13720,117,4,799.9,3,3,3,333,9,Need Attention,0.9428170701682481,0.9131334616899305,190.17248524591895,661.9193540363233
13721,36,2,741.54,4,2,3,423,9,Potential Loyalists,0.29747697208162877,0.9186167195965085,639.1649304261075,702.652224237294
13722,132,10,5635.41,3,5,5,355,13,Loyal Customers,0.6940217909436018,0.9688223170539877,1030.8231350934357,2661.9483258912514
13723,217,6,1194.08,2,4,3,243,9,At Risk,0.5747217084278978,0.926668771032644,229.37393403484845,490.21781469647135
13724,637,1,213.01,1,1,1,111,3,Hibernating,0.0839136696563527,1.0,0.0,0.0
13725,50,8,1980.56,4,4,4,444,12,Loyal Customers,1.8119798755672911,0.9795143271155405,151.86498385974068,1018.8697743034353
13726,39,2,1079.6599999999999,4,2,3,423,9,Potential Loyalists,0.8062256897850252,0.8926106004172508,957.4442127136798,2815.354702467786
13727,29,8,1074.15,4,4,3,443,11,Loyal Customers,0.6327773707387676,0.987746828119804,196.28648376678035,462.48789449031426
13728,37,16,2855.17,4,5,4,454,13,Loyal Customers,1.7619891641719672,0.9934371715707776,183.724285331743,1206.1584297766499
13729,436,3,724.73,1,3,3,133,7,At Risk,0.2461694976137515,0.7712172286966049,202.94622050387272,185.73681919549546
13730,136,2,752.6,3,2,3,323,8,About to Sleep,0.48478963438367895,0.7355120671103959,544.3616850665959,966.7339265313543
13731,219,2,610.59,2,2,3,223,7,Hibernating,0.29890867719104885,0.624123886327737,370.7393920579515,407.6538564408195
13732,28,1,491.86,4,1,2,412,7,Promising,,1.0,0.0,0.0
13733,411,2,487.03000000000003,1,2,2,122,5,Hibernating,0.14831622712388096,0.7963091581833737,413.67875954355986,227.92087129132744
13734,509,4,6695.6900000000005,1,3,5,135,9,At Risk,0.15203014640150767,0.42414306564890725,3516.1175852642277,1985.5958789594724
13735,25,13,9762.77,4,5,5,455,14,Loyal Customers,1.3188026451178494,0.993739959458951,856.9185649258271,4210.052408139987
13736,5,7,2752.47,5,4,4,544,13,Champions,0.631593133484967,0.9896204854705091,423.82936739380125,996.7764104060129
13737,200,1,339.59999999999997,2,1,2,212,5,Hibernating,0.22143144676050044,1.0,0.0,0.0
13738,396,1,434.78000000000003,2,1,2,212,5,Hibernating,0.127599328600515,1.0,0.0,0.0
13739,18,2,292.2,5,2,2,522,9,Potential Loyalists,0.23270963001271616,0.9247106594453994,267.1206194763522,230.30821339274692
13740,241,5,1582.77,2,4,4,244,10,At Risk,0.48935647846528135,0.9361690285121571,337.123507434288,614.1932673723917
13741,72,3,668.4300000000001,3,3,3,333,9,Need Attention,0.7976592159011152,0.9404127287411659,278.86845446765665,819.1922206746524
13742,17,12,3107.87,5,5,5,555,15,Champions,2.475794688911389,0.9924080106277247,270.16407417736195,2478.1152897471625
13743,3,7,1341.6,5,4,4,544,13,Champions,1.835893127459957,0.9914073880142522,206.5929404488127,1402.1161639103354
13744,95,2,1080.52,3,2,3,323,8,About to Sleep,0.3693178414474618,0.8851793329555652,323.18640386957463,439.81771618180653
13745,162,2,777.36,3,2,3,323,8,About to Sleep,0.21593892954969646,0.8855945132245673,367.79684657035904,294.34464409041004
13746,414,1,176.69,1,1,1,111,3,Hibernating,0.12307834994094763,1.0,0.0,0.0
13747,374,2,169.79999999999998,2,2,1,221,5,Hibernating,0.16344299811713647,0.5365202919412255,100.86074480703374,60.96003853847906
13748,96,9,2064.35,3,5,4,354,12,Loyal Customers,0.8429343105056437,0.9817743615459991,277.6140589747033,871.6325357058129
13750,54,11,3602.1800000000003,4,5,5,455,14,Loyal Customers,1.3912620399971063,0.9886032920090103,335.11440759086696,1735.183994133351
13751,288,1,296.25,2,1,2,212,5,Hibernating,0.16645324129051906,1.0,0.0,0.0
13752,124,7,1579.8300000000002,3,4,4,344,11,Loyal Customers,0.9736479798933273,0.9614762614566227,202.38752070408947,732.378405572436
13753,288,4,2094.57,2,3,4,234,9,At Risk,0.37655468441416123,0.9163601231150923,515.2715456355072,722.1184609053522
13754,152,3,447.05,3,3,2,332,8,Need Attention,0.4427731450887181,0.9296474747686377,156.80245905928464,257.25817293699004
13755,4,9,2108.06,5,5,4,554,14,Champions,5.369798653164808,0.9915785519366782,241.5744097933989,4743.383231681873
13756,2,23,8655.95,5,5,5,555,15,Champions,2.352049293163511,0.9975017274633036,427.59362559921055,3747.4066669202493
13757,675,1,195.55,1,1,1,111,3,Hibernating,0.07972408628319635,1.0,0.0,0.0
13758,12,14,8595.29,5,5,5,555,15,Champions,1.524796866906776,0.9955548517245669,592.779641322246,3367.7703552524404
13759,33,2,659.4100000000001,4,2,3,423,9,Potential Loyalists,0.9756283530147769,0.8897716891472163,124.35267174501465,441.27386561607705
13760,54,5,1363.6399999999999,4,4,4,444,12,Loyal Customers,0.6251132929794118,0.9810666969660826,279.42077880303776,649.4117930864644
13761,50,6,1952.17,4,4,4,444,12,Loyal Customers,0.571140310882747,0.9822280998153261,429.7024594813189,913.0498515675993
13762,219,5,2472.48,2,4,4,244,10,At Risk,0.5171976482967445,0.9412967620898048,530.2953889691639,1020.7610901337687
13763,63,3,5217.4400000000005,3,3,5,335,11,Need Attention,0.45906110234502995,0.9600045255731853,1108.9029830333393,1886.1791703297104
13764,71,6,2908.67,3,4,5,345,12,Loyal Customers,0.5807673568939108,0.9793812052166272,518.6011505248708,1120.3677855128396
13765,653,1,352.82,1,1,2,112,4,Hibernating,0.08204910214822064,1.0,0.0,0.0
13766,495,1,190.35,1,1,1,111,3,Hibernating,0.10511623570047357,1.0,0.0,0.0
13767,2,73,33903.57,5,5,5,555,15,Champions,6.573118032770236,0.9990644248435105,565.6550112080756,13857.85836164008
13768,727,2,875.97,1,2,3,123,6,Hibernating,0.032821911460473856,0.1751198625903278,436.2261657077457,53.18461166535604
13769,2,20,5478.12,5,5,5,555,15,Champions,2.0121069793714548,0.9970738318100308,313.0643113749364,2347.007357529076
13770,422,4,785.37,1,3,3,133,7,At Risk,0.32122886786248145,0.7758654720627041,217.54157461482262,260.06344939148073
13771,64,9,5728.82,3,5,5,355,13,Loyal Customers,0.8232114406341109,0.9847069866394457,834.7247325078035,2557.357604143502
13772,34,8,3100.02,4,4,5,445,13,Loyal Customers,0.824288390469836,0.9887473167347639,436.181394545021,1338.107827195164
13773,397,2,301.54,2,2,2,222,6,Hibernating,0.15962020527462456,0.7756241616073275,258.93477277012795,153.40985044973525
13774,82,1,345.0,3,1,2,312,6,About to Sleep,,1.0,0.0,0.0
13775,591,1,1049.66,1,1,3,113,5,Hibernating,0.08991622392861959,1.0,0.0,0.0
13777,1,61,49638.26,5,5,5,555,15,Champions,5.122099872924557,0.9989567816739158,970.2429679125955,18521.954690518352
13778,103,4,1124.49,3,3,3,333,9,Need Attention,0.5050844414801392,0.9666619853124302,274.4242669494177,514.9688566896702
13779,516,1,161.13,1,1,1,111,3,Hibernating,0.10150361716119015,1.0,0.0,0.0
13780,7,3,732.07,5,3,3,533,11,Potential Loyalists,0.491687212767636,0.9706337114215474,199.199949545048,362.71062396364334
13781,251,3,778.83,2,3,3,233,8,At Risk,0.28145028602739025,0.9253069669383652,256.36892069740526,268.35017199074036
13782,13,13,1786.08,5,5,4,554,14,Champions,1.4214175258955477,0.9951571347450082,140.14867406299777,742.1948666866587
13783,488,4,1542.09,1,3,4,134,8,At Risk,0.2289561290345728,0.5133385944608251,374.0167523527092,318.5258426802949
13784,10,14,2910.23,5,5,5,555,15,Champions,2.3779580855512923,0.995313881766906,196.8477057649769,1738.850628116776
13785,429,4,542.49,1,3,2,132,6,At Risk,0.12167198573831128,0.2671705877469668,255.20231877601688,115.1036482752321
13786,367,6,3127.99,2,4,5,245,11,At Risk,0.47829315749407086,0.7522390458085999,499.10576195083524,888.9273391942161
13787,76,6,1222.5,3,4,4,344,11,Loyal Customers,0.6589879431603295,0.9820565183851847,220.0358370857488,539.7608503589702
13788,505,1,3.75,1,1,1,111,3,Hibernating,0.10327832640057238,1.0,0.0,0.0
13789,388,1,239.45999999999998,2,1,1,211,4,Hibernating,0.12984389339853405,1.0,0.0,0.0
13790,4,1,348.8,5,1,2,512,8,New Customers,,1.0,0.0,0.0
13791,128,2,1516.0,3,2,4,324,9,About to Sleep,0.49487205366079073,0.7740812433420754,705.5962248496968,1279.6610466431544
13792,66,3,383.95,3,3,2,332,8,Need Attention,0.47075846679939914,0.958862332376423,109.12513640348178,190.29810916967799
13793,647,1,96.0,1,1,1,111,3,Hibernating,0.08285455053952313,1.0,0.0,0.0
13794,547,1,126.03,1,1,1,111,3,Hibernating,0.0963702037457416,1.0,0.0,0.0
13795,388,4,836.3,2,3,3,233,8,At Risk,0.348574327032949,0.7433967165211539,218.51828377771602,283.2237978540454
13796,499,1,289.7,1,1,2,112,4,Hibernating,0.10437327332577204,1.0,0.0,0.0
13797,437,3,1179.45,1,3,3,133,7,At Risk,0.24577135644905254,0.7319316911619792,453.85326567159063,414.5383413167573
13798,1,110,75428.87,5,5,5,555,15,Champions,11.157460006612212,0.9994598269467206,766.1429849516168,31859.843950922794
13799,117,9,2803.57,3,5,4,354,12,Loyal Customers,1.068609231389517,0.9718602898952926,310.37817632266405,1234.5431795037373
13800,310,3,1679.56,2,3,4,234,9,At Risk,0.2696930460191178,0.9035748353938636,659.7338582771771,661.807440378439
13801,67,1,324.8,3,1,2,312,6,About to Sleep,,1.0,0.0,0.0
13802,139,19,26259.11,3,5,5,355,13,Loyal Customers,1.9595727986789933,0.8945789931222337,1536.80766360965,11214.93670732633
13803,255,3,1338.91,2,3,4,234,9,At Risk,0.31785854076307485,0.9080555274374648,497.89933445940983,587.9686466699617
13804,31,9,3161.12,4,5,5,455,14,Loyal Customers,1.361226369398299,0.9887783301184844,384.1419878596369,1941.1810132462442
13805,52,2,924.6,4,2,3,423,9,Potential Loyalists,0.6791366907505272,0.8843297025291266,518.3389268244717,1286.8359854868195
13806,64,1,256.38,3,1,1,311,5,About to Sleep,,1.0,0.0,0.0
13807,367,3,422.2,2,3,2,232,7,At Risk,0.2599495127308495,0.8698429363579708,174.1371777503376,168.37197326357264
13808,6,5,1747.66,5,4,4,544,13,Champions,2.573351784928397,0.9852076598205003,307.88006985834915,2902.7331352480555
13809,305,3,679.7,2,3,3,233,8,At Risk,0.35066981073326237,0.7700101126008272,304.70896087662595,396.09328704828056
13810,29,2,827.51,4,2,3,423,9,Potential Loyalists,1.100019118651579,0.8920825850911119,280.57398588258764,1120.711526987037
13811,184,2,519.75,3,2,2,322,7,About to Sleep,0.35923348044740244,0.7332001657561555,364.115637400696,481.0341427065203
13812,42,3,485.0,4,3,2,432,9,Potential Loyalists,1.3256798558394762,0.9410424210751193,124.84961582275919,605.6135553481231
13813,40,8,2387.4700000000003,4,4,4,444,12,Loyal Customers,0.8550998409790731,0.989738590884712,314.1034712575793,1000.3945921126924
13814,92,3,2257.32,3,3,4,334,10,Need Attention,0.38623223108450966,0.9563570709050393,866.9070239036444,1242.491628337208
13815,22,8,6737.74,4,4,5,445,13,Loyal Customers,0.9361425422431836,0.9911535534037292,887.3038363014994,3092.099084290257
13816,24,2,499.67,4,2,2,422,8,Potential Loyalists,1.043647932783269,0.9026105456704823,224.8351509879866,852.8250143819466
13817,29,2,328.98,4,2,2,422,8,Potential Loyalists,0.32933440956153426,0.9197543528965049,268.79169469152816,326.77218056146484
13818,430,1,61.28,1,1,1,111,3,Hibernating,0.1191067225922326,1.0,0.0,0.0
13819,302,6,2642.35,2,4,4,244,10,At Risk,0.5534677675927978,0.8726449875727547,419.3990282090918,864.3826354494407
13820,418,3,652.75,1,3,3,133,7,At Risk,0.25422058804435627,0.7921866743727026,235.08528188747422,222.17837319176715
13821,145,6,1379.08,3,4,4,344,11,Loyal Customers,0.6412324251858397,0.9681932346355346,227.96610278260698,544.1930110346846
13822,6,2,632.0,5,2,3,523,10,Potential Loyalists,1.3119973007993624,0.9224804574142608,202.6025850817325,963.2818316802689
13823,19,7,3403.4500000000003,5,4,5,545,14,Champions,0.7523659226399133,0.9903932213033123,517.6257847685424,1450.2689174137172
13824,33,12,3314.76,4,5,5,455,14,Loyal Customers,1.484243019802119,0.9924729931966029,297.57502744711985,1644.1770163796728
13825,622,2,255.59,1,2,1,121,4,Hibernating,0.09476333608694308,0.5056056047842055,140.3731971774625,49.41228572960518
13826,176,1,189.5,3,1,1,311,5,About to Sleep,0.24336954780307563,1.0,0.0,0.0
13827,58,3,409.8,4,3,2,432,9,Potential Loyalists,1.0763945721145616,0.9354809553001655,164.7222073143439,650.5015733516241
13828,22,1,209.49,4,1,1,411,6,Promising,,1.0,0.0,0.0
13829,421,1,102.0,1,1,1,111,3,Hibernating,0.12105994641240025,1.0,0.0,0.0
13830,582,1,156.85000000000002,1,1,1,111,3,Hibernating,0.0911650208964098,1.0,0.0,0.0
13831,16,18,6585.54,5,5,5,555,15,Champions,1.9947240447122119,0.9959921785527406,337.4857129579381,2508.344744535391
13832,19,2,609.89,5,2,3,523,10,Potential Loyalists,0.2825362343998743,0.9236659291020881,67.68142531730814,70.71014004587948
13833,159,2,700.41,3,2,3,323,8,About to Sleep,0.27515738830647996,0.8663101338819073,469.2843927905745,477.2894803388375
13834,577,2,324.19,1,2,2,122,5,Hibernating,0.10112738730375825,0.4981804879560577,151.88908507334895,57.0191506065151
13835,25,7,1095.27,4,4,3,443,11,Loyal Customers,0.8354181004488149,0.9895458696895545,167.27484058243297,520.0474368782101
13836,399,2,620.37,2,2,3,223,7,Hibernating,0.12090385566421005,0.3887682873590675,367.14294757311626,164.11091677533864
13837,212,2,266.59000000000003,2,2,1,221,5,Hibernating,0.30059808721641185,0.7709106706728655,195.24016674240653,216.43247088846996
13838,6,10,1690.07,5,5,4,554,14,Champions,0.7826534198290589,0.9895317749988689,301.15580343926575,876.3998929742467
13839,486,1,139.95000000000002,1,1,1,111,3,Hibernating,0.1068272273702916,1.0,0.0,0.0
13840,416,1,651.4,1,1,3,113,5,Hibernating,0.12231360441892618,1.0,0.0,0.0
13841,253,1,85.0,2,1,1,211,4,Hibernating,0.18526607362430278,1.0,0.0,0.0
13842,59,18,5319.34,4,5,5,455,14,Loyal Customers,1.9196754843519142,0.9883319075355914,334.4768684360386,2391.063011174646
13843,381,1,319.75,2,1,2,212,5,Hibernating,0.1318737347434386,1.0,0.0,0.0
13844,11,1,361.62,5,1,2,512,8,New Customers,,1.0,0.0,0.0
13845,65,1,312.98,3,1,2,312,6,About to Sleep,,1.0,0.0,0.0
13846,25,4,1307.79,4,3,4,434,11,Potential Loyalists,0.6944466703913164,0.978702314104818,307.4342056141621,791.1529292835671
13847,720,1,310.72,1,1,2,112,4,Hibernating,0.07516034864208744,1.0,0.0,0.0
13848,92,8,3015.0,3,4,5,345,12,Loyal Customers,0.8517664098098265,0.9821717535892929,371.9251327977306,1179.907176642636
13849,52,5,3469.3,4,4,5,445,13,Loyal Customers,0.5974263250424109,0.9818114888727822,774.56487160987,1721.0301568457896
13850,129,1,1595.48,3,1,4,314,8,About to Sleep,0.302008321344521,1.0,0.0,0.0
13851,96,8,4606.46,3,4,5,345,12,Loyal Customers,0.7892890928695329,0.9797055922226687,757.1218644837476,2224.5581169283837
13852,611,1,187.35000000000002,1,1,1,111,3,Hibernating,0.08726004006231512,1.0,0.0,0.0
13853,57,1,1090.14,4,1,3,413,8,Promising,,1.0,0.0,0.0
13854,9,39,11944.56,5,5,5,555,15,Champions,4.425305897549169,0.9981103304218772,318.24366095175407,5247.255940419357
13855,501,4,1310.3400000000001,1,3,4,134,8,At Risk,0.24604316256384695,0.5950168248160457,354.0862233475805,324.22496942408327
13856,169,11,1142.03,3,5,3,353,11,Loyal Customers,1.276636969879176,0.9098154918335952,105.65457552817276,502.00451078127537
13857,393,6,1000.91,2,4,3,243,9,At Risk,0.3026266355117661,0.45906037138288686,206.4794694542577,232.26190722322187
13858,57,1,216.17,4,1,1,411,6,Promising,,1.0,0.0,0.0
13859,326,2,515.86,2,2,2,222,6,Hibernating,0.19416126514821608,0.7741374715803321,248.0606746307945,178.45228225101334
13860,1,5,1245.9,5,4,4,544,13,Champions,2.147010696001066,0.981982967454666,298.5730471218251,2344.9024143393294
13861,429,2,273.26,1,2,1,121,4,Hibernating,0.1514146444284963,0.6047188745623084,179.84932182582207,100.89861832057085
13862,18,9,2556.09,5,5,4,554,14,Champions,1.7030802392741407,0.9913605278459535,282.7887197433398,1786.6289071030433
13863,248,4,1239.55,2,3,4,234,9,At Risk,0.4543895644599213,0.9083056947125278,332.19519841403536,560.9969483128954
13864,387,1,662.4000000000001,2,1,3,213,6,Hibernating,0.13041743818660237,1.0,0.0,0.0
13865,58,4,501.56,4,3,2,432,9,Potential Loyalists,0.8991578901291974,0.9665348455752932,135.16535760818437,449.1741834555353
13866,74,1,145.67000000000002,3,1,1,311,5,About to Sleep,,1.0,0.0,0.0
13867,31,3,1005.09,4,3,3,433,10,Potential Loyalists,0.8129353893947515,0.96182603424317,476.46233952835735,1426.5005061156883
13868,7,2,3192.54,5,2,5,525,12,Potential Loyalists,1.3337847872231832,0.9198057049866307,3255.8023140964897,15732.654155186392
13869,123,10,7996.87,3,5,5,355,13,Loyal Customers,1.1164868573790103,0.9706087576968034,766.8053215504642,3188.183613147491
13870,2,15,5712.08,5,5,5,555,15,Champions,1.4237913424989124,0.9954847128609587,471.48709722882717,2499.690335977372
13871,23,17,7885.85,4,5,5,455,14,Loyal Customers,1.7896059842308227,0.9950362465065231,494.78170847613853,3298.9075554415735
13872,527,3,919.57,1,3,3,133,7,At Risk,0.19524323227472304,0.6451560132228237,367.5849705364326,266.9219401780522
13873,120,8,1038.92,3,4,3,343,10,Loyal Customers,0.9425656751363091,0.9719623022821626,130.8359950650885,458.9899799885784
13874,358,7,2049.15,2,4,4,244,10,At Risk,0.4761312810303826,0.5862292208504885,326.56240852970893,578.777946969351
13875,54,14,4814.37,4,5,5,455,14,Loyal Customers,1.434353523294814,0.9903613039704061,393.50117832409927,2102.683565755398
13876,64,1,122.7,3,1,1,311,5,About to Sleep,,1.0,0.0,0.0
13877,86,3,449.68,3,3,2,332,8,Need Attention,0.3048391697863148,0.9613973724101943,163.51178935834938,185.3206839533722
13878,55,4,2416.9,4,3,4,434,11,Potential Loyalists,0.4803212186108817,0.9761992162771707,651.0022700658541,1162.270177219183
13879,646,1,395.5,1,1,2,112,4,Hibernating,0.08297090781321195,1.0,0.0,0.0
13880,21,17,4293.86,4,5,5,455,14,Loyal Customers,1.9504414251537654,0.9941370858774426,317.4833087485407,2303.6070384842196
13881,4,43,45179.1,5,5,5,555,15,Champions,4.009218300137889,0.9982617531644832,1368.8945950362843,20438.61076276724
13882,3,5,1191.13,5,4,3,543,12,Champions,3.2198248943275702,0.9862634130536861,261.921242284365,3080.735173199018
13883,11,14,6535.37,5,5,5,555,15,Champions,1.336638393036005,0.9943908793985191,622.6162407019262,3098.185947094027
13884,7,10,1825.03,5,5,4,554,14,Champions,1.2791063651353043,0.9922530184380537,231.51407357681285,1099.9089496705376
13885,189,2,506.8,2,2,2,222,6,Hibernating,0.34292352044642044,0.6101088677650826,134.8271649415886,169.7327651901163
13886,71,1,243.56,3,1,1,311,5,About to Sleep,,1.0,0.0,0.0
13887,204,1,349.55,2,1,2,212,5,Hibernating,0.21815464995815886,1.0,0.0,0.0
13888,120,7,2001.59,3,4,4,344,11,Loyal Customers,0.6336570721092151,0.9672558740547328,450.1817527783766,1060.3673946601714
13889,93,6,1991.23,3,4,4,344,11,Loyal Customers,0.6640650003859806,0.9791862425248122,347.2039780709834,858.2144351259453
13890,1,14,2927.38,5,5,5,555,15,Champions,1.4225321828580175,0.9959375239049744,229.78731167255046,1217.8545746770326
13891,378,3,859.21,2,3,3,233,8,At Risk,0.2833844117073939,0.7668944730861834,254.40815314878066,267.73122457887854
13892,27,6,1267.6499999999999,4,4,4,444,12,Loyal Customers,0.7858137657749565,0.9873523368184363,154.60648266236265,451.72002863501234
13893,298,1,821.1,2,1,3,213,6,Hibernating,0.16233292881858924,1.0,0.0,0.0
13894,24,3,564.62,4,3,2,432,9,Potential Loyalists,0.3657620600600101,0.9208457142069001,493.4060002444188,665.3895806221111
13895,28,6,4008.52,4,4,5,445,13,Loyal Customers,0.6280471075472857,0.9877656610842858,659.207196042986,1541.6779863242693
13896,626,1,388.55,1,1,2,112,4,Hibernating,0.08536869620497321,1.0,0.0,0.0
13897,50,3,1160.72,4,3,3,433,10,Potential Loyalists,0.3113071969059197,0.966169914855088,373.3905951217457,432.12080893679814
13898,326,2,686.4,2,2,3,223,7,Hibernating,0.20470232066409277,0.6541030090490727,193.2905789913679,146.27382964929376
13899,16,2,388.52,5,2,2,522,9,Potential Loyalists,0.4053829269711521,0.9226408898327156,113.47857360568122,169.40531631498843
13900,183,6,1610.59,3,4,4,344,11,Loyal Customers,0.6983956610958545,0.9447437302907893,280.52923831082916,728.8339264337127
13901,72,15,5676.34,3,5,5,355,13,Loyal Customers,1.3481467980205872,0.986292123435337,498.8928845300662,2505.161325928603
13902,632,5,34023.26,1,4,5,145,10,At Risk,0.020133980923897607,0.0378929414046968,8800.552823298305,659.6059890921016
13903,400,1,165.45000000000002,2,1,1,211,4,Hibernating,0.1265059206106881,1.0,0.0,0.0
13904,37,2,332.64,4,2,2,422,8,Potential Loyalists,0.379685967246078,0.915126547337657,163.73192246785686,229.09008188442795
13905,733,1,312.65,1,1,2,112,4,Hibernating,0.07393765701024829,1.0,0.0,0.0
13906,409,1,42.0,1,1,1,111,3,Hibernating,0.1241130229591661,1.0,0.0,0.0
13907,692,1,136.8,1,1,1,111,3,Hibernating,0.07793630844138776,1.0,0.0,0.0
13908,80,4,2319.55,3,3,4,334,10,Need Attention,0.9221557593549338,0.9548078172396158,664.3187794135636,2263.1997701825294
13909,423,2,282.85,1,2,1,121,4,Hibernating,0.153413762744225,0.6034398713123582,210.80054102864642,119.8067965994355
13911,57,20,4234.99,4,5,5,455,14,Loyal Customers,2.327488823685899,0.9875567134844457,229.8600225090684,1992.168755213667
13912,424,1,124.95,1,1,1,111,3,Hibernating,0.12056565478438827,1.0,0.0,0.0
13913,507,1,42.22,1,1,1,111,3,Hibernating,0.10309806613554856,1.0,0.0,0.0
13914,12,2,626.45,5,2,3,523,10,Potential Loyalists,1.351756960629817,0.9139605445556189,374.2631810986486,1832.3762200950725
13915,394,1,70.80000000000001,2,1,1,211,4,Hibernating,0.12815315705728378,1.0,0.0,0.0
13916,464,4,1275.81,1,3,4,134,8,At Risk,0.2671074173467631,0.6005004224341978,323.801161695256,321.71694053278037
13917,50,2,272.04,4,2,1,421,7,Potential Loyalists,0.5239755873765344,0.9005548112747573,254.72075701011897,489.74327834678724
13918,50,2,1212.8400000000001,4,2,4,424,10,Potential Loyalists,0.4249104619110714,0.9071848657703689,1233.1231862549546,1928.0091585095417
13919,59,4,1252.68,3,3,4,334,10,Need Attention,0.5302673122697562,0.9745689483466695,238.90531815245802,470.5191094842994
13920,432,4,1774.68,1,3,4,134,8,At Risk,0.22808394028983095,0.43444165903990606,444.021319962698,376.2503514095185
13921,402,4,730.7,2,3,3,233,8,At Risk,0.3352991334012237,0.8006788314120343,223.52568763820204,278.90044864864933
13922,352,3,865.2,2,3,3,233,8,At Risk,0.29502180896280156,0.6564565158095705,244.10590801201266,266.99206456812175
13923,54,1,351.13,4,1,2,412,7,Promising,,1.0,0.0,0.0
13924,2,6,1838.8500000000001,5,4,4,544,13,Champions,3.695042845593004,0.9895525287354248,241.10170619321175,3258.610210296606
13925,93,4,678.25,3,3,3,333,9,Need Attention,1.040554590448699,0.8650998065644815,165.308246777201,630.7170629638321
13926,23,1,223.85000000000002,4,1,1,411,6,Promising,,1.0,0.0,0.0
13927,75,2,708.26,3,2,3,323,8,About to Sleep,0.26955624082607726,0.9083613761852698,427.0715797463469,425.8195661899242
13928,11,4,464.57,5,3,2,532,10,Potential Loyalists,1.6300196870822585,0.978768732935525,128.8344420559515,770.9005671010484
13929,169,11,3494.1,3,5,5,355,13,Loyal Customers,0.9737971423085644,0.9481345824489357,423.993171127789,1537.4905224939325
13930,58,2,337.34,4,2,2,422,8,Potential Loyalists,0.652692559854076,0.8806045357803329,158.67025985957025,378.76556686645824
13931,96,11,5257.38,3,5,5,355,13,Loyal Customers,0.8450004253957597,0.9817280666050507,592.6577288484938,1865.3166106146352
13932,295,1,307.4,2,1,2,212,5,Hibernating,0.1636834846786568,1.0,0.0,0.0
13933,109,2,608.7900000000001,3,2,3,323,8,About to Sleep,0.5553567117688317,0.7940659614124004,377.1936173455514,766.744239633506
13934,264,1,922.1,2,1,3,213,6,Hibernating,0.17908097254383634,1.0,0.0,0.0
13935,597,3,6116.92,1,3,5,135,9,At Risk,0.07492547950389884,0.2247026501577848,2081.5806122593012,579.6473041360185
13936,180,3,939.66,3,3,3,333,9,Need Attention,0.45309025379442,0.9077096626097503,293.11414271897695,491.886356713997
13937,169,2,880.13,3,2,3,323,8,About to Sleep,0.2741133170578433,0.8593443598683247,196.8264772727547,199.41524218414634
13938,35,1,71.66,4,1,1,411,6,Promising,,1.0,0.0,0.0
13939,23,7,1560.96,4,4,4,444,12,Loyal Customers,0.8762460496612504,0.9896336969333269,240.1848034709488,782.9607871287747
13940,17,4,839.14,5,3,3,533,11,Potential Loyalists,1.539696911209999,0.9760737958982414,220.89635826128253,1249.3763667577578
13941,22,15,10027.18,4,5,5,455,14,Loyal Customers,1.5524732314330427,0.9946767494667577,721.1839510314728,4171.183694671546
13942,535,1,320.0,1,1,2,112,4,Hibernating,0.0982944745211417,1.0,0.0,0.0
13943,578,1,246.54,1,1,1,111,3,Hibernating,0.09173125040109967,1.0,0.0,0.0
13944,653,1,200.43,1,1,1,111,3,Hibernating,0.08204910214822064,1.0,0.0,0.0
13945,395,2,854.15,2,2,3,223,7,Hibernating,0.16418228201143,0.5995337038838341,414.36898626287166,251.85092506722862
13946,79,6,1876.23,3,4,4,344,11,Loyal Customers,0.6252037943131163,0.9820656335076444,331.4926442550495,771.741078980589
13947,65,1,90.6,3,1,1,311,5,About to Sleep,,1.0,0.0,0.0
13948,361,4,548.76,2,3,2,232,7,At Risk,0.35440577227138237,0.8613828865827309,140.42047756070855,185.21316754808916
13949,3,6,2427.32,5,4,4,544,13,Champions,3.1796224998867166,0.989231729447705,392.28858501285555,4571.322585190325
13950,11,4,745.06,5,3,3,533,11,Potential Loyalists,1.0378917757568171,0.9799672397782159,201.5143434599526,771.91044927791
13951,176,3,674.45,3,3,3,333,9,Need Attention,0.5656815904576882,0.8492322306656895,254.99966961596348,532.6917287479248
13952,218,14,12823.52,2,5,5,255,12,Cannot Lose Them,1.0569348291794158,0.867863140584262,1180.606560997697,4648.276676947919
13953,7,12,6640.68,5,5,5,555,15,Champions,1.3173411357466052,0.9951503066532774,567.5666941262984,2785.4143420093933
13954,2,2,439.92,5,2,2,522,9,Potential Loyalists,1.024416942294483,0.9273693996820368,261.8046628135823,975.387359335522
13955,154,3,544.0699999999999,3,3,2,332,8,Need Attention,0.49758767388181013,0.9156605187919489,178.90764851808078,329.4449464514238
13956,5,5,1019.27,5,4,3,543,12,Champions,1.2315570395548425,0.9863165984514373,236.53580558991393,1076.6331432950733
13957,418,3,458.25,1,3,2,132,6,At Risk,0.25647378862765274,0.7756057830655475,196.68052755519508,187.48769120142612
13958,380,8,4709.2300000000005,2,4,5,245,11,At Risk,0.41574610304789555,0.7923715382849645,1019.7491918579753,1578.3444831509594
13959,79,6,1064.77,3,4,3,343,10,Loyal Customers,0.8641481744734573,0.9771234757086661,212.44333812748158,682.0411356363443
13960,21,2,230.22,4,2,1,421,7,Potential Loyalists,0.9943379855194421,0.9068348477419393,128.1307548401951,463.4000633275387
13961,392,1,538.4,2,1,2,212,5,Hibernating,0.12871181810448065,1.0,0.0,0.0
13962,22,3,362.8,4,3,2,432,9,Potential Loyalists,0.4630891259190834,0.9684280684097559,94.88492515648724,162.80985895230862
13963,308,17,2860.57,2,5,4,254,11,Cannot Lose Them,0.021014607362225338,0.009272309845076427,161.69355441084218,12.646338021873092
13964,387,2,438.9,2,2,2,222,6,Hibernating,0.15082902714845947,0.5011856114307106,165.82682110717167,92.50215608535878
13965,477,3,996.61,1,3,3,133,7,At Risk,0.22471427064191163,0.7218601443163042,225.64840343417742,188.54945387965057
13966,435,1,384.26,1,1,2,112,4,Hibernating,0.11768270116380831,1.0,0.0,0.0
13967,146,2,166.3,3,2,1,321,6,About to Sleep,0.2821517737059447,0.8731853708426303,102.19276128289864,106.55828675048126
13968,423,1,123.66,1,1,1,111,3,Hibernating,0.12056565478438827,1.0,0.0,0.0
13969,7,35,12973.460000000001,5,5,5,555,15,Champions,4.2607026031532484,0.9979442607071044,396.41411022350076,6288.879524230735
13970,386,2,846.55,2,2,3,223,7,Hibernating,0.15598273771055507,0.525636853569738,680.166819401367,392.4348167764769
13971,19,14,4667.57,5,5,5,555,15,Champions,1.638057025391705,0.9948631942245879,343.37328019899945,2094.811711347312
13972,71,2,190.25,3,2,1,321,6,About to Sleep,0.4959545606164024,0.885703139021633,58.17567137590865,105.9243419462801
13973,287,1,264.7,2,1,1,211,4,Hibernating,0.166924018063271,1.0,0.0,0.0
13974,49,2,677.72,4,2,3,423,9,Potential Loyalists,0.21161633328061077,0.9189744270560033,505.29727460168544,396.4992928023192
13975,31,12,5256.4,4,5,5,455,14,Loyal Customers,1.2870469348852915,0.9923916688467516,479.9787177243964,2300.3177351519907
13976,207,4,1192.36,2,3,3,233,8,At Risk,0.4235867509677958,0.9432801410869996,325.79704563682077,513.29863055026
13977,411,1,519.8100000000001,1,1,2,112,4,Hibernating,0.12359351935798644,1.0,0.0,0.0
13978,15,2,196.79000000000002,5,2,1,521,8,Potential Loyalists,1.236605097392346,0.9111673095802826,50.244118724167684,225.30780244480425
13979,73,7,3373.63,3,4,5,345,12,Loyal Customers,0.6249456690592047,0.9828878511211837,657.6178274018858,1530.3661551087084
13980,60,5,768.82,3,4,3,343,10,Loyal Customers,0.5704030679718319,0.9809602139916636,145.22717090629982,308.18646905894525
13981,416,1,331.14,1,1,2,112,4,Hibernating,0.12256746065679384,1.0,0.0,0.0
13982,39,9,3954.29,4,5,5,455,14,Loyal Customers,1.0252842525587804,0.9903680611851851,407.01602694211437,1553.886641432227
13983,30,21,6753.89,4,5,5,455,14,Loyal Customers,2.102375242976236,0.9947223239882771,369.2191438080866,2892.3711749442346
13984,27,12,1893.8,4,5,4,454,13,Loyal Customers,1.195826948588116,0.9931317952300347,166.7029427825813,742.6421574949501
13985,4,22,10020.86,5,5,5,555,15,Champions,2.6543736072575523,0.9974600740184572,470.57952306024544,4652.256475211589
13986,17,1,320.46,5,1,2,512,8,New Customers,,1.0,0.0,0.0
13987,380,2,682.54,2,2,3,223,7,Hibernating,0.1379541438804474,0.4306344409017538,373.89990387795814,190.6403371183311
13988,20,8,4757.8,4,4,5,445,13,Loyal Customers,0.9906291080114235,0.9913318107909516,652.1260800504248,2403.9224195174293
13989,66,5,2026.06,3,4,4,344,11,Loyal Customers,0.6535452779133576,0.9788984267665025,436.00438368542945,1059.057202871706
13990,213,1,311.3,2,1,2,212,5,Hibernating,0.21112564351810023,1.0,0.0,0.0
13991,12,6,851.88,5,4,3,543,12,Champions,1.9854780166398602,0.9831720673367682,190.60573005501948,1391.0392721144303
13992,30,3,219.5,4,3,1,431,8,Potential Loyalists,0.43793733952562464,0.967130950435908,80.67209893112154,130.9699472262439
13993,43,19,6775.71,4,5,5,455,14,Loyal Customers,1.9708767862318368,0.9927674657100559,369.8276815482326,2716.001315015158
13994,4,6,2274.14,5,4,4,544,13,Champions,2.370039297331733,0.9891415767122433,412.21267821256595,3593.6081019100357
13995,15,14,3902.01,5,5,5,555,15,Champions,1.5572610419299493,0.9952100886784697,293.3148652437127,1701.6808411893653
13996,386,2,845.76,2,2,3,223,7,Hibernating,0.12554352081289,0.39105132596306336,492.9337398575212,228.7164990541798
13997,519,3,376.46,1,3,2,132,6,At Risk,0.08823610904096589,0.3642359179538483,286.50751382053124,93.6970757342722
13998,447,3,566.7,1,3,2,132,6,At Risk,0.21887663249557834,0.5868300048410183,167.78385273244777,136.36686704755226
13999,10,29,9502.26,5,5,5,555,15,Champions,3.2224544208178334,0.9975819533546945,329.02548142950513,3951.24438690705
14000,211,5,2046.3400000000001,2,4,4,244,10,At Risk,0.4959967831196567,0.9488723395560967,485.65654137156963,896.806557316285
14001,46,9,4228.85,4,5,5,455,14,Loyal Customers,1.2194744567195204,0.9867051237527611,546.7438018020678,2477.258527106715
14002,134,2,529.73,3,2,2,322,7,About to Sleep,0.4905708741201364,0.7278033514524395,373.73037450830265,671.4192405451194
14003,733,1,209.41,1,1,1,111,3,Hibernating,0.07393765701024829,1.0,0.0,0.0
14004,43,11,6258.45,4,5,5,455,14,Loyal Customers,1.539051407980011,0.9867736396536372,692.706376818405,3958.1215640073838
14005,10,5,2874.72,5,4,4,544,13,Champions,1.4766315684150129,0.9851463657658059,703.4453960106815,3831.439956299832
14006,116,7,2196.67,3,4,4,344,11,Loyal Customers,0.8142178934077225,0.9739491079811088,320.9340120631997,972.5079712425788
14007,513,1,79.48,1,1,1,111,3,Hibernating,0.10202958899386398,1.0,0.0,0.0
14008,432,1,509.04,1,1,2,112,4,Hibernating,0.11839042687154464,1.0,0.0,0.0
14009,198,3,1099.91,2,3,3,233,8,At Risk,0.4115120998763246,0.9070524437733845,383.00821471779284,584.2780339495616
14010,565,2,445.15,1,2,2,122,5,Hibernating,0.09347296315360303,1.0,0.0,0.0
14011,480,2,457.82,1,2,2,122,5,Hibernating,0.136302812176497,0.6147741116314794,204.85490385001316,103.57266365394248
14012,278,1,328.8,2,1,2,212,5,Hibernating,0.17178271459109357,1.0,0.0,0.0
14013,110,5,1084.57,3,4,3,343,10,Loyal Customers,0.5920874364212646,0.9716245799681241,238.91961101262186,526.1135736963556
14014,77,3,1948.21,3,3,4,334,10,Need Attention,0.3583241906529262,0.9607027672986451,917.5309748867099,1220.8327330390812
14015,53,1,917.34,4,1,3,413,8,Promising,,1.0,0.0,0.0
14016,162,11,11303.41,3,5,5,355,13,Loyal Customers,1.182617812326939,0.9427000503304833,1029.5982316407806,4534.954263208883
14017,571,1,229.75,1,1,1,111,3,Hibernating,0.0925939131787471,1.0,0.0,0.0
14018,645,1,367.15000000000003,1,1,2,112,4,Hibernating,0.08297090781321195,1.0,0.0,0.0
14019,47,3,1421.61,4,3,4,434,11,Potential Loyalists,1.1142682109549698,0.9450568861537694,570.1629295335813,2330.1101514993093
14020,17,4,1249.01,5,3,4,534,12,Potential Loyalists,0.5434318626977435,0.9805961051633918,335.48628363682826,677.0377364493315
14021,155,7,1716.58,3,4,4,344,11,Loyal Customers,0.8687193143382589,0.9521278862889396,243.60235070023202,787.1162469229726
14022,225,2,792.15,2,2,3,223,7,Hibernating,0.22805698101005178,0.8434912857581274,537.2777792631326,453.6567362223985
14023,7,2,584.07,5,2,2,522,9,Potential Loyalists,0.4376967301196368,0.9256683709906421,380.9838096814215,613.5269494093219
14024,122,3,645.74,3,3,3,333,9,Need Attention,0.4927437763320948,0.9376719133353826,181.5037485684944,331.081230599633
14025,465,8,4057.9,1,4,5,145,10,At Risk,0.00898522050753275,0.008443874582335005,560.8329605897345,18.743606894708847
14026,471,2,713.11,1,2,3,123,6,Hibernating,0.14196474411012294,0.6574537054402887,399.93477136077206,210.65157675572738
14027,61,1,104.82,3,1,1,311,5,About to Sleep,,1.0,0.0,0.0
14028,550,3,10396.5,1,3,5,135,9,At Risk,0.09574542233337567,1.0,0.0,0.0
14029,63,2,467.66,3,2,2,322,7,About to Sleep,0.6244637557709634,0.876092134527594,370.72728281726177,847.1543930276158
14030,18,20,7521.8,5,5,5,555,15,Champions,1.7677802626287369,0.995447619408658,459.0669785827033,3023.6791247199835
14031,7,44,39019.51,5,5,5,555,15,Champions,4.339145577352964,0.9982619133136124,965.4005283867675,15611.957820034979
14032,2,16,4546.41,5,5,5,555,15,Champions,1.7789581810199,0.9966915775334959,286.04175910803696,1895.8925377510643
14033,555,1,109.44,1,1,1,111,3,Hibernating,0.09497575164776721,1.0,0.0,0.0
14034,22,3,648.89,4,3,3,433,10,Potential Loyalists,0.6143924398442849,0.9156311090819889,216.35868250520997,486.8336529623088
14035,29,9,2794.75,4,5,4,454,13,Loyal Customers,1.141467901842562,0.9912328081024576,332.4487193284575,1412.054777766343
14036,285,1,626.65,2,1,3,213,6,Hibernating,0.1683524837790575,1.0,0.0,0.0
14037,176,6,836.95,3,4,3,343,10,Loyal Customers,0.6134143379111087,0.9599317596937755,128.9548602266668,294.54898282669484
14038,78,5,3069.88,3,4,5,345,12,Loyal Customers,0.5559556607264773,0.9786683198931379,619.22021823007,1280.9676106871275
14039,33,2,267.28000000000003,4,2,1,421,7,Potential Loyalists,0.2146609992714477,0.9221159104364638,188.7738322141169,150.24438427085838
14040,41,35,12523.81,4,5,5,455,14,Loyal Customers,3.523488884192238,0.9923441042071962,385.8510194075243,5066.761483728106
14041,266,1,141.41,2,1,1,211,4,Hibernating,0.17746525286312104,1.0,0.0,0.0
14042,725,1,431.98,1,1,2,112,4,Hibernating,0.0745910409712512,1.0,0.0,0.0
14043,491,2,302.6,1,2,2,122,5,Hibernating,0.1354925301959078,0.7220055521164763,171.92987841477083,86.53120160476774
14044,27,10,3073.95,4,5,5,455,14,Loyal Customers,1.032192007446109,0.9917405696200932,363.08194810786284,1395.4495937416084
14045,109,16,10986.63,3,5,5,355,13,Loyal Customers,1.5603087971306098,0.9704962375618031,826.0154908547402,4800.772267369812
14046,284,1,151.59,2,1,1,211,4,Hibernating,0.1683524837790575,1.0,0.0,0.0
14047,9,14,3968.11,5,5,5,555,15,Champions,1.4096959470808463,0.995036604838994,318.0880315456272,1669.815696320707
14048,305,3,748.69,2,3,3,233,8,At Risk,0.21805537132973407,0.654339192640345,500.8652925092622,403.48425195944804
14049,17,13,13023.4,5,5,5,555,15,Champions,1.2665746571227894,0.9932301072416961,1378.3703301392422,6497.0144240816435
14050,32,2,746.36,4,2,3,423,9,Potential Loyalists,0.7862614236553392,0.9022358212573713,319.7715979950846,917.4647021671417
14051,1,37,21770.98,5,5,5,555,15,Champions,3.891503291985146,0.9986157474593276,616.7512002509525,8944.70025601033
14052,20,2,466.66,4,2,2,422,8,Potential Loyalists,0.3022866928606745,0.9233273295170333,277.36503709982225,309.8086329840636
14053,124,4,572.3,3,3,2,332,8,Need Attention,0.5713429501937038,0.9562918195787997,143.38953186385186,304.04628136993273
14054,65,1,92.46,3,1,1,311,5,About to Sleep,,1.0,0.0,0.0
14055,106,3,1520.96,3,3,4,334,10,Need Attention,0.2909641183575913,0.9590191595498757,684.807584080539,741.0554171979949
14056,1,23,8152.71,5,5,5,555,15,Champions,5.840232274633056,0.9977031097010446,347.02173392132164,7505.210012890429
14057,24,22,8346.66,4,5,5,455,14,Loyal Customers,2.088152504491793,0.9954553243485902,461.73552768529197,3592.807496988246
14058,463,2,469.19,1,2,2,122,5,Hibernating,0.12840047591305703,0.5128050300582128,183.63951416169226,87.36576864163948
14059,267,1,183.6,2,1,1,211,4,Hibernating,0.17746525286312104,1.0,0.0,0.0
14060,5,30,8898.24,5,5,5,555,15,Champions,3.536402263499886,0.9979527226315844,325.5886980001738,4287.596067238769
14061,507,3,917.4300000000001,1,3,3,133,7,At Risk,0.20990964266193102,0.7050336239238898,299.42365170226066,233.78640618717273
14062,10,24,25585.65,5,5,5,555,15,Champions,2.4494283290061865,0.9971119953352543,1186.783405709451,10832.051532093872
14063,687,7,9471.5,1,4,5,145,10,At Risk,0.00014924348309255204,0.00019820387186528717,1205.4333412540834,0.669986196596182
14064,29,15,3260.24,4,5,5,455,14,Loyal Customers,1.6252604663128785,0.9937035856040325,222.34705878211992,1345.927170875848
14065,389,3,891.02,2,3,3,233,8,At Risk,0.17196111302847822,0.3567332833819676,319.77072277248556,203.7301305669471
14066,267,1,152.55,2,1,1,211,4,Hibernating,0.17746525286312104,1.0,0.0,0.0
14067,64,2,374.7,3,2,2,322,7,About to Sleep,0.7850093946250022,0.8479994499173954,186.1461269844562,532.7711960582079
14068,320,4,1516.72,2,3,4,234,9,At Risk,0.38832207007838987,0.8753706752470126,365.43162036292904,527.8566230877913
14069,515,2,225.81,1,2,1,121,4,Hibernating,0.0998652359515208,0.41961017314591414,138.2056430940096,51.16291055513964
14070,685,1,321.6,1,1,2,112,4,Hibernating,0.07866264793175712,1.0,0.0,0.0
14071,4,8,1422.75,5,4,4,544,13,Champions,1.8076233239810833,0.991236042573432,206.1586664915004,1377.8402400435427
14072,667,1,390.85,1,1,2,112,4,Hibernating,0.08059409414289555,1.0,0.0,0.0
14073,32,1,151.04,4,1,1,411,6,Promising,,1.0,0.0,0.0
14074,623,1,219.39999999999998,1,1,1,111,3,Hibernating,0.08561612258884486,1.0,0.0,0.0
14075,5,5,1724.87,5,4,4,544,13,Champions,0.7734163471174208,0.986784374150463,357.8772520135654,1027.429695017235
14076,129,1,118.67,3,1,1,311,5,About to Sleep,0.302008321344521,1.0,0.0,0.0
14077,41,6,615.0799999999999,4,4,3,443,11,Loyal Customers,1.0891347407188456,0.9832984326214289,104.25437234933463,421.064150018957
14078,102,9,1551.82,3,5,4,354,12,Loyal Customers,1.1093044876557168,0.9761188022546952,152.40486575195794,629.1456939883219
14079,125,1,375.1,3,1,2,312,6,About to Sleep,0.3099589837215906,1.0,0.0,0.0
14080,33,5,1115.68,4,4,3,443,11,Loyal Customers,0.5146728031363077,0.9846007140333177,231.19315396270446,442.9929979851843
14081,302,10,4867.57,2,5,5,255,12,Cannot Lose Them,0.6784681538235167,0.7813568819932385,598.220434049364,1511.6776118106538
14082,365,2,413.36,2,2,2,222,6,Hibernating,0.153478566466342,0.470856269909483,225.16210048660798,127.69868930989965
14083,4,11,1082.19,5,5,3,553,13,Champions,1.1001025952120256,0.994343080510082,115.76407469061226,474.3676373966142
14084,512,1,150.5,1,1,1,111,3,Hibernating,0.10202958899386398,1.0,0.0,0.0
14085,2,32,9705.67,5,5,5,555,15,Champions,3.2365783466321725,0.9981892077689035,333.9532794828115,4027.913109195485
14086,463,1,39.95,1,1,1,111,3,Hibernating,0.11167472562306198,1.0,0.0,0.0
14087,3,3,829.47,5,3,3,533,11,Potential Loyalists,0.290349334976165,0.9715668071543921,327.3728047766503,353.55153518286477
14088,10,16,64036.8,5,5,5,555,15,Champions,2.5195239370918117,0.9951066442459061,4003.2816574414564,37450.964922792016
14089,57,1,158.75,4,1,1,411,6,Promising,,1.0,0.0,0.0
14090,325,1,76.32000000000001,2,1,1,211,4,Hibernating,0.15111249953195374,1.0,0.0,0.0
14091,654,2,9530.08,1,2,5,125,8,Hibernating,0.06481318898444748,0.3318954347703479,4860.373579404723,1169.7647211553592
14092,8,24,7229.45,5,5,5,555,15,Champions,2.4684673764142864,0.997262898001201,340.7762034457033,3134.3833950507246
14093,12,1,433.86,5,1,2,512,8,New Customers,,1.0,0.0,0.0
14094,440,1,311.77,1,1,2,112,4,Hibernating,0.11675213412498214,1.0,0.0,0.0
14095,723,1,2.95,1,1,1,111,3,Hibernating,0.0748746122973658,1.0,0.0,0.0
14096,4,17,53258.43,5,5,5,555,15,Champions,9.032625151235875,0.9955082839481835,3364.8472651411116,111610.09370132686
14097,481,2,422.85999999999996,1,2,2,122,5,Hibernating,0.13889617580607558,0.6618778745778692,356.680563617232,183.85366849028227
14098,37,1,147.35,4,1,1,411,6,Promising,,1.0,0.0,0.0
14099,16,20,5750.91,5,5,5,555,15,Champions,2.2213266037710673,0.9962728715790872,285.25257489742586,2361.0492854542317
14100,138,1,191.95000000000002,3,1,1,311,5,About to Sleep,0.29010454913700684,1.0,0.0,0.0
14101,74,13,9961.93,3,5,5,355,13,Loyal Customers,1.6343163900551214,0.9835019383128352,787.1678946927984,4788.547871672564
14102,5,5,1105.8799999999999,5,4,3,543,12,Champions,3.807884555633581,0.9840760426732655,234.0605164064661,3248.433932568216
14104,155,5,740.53,3,4,3,343,10,Loyal Customers,0.639752392586515,0.9536587584264327,153.1052296168718,364.0316975584188
14105,239,5,5988.83,2,4,5,245,11,At Risk,0.4982736857084032,0.934203466933613,1397.4072253009087,2591.9415097054866
14106,737,1,214.79999999999998,1,1,1,111,3,Hibernating,0.07347792093063472,1.0,0.0,0.0
14107,52,11,4877.3,4,5,5,455,14,Loyal Customers,1.1953459490139056,0.9902394420539863,480.1364654434001,2138.0596179313457
14108,31,4,1044.96,4,3,3,433,10,Potential Loyalists,0.4016337469154738,0.979832054407391,281.813284094785,421.25307092620704
14109,73,1,144.2,3,1,1,311,5,About to Sleep,,1.0,0.0,0.0
14110,4,33,12987.95,5,5,5,555,15,Champions,3.544596281259875,0.9982887237941065,412.20587762927045,5445.262997974388
14111,14,4,692.85,5,3,3,533,11,Potential Loyalists,1.0540175670612846,0.9791677062096767,213.15699978574696,829.0456454187936
14112,23,13,5834.59,4,5,5,455,14,Loyal Customers,1.2007475982287696,0.9927351136488249,544.3952819011888,2433.5099342633616
14113,4,16,7092.610000000001,5,5,5,555,15,Champions,1.6522606530932824,0.9963932030033695,471.2678485586764,2901.1721654779412
14114,274,7,1364.09,2,4,4,244,10,At Risk,0.701207238234003,0.7849209579105779,180.92443152530606,471.9384261621864
14115,502,2,622.6700000000001,1,2,3,123,6,Hibernating,0.1330178261653064,0.6526043946965638,615.8304236170925,304.07546334409386
14116,20,5,1382.74,4,4,4,444,12,Loyal Customers,2.2117219473678023,0.9789312242247104,278.7542542605043,2262.9970360762263
14117,144,1,90.0,3,1,1,311,5,About to Sleep,0.2817765062101789,1.0,0.0,0.0
14118,429,1,458.45,1,1,2,112,4,Hibernating,0.11934741925685605,1.0,0.0,0.0
14119,376,2,183.37,2,2,1,221,5,Hibernating,0.1548474154826326,0.8137170779481306,146.01610333885372,83.97729893556043
14121,4,4,2780.15,5,3,4,534,12,Potential Loyalists,2.614678185340996,0.9807619235617538,902.657047967438,8610.500103374636
14122,406,3,362.42,2,3,2,232,7,At Risk,0.25023798181902873,0.8394396447401503,151.39117878542675,140.91289803009272
14123,733,1,436.18,1,1,2,112,4,Hibernating,0.07384524999089408,1.0,0.0,0.0
14124,84,1,419.58000000000004,3,1,2,312,6,About to Sleep,,1.0,0.0,0.0
14125,11,3,2720.63,5,3,4,534,12,Potential Loyalists,1.6187710287233406,0.9658292573405495,782.6049733214368,4624.660103286795
14126,8,4,1172.46,5,3,3,533,11,Potential Loyalists,0.45597384537028157,0.9707173351823056,388.7700232684999,656.9366268369827
14127,123,6,1900.0800000000002,3,4,4,344,11,Loyal Customers,0.9886816337376638,0.9508845798342664,294.3859633473828,1079.8988073307742
14128,61,3,924.21,3,3,3,333,9,Need Attention,0.37383440423937214,0.9631912987492356,351.18134258076003,487.33562215595055
14129,2,9,2591.34,5,5,4,554,14,Champions,1.063135267264625,0.9929108748127733,320.12472971835814,1265.8428896156076
14130,319,4,1858.77,2,3,4,234,9,At Risk,0.3710964538554521,0.8940553837766021,538.8151907830786,744.1179976578582
14131,649,1,168.22,1,1,1,111,3,Hibernating,0.08262281269239789,1.0,0.0,0.0
14132,2,11,3586.0299999999997,5,5,5,555,15,Champions,3.8567658065228536,0.9947349225947134,334.1058399164631,4752.604360371389
14133,130,4,911.14,3,3,3,333,9,Need Attention,0.2862776578058075,0.9555472338052248,333.731606798866,355.3582484744772
14134,383,15,11123.35,2,5,5,255,12,Cannot Lose Them,0.18728495880530405,0.15495389710205543,1065.1413370503492,743.1361522104177
14135,2,24,8839.67,5,5,5,555,15,Champions,2.5386784713076307,0.9977866929188968,371.2604615559105,3512.2940677846136
14136,401,5,1570.81,2,4,4,244,10,At Risk,0.3932556479408233,0.746691613251606,332.40555920184534,486.6458093334537
14137,696,1,332.7,1,1,2,112,4,Hibernating,0.07752725009468507,1.0,0.0,0.0
14138,2,2,965.8800000000001,5,2,3,523,10,Potential Loyalists,1.0806361248325251,0.9273219160788013,421.23492573392076,1654.235871480326
14139,46,4,1086.8,4,3,3,433,10,Potential Loyalists,0.5296473784009762,0.9766490051935603,264.05557909696256,519.4576309227813
14140,4,2,935.05,5,2,3,523,10,Potential Loyalists,1.439197552256556,0.9245197237349172,481.64792753473864,2508.8892352809685
14141,3,4,915.13,5,3,3,533,11,Potential Loyalists,1.9052345719936772,0.9816394941578123,224.24052550379793,1565.2454158917608
14142,373,2,671.34,2,2,3,223,7,Hibernating,0.16540038712578164,0.7892871572607119,382.04942286211343,234.51136053223127
14143,134,1,115.8,3,1,1,311,5,About to Sleep,0.2959364176547523,1.0,0.0,0.0
14144,486,1,30.599999999999998,1,1,1,111,3,Hibernating,0.1068272273702916,1.0,0.0,0.0
14145,47,7,7600.05,4,4,5,445,13,Loyal Customers,0.8763710761710295,0.9868488552201297,1067.6861048890653,3480.8971328698854
14146,9,12,9450.3,5,5,5,555,15,Champions,1.0188704047907648,0.9933279219468351,1112.3546490503204,4220.373388922003
14147,78,9,2590.2,3,5,4,354,12,Loyal Customers,0.8350345993175999,0.9821216238700853,402.6375934628245,1251.1423592274498
14148,234,2,466.29,2,2,2,222,6,Hibernating,0.25174562267379036,0.8094920880674874,194.82845255895734,181.3328299514665
14149,221,1,446.62,2,1,2,212,5,Hibernating,0.20596466944583672,1.0,0.0,0.0
14150,36,2,658.64,4,2,3,423,9,Potential Loyalists,0.32251656482359126,0.9180282443967905,431.27348626566624,513.5584132891797
14151,673,2,679.45,1,2,3,123,6,Hibernating,0.06103939798653863,0.3199407358238038,400.9277290973259,90.89176196096102
14152,75,7,1997.3400000000001,3,4,4,344,11,Loyal Customers,0.6904819425799,0.9815148077285205,352.2145300581805,905.0132732270063
14153,483,1,233.4,1,1,1,111,3,Hibernating,0.10741001079973346,1.0,0.0,0.0
14154,239,8,6460.7,2,4,5,245,11,At Risk,0.616821271152057,0.9204293858270635,1229.647557185897,2823.4115964810453
14155,266,1,118.75,2,1,1,211,4,Hibernating,0.17746525286312104,1.0,0.0,0.0
14156,10,144,303069.88,5,5,5,555,15,Champions,13.065464445108232,0.99849504896744,2607.4219359840913,126978.35530126428
14157,20,5,978.69,4,4,3,443,11,Loyal Customers,0.5811279488175638,0.9855365074020146,216.8249758830713,468.7303036652474
14158,40,1,507.66,4,1,2,412,7,Promising,,1.0,0.0,0.0
14159,20,20,7849.58,4,5,5,455,14,Loyal Customers,2.0890215807943227,0.9958696267669996,418.47299110210406,3257.5328387863283
14160,610,7,8421.47,1,4,5,145,10,At Risk,0.0019417682974334255,0.0024718099775450906,818.9037717783692,5.920281399262606
14161,216,7,2996.93,2,4,5,245,11,At Risk,0.7086610455076201,0.9352273579803128,428.3507313305608,1130.442347937495
14162,174,2,289.36,3,2,2,322,7,About to Sleep,0.33792893976889726,0.8099465552994869,139.70718893953,173.96564369851416
14163,87,5,2594.62,3,4,4,344,11,Loyal Customers,0.7724327203656032,0.9707811104959065,640.2823937741276,1835.6195120609925
14164,71,2,1631.77,3,2,4,324,9,About to Sleep,0.8309338240972773,0.808152349805409,437.9820056077494,1324.9149306228646
14165,276,1,120.44,2,1,1,211,4,Hibernating,0.1727886402729478,1.0,0.0,0.0
14166,505,2,251.15,1,2,1,121,4,Hibernating,0.12740971127002418,0.5909025156339369,175.39312125201957,82.91166323194503
14167,39,8,1274.29,4,4,4,444,12,Loyal Customers,0.9144801367945311,0.9894537315381406,164.9667148608953,561.6556198003883
14168,421,2,370.45,1,2,2,122,5,Hibernating,0.15930835221450254,0.672582347764289,86.20856357251989,50.912361345827115
14169,431,2,613.11,1,2,3,123,6,Hibernating,0.10536943476426633,0.3600270099501095,180.29736373134028,70.28160628411582
14170,375,3,570.18,2,3,2,232,7,At Risk,0.13801454322103607,0.265523480519082,232.77398606200046,118.94149260021074
14171,98,2,498.79,3,2,2,322,7,About to Sleep,0.17096939360076652,0.9121996673037658,444.9932559670746,282.60654232992226
14172,605,3,369.02,1,3,2,132,6,At Risk,0.05375179913935283,0.15895400825992456,138.21898338195678,27.609295702194984
14173,11,6,586.0,5,4,2,542,11,Champions,0.5201907114568817,0.9864673964209647,147.96645608502556,286.5445098206457
14174,33,1,134.46,4,1,1,411,6,Promising,,1.0,0.0,0.0
14175,60,8,7678.88,3,4,5,345,12,Loyal Customers,0.982647005619636,0.9861964030293365,1000.7027389531125,3659.2227541063535
14176,297,5,756.46,2,4,3,243,9,At Risk,0.36350821002920536,0.4924128005328651,205.46010692598932,276.66319371291854
14177,86,13,2209.69,3,5,4,354,12,Loyal Customers,1.0688780162846825,0.9817095133213309,222.45507230462127,885.1042286743582
14178,9,7,1580.26,5,4,4,544,13,Champions,2.405798181993363,0.9897297015563034,238.00656769296768,2110.510906107565
14179,41,2,701.57,4,2,3,423,9,Potential Loyalists,1.1016061891148254,0.8636765640784483,202.1545431762143,808.2558969995587
14180,11,33,6117.5,5,5,5,555,15,Champions,4.640516305614827,0.9974387865506184,196.89316429389615,3399.4187345478813
14181,411,2,308.35,1,2,2,122,5,Hibernating,0.16334826902721603,0.6874467509111563,118.84296723120985,71.9630492428451
14182,444,4,678.77,1,3,3,133,7,At Risk,0.24108466806912462,0.4841161990896792,185.84453123788052,166.5225505405679
14183,411,2,278.34000000000003,1,2,1,121,4,Hibernating,0.15133745691444153,0.5546598014239793,172.4990127271858,96.64489430812743
14184,67,1,452.89,3,1,2,312,6,About to Sleep,,1.0,0.0,0.0
14185,331,1,197.65,2,1,1,211,4,Hibernating,0.14845249807048938,1.0,0.0,0.0
14186,427,5,1550.63,1,4,4,144,9,At Risk,0.2998222309820566,0.5070383657355225,352.8613281032841,393.55131339373946
14187,474,1,123.5,1,1,1,111,3,Hibernating,0.10939942544124516,1.0,0.0,0.0
14188,31,6,2054.36,4,4,4,444,12,Loyal Customers,1.33729556429536,0.9839830778299273,343.99415796007844,1702.6613306835197
14189,2,16,5503.15,5,5,5,555,15,Champions,2.9050018011909797,0.9963581438199621,336.8895194777088,3631.857767117644
14190,666,1,79.9,1,1,1,111,3,Hibernating,0.08059409414289555,1.0,0.0,0.0
14191,2,15,4817.66,5,5,5,555,15,Champions,1.6587331742848515,0.9965236675402527,347.57098696969024,2148.0163301272673
14192,388,1,293.74,2,1,2,212,5,Hibernating,0.12984389339853405,1.0,0.0,0.0
14193,68,3,1210.19,3,3,4,334,10,Need Attention,0.4966823484126675,0.9576355654052996,469.4243889697466,863.2321931588086
14194,5,36,18670.59,5,5,5,555,15,Champions,2.8889014694996495,0.997758983983666,754.8309225240505,8124.249379331905
14195,202,6,2615.6,2,4,4,244,10,At Risk,0.5641526398511505,0.9405924794305158,473.6486443190255,993.9014749718948
14196,107,1,335.52,3,1,2,312,6,About to Sleep,0.3424252436554604,1.0,0.0,0.0
14197,411,1,390.05,1,1,2,112,4,Hibernating,0.12385272597185656,1.0,0.0,0.0
14198,18,9,1569.73,5,5,4,554,14,Champions,1.0074376386820314,0.9925275203541734,183.772842228696,689.4716180876043
14199,218,4,1091.7,2,3,3,233,8,At Risk,0.504855464848085,0.9125212655156568,309.55394760174596,580.3664179226208
14200,617,1,379.2,1,1,2,112,4,Hibernating,0.08636708627391712,1.0,0.0,0.0
14201,60,10,1193.54,3,5,3,353,11,Loyal Customers,1.3137730748961796,0.9863985276582454,115.03553012506305,562.2664671244114
14202,381,3,847.76,2,3,3,233,8,At Risk,0.2775878988462847,0.799977747604686,334.2354911968365,344.7159784233956
14203,397,1,339.34,2,1,2,212,5,Hibernating,0.12732420702629432,1.0,0.0,0.0
14204,2,4,1024.83,5,3,3,533,11,Potential Loyalists,0.4031296833342759,0.9822564785393191,232.58855780548447,348.96426349437115
14205,17,9,2414.2,5,5,4,554,14,Champions,0.9671104364621176,0.9916580839222697,320.1437750614214,1152.3099678776985
14206,239,3,1185.01,2,3,3,233,8,At Risk,0.4272018927929083,0.8343971359881909,353.9527067695982,559.9071706036327
14207,688,1,157.8,1,1,1,111,3,Hibernating,0.0783497078309734,1.0,0.0,0.0
14208,95,2,567.05,3,2,2,322,7,About to Sleep,0.21949375095445817,0.9075359029623361,188.2168071423916,153.1196093878767
14209,11,15,4993.27,5,5,5,555,15,Champions,1.750382560720859,0.9958466235754839,342.8378123172304,2235.1055779169465
14210,106,16,5556.570000000001,3,5,5,355,13,Loyal Customers,1.6710748802166262,0.9709974224693232,356.7494689898178,2220.705277363932
14211,53,18,4402.29,4,5,5,455,14,Loyal Customers,1.7570594181957637,0.9906577033431943,284.51604203496896,1862.635016490825
14212,90,2,2190.14,3,2,4,324,9,About to Sleep,0.2639920957516776,0.9037812719649615,1300.7411862661327,1270.3641672670553
14213,405,1,1192.2,2,1,3,213,6,Hibernating,0.12543110703408036,1.0,0.0,0.0
14214,31,5,1004.38,4,4,3,443,11,Loyal Customers,1.2027685218529578,0.9804899838086769,96.56042401441499,429.3162809407704
14215,12,9,3250.33,5,5,5,555,15,Champions,0.9725707016976824,0.9931333585239597,361.42333504501426,1309.330522038438
14216,3,5,2150.04,5,4,4,544,13,Champions,0.8639820243240574,0.9868585262410647,481.72535348148983,1543.4766359432845
14217,2,23,3298.59,5,5,5,555,15,Champions,3.287950678917166,0.9976599439078898,138.56275458768127,1694.4620836159904
14218,43,1,169.48000000000002,4,1,1,411,6,Promising,,1.0,0.0,0.0
14219,4,3,633.83,5,3,3,533,11,Potential Loyalists,0.41613839876918024,0.9712185297561021,132.47908284855282,204.4727944066765
14220,247,4,1515.0,2,3,4,234,9,At Risk,0.46778883697880286,0.9009700853535344,428.47536578664494,744.7172628926659
14221,42,17,6517.49,4,5,5,455,14,Loyal Customers,1.800892674923336,0.9911832752562102,473.7150885245724,3175.2914126578403
14222,177,1,683.17,3,1,3,313,7,About to Sleep,0.24236882954345962,1.0,0.0,0.0
14223,92,3,991.13,3,3,3,333,9,Need Attention,0.6792995937370533,0.9345124639782001,377.87078466022325,946.9985459119551
14224,110,9,1841.71,3,5,4,354,12,Loyal Customers,1.2373715579441926,0.9664994774617923,189.7147149114739,872.8587233927146
14225,435,4,2031.07,1,3,4,134,8,At Risk,0.30902200287939036,0.7144525700103832,492.3401131154018,566.0417982423272
14226,29,6,2985.13,4,4,5,445,13,Loyal Customers,0.992948041497115,0.9862026819043413,459.71138485050284,1694.098805287055
14227,26,15,6366.16,4,5,5,455,14,Loyal Customers,1.1757679316871918,0.9923780746827365,672.0990601881049,2942.246859953242
14228,438,3,745.5,1,3,3,133,7,At Risk,0.21239297078580796,0.5427919499094735,365.94186923870245,288.49628664651857
14229,52,7,2594.04,4,4,4,444,12,Loyal Customers,0.9337490899090487,0.9824430219618921,457.55838091555756,1586.3862152534018
14230,436,3,979.8000000000001,1,3,3,133,7,At Risk,0.15088398318439517,0.6208199265921935,615.1401968977807,343.99150166423595
14231,184,4,1235.6200000000001,3,3,4,334,10,Need Attention,0.586420379037015,0.9173627924133791,328.89703558861277,715.3914804997496
14232,43,5,2048.07,4,4,4,444,12,Loyal Customers,1.2446838666393734,0.9760277832097682,355.10921479574995,1633.2083487325713
14233,49,7,2904.27,4,4,5,445,13,Loyal Customers,0.8342419500310745,0.9867600550942457,426.1484645826099,1322.9923197006276
14234,22,4,754.12,4,3,3,433,10,Potential Loyalists,2.6115337253219826,0.9636588469746754,144.86875081345121,1379.9447402126787
14235,75,9,4717.99,3,5,5,355,13,Loyal Customers,0.8608016463427888,0.9822499655537106,746.2478505723917,2389.9302876487427
14236,81,5,1555.34,3,4,4,344,11,Loyal Customers,0.7168026875382777,0.9744279547667491,328.63642825936194,874.8689468998979
14237,373,2,471.14,2,2,2,222,6,Hibernating,0.17294185414774688,0.7603063567893049,199.42996402103608,127.90426329089014
14238,326,3,434.23,2,3,2,232,7,At Risk,0.2676947627414013,0.8946403538915066,152.7111368279366,152.05336577797036
14239,43,21,4263.17,4,5,5,455,14,Loyal Customers,2.311119702680589,0.9925760776499356,208.31992280294435,1794.0643846702928
14240,30,3,1247.49,4,3,4,434,11,Potential Loyalists,0.47363632306816505,0.9667056861134186,489.6619199534561,859.134735283413
14241,184,2,333.70000000000005,3,2,2,322,7,About to Sleep,0.17447205932525353,0.8910959477162743,263.2456624556543,170.54665427027226
14242,235,2,280.55,2,2,1,221,5,Hibernating,0.28102415693931615,0.7358000455633492,176.66459152443605,183.132269044569
14243,9,17,7217.75,5,5,5,555,15,Champions,2.763312976928065,0.9961836648606749,294.52146367365265,3024.687029597585
14244,661,1,366.41999999999996,1,1,2,112,4,Hibernating,0.08125916861063799,1.0,0.0,0.0
14245,220,2,1693.45,2,2,4,224,8,Hibernating,0.3041112577419249,0.6696935684267011,838.0107717913572,938.1106113973333
14246,111,3,1474.06,3,3,4,334,10,Need Attention,0.7049990705534998,0.9138017445905784,563.0975939533419,1463.60069388964
14247,278,5,753.56,2,4,3,243,9,At Risk,0.5601404825024884,0.8229527936187141,149.74646868685025,311.70459096852363
14248,318,3,1032.95,2,3,3,233,8,At Risk,0.3314411563766625,0.8040493599427975,396.89789768793827,488.0694689329682
14249,411,12,5400.46,1,5,5,155,11,Cannot Lose Them,0.212505415651273,0.22931082463649413,743.6770441556645,588.364482284934
14250,7,3,1904.05,5,3,4,534,12,Potential Loyalists,0.8931964828241986,0.9228039279618468,822.1113387658063,2675.5634158352627
14251,2,5,2879.7000000000003,5,4,4,544,13,Champions,3.4077316494327397,0.9867312487966059,424.4669745452619,5280.005863472555
14252,381,1,350.99,2,1,2,212,5,Hibernating,0.1318737347434386,1.0,0.0,0.0
14253,493,2,363.40000000000003,1,2,2,122,5,Hibernating,0.13246216726304133,0.6116690758227031,195.85773801758023,96.25351816012333
14254,433,1,601.03,1,1,2,112,4,Hibernating,0.11839042687154464,1.0,0.0,0.0
14256,260,5,2460.79,2,4,4,244,10,At Risk,0.4002407054012809,0.9229157027141343,539.3778601921367,803.156885948443
14257,64,9,5954.45,3,5,5,355,13,Loyal Customers,1.0784145289151243,0.9863152554672299,609.3680984317186,2446.1188586731178
14258,9,25,32051.34,5,5,5,555,15,Champions,2.4310561829523993,0.9971173889481796,1478.6471249273845,13395.312836296578
14259,142,1,120.0,3,1,1,311,5,About to Sleep,0.28449872676580434,1.0,0.0,0.0
14260,471,3,824.28,1,3,3,133,7,At Risk,0.12833408060722287,0.5280371900341817,350.16579212618365,166.55059427022533
14261,51,2,1163.45,4,2,3,423,9,Potential Loyalists,0.8984508724422303,0.8617238850991482,270.5112068694628,884.6244449963318
14262,8,8,2618.23,5,4,4,544,13,Champions,2.2437945145047373,0.9914113729230865,348.9579140897912,2893.265018022419
14263,423,1,322.93,1,1,2,112,4,Hibernating,0.12056565478438827,1.0,0.0,0.0
14264,155,6,1517.3600000000001,3,4,4,344,11,Loyal Customers,0.72173027478507,0.9578770088979938,215.1910601849768,577.6842145506371
14265,109,4,1373.35,3,3,4,334,10,Need Attention,0.47017945010398926,0.9670185600000865,397.9461268435971,695.5352340357492
14266,428,1,40.56,1,1,1,111,3,Hibernating,0.11934741925685605,1.0,0.0,0.0
14267,163,3,1516.24,3,3,4,334,10,Need Attention,0.36782376724491417,0.8025894339757307,827.7542449271975,1120.634136384216
14268,471,1,354.85,1,1,2,112,4,Hibernating,0.11001070972049877,1.0,0.0,0.0
14269,439,1,295.73,1,1,2,112,4,Hibernating,0.11675213412498214,1.0,0.0,0.0
14270,332,1,492.65000000000003,2,1,2,212,5,Hibernating,0.14845249807048938,1.0,0.0,0.0
14271,226,2,214.18,2,2,1,221,5,Hibernating,0.2562097455111014,0.8152508419897568,140.4821803436696,133.05482029148808
14272,74,4,920.81,3,3,3,333,9,Need Attention,0.4950156596602588,0.9729669884289888,265.37909078870945,488.1675840461041
14273,51,4,559.97,4,3,2,432,9,Potential Loyalists,1.036642874319874,0.9661791206013874,159.55123746868546,610.3459352863244
14274,686,1,256.6,1,1,1,111,3,Hibernating,0.0784537440776623,1.0,0.0,0.0
14275,396,6,1189.3799999999999,2,4,3,243,9,At Risk,0.3422051466115865,0.5484975251078328,265.42637723157037,337.75325431236314
14276,99,7,2102.68,3,4,4,344,11,Loyal Customers,0.686660700605695,0.9774318891943027,372.6794644773526,952.3070986346249
14277,15,8,16789.16,5,4,5,545,14,Champions,0.7506495086973177,0.9906399698961067,2845.512711739042,7954.411968071467
14278,410,1,205.83,1,1,1,111,3,Hibernating,0.1241130229591661,1.0,0.0,0.0
14279,521,2,191.86,1,2,1,121,4,Hibernating,0.12745658300258247,0.6381450316769982,102.99197116841758,48.73602007442222
14280,197,1,134.04,2,1,1,211,4,Hibernating,0.22480838684282428,1.0,0.0,0.0
14281,408,1,245.15,2,1,1,211,4,Hibernating,0.12437441721936675,1.0,0.0,0.0
14282,3,25,7250.76,5,5,5,555,15,Champions,3.0481761264796616,0.997818642409707,266.83041963308295,3029.2611320662704
14283,463,4,628.4399999999999,1,3,3,133,7,At Risk,0.15976052466096582,0.3077017708877867,141.22732426049,83.83085933397277
14284,31,3,1299.65,4,3,4,434,11,Potential Loyalists,0.3224736839387966,0.9684523853090227,328.0409993043939,393.15884012831214
14285,21,8,3284.42,4,4,5,445,13,Loyal Customers,0.8586979410240362,0.991410743165255,459.5659414694376,1469.8174299457123
14286,24,7,8479.76,4,4,5,445,13,Loyal Customers,0.6291075810589122,0.9881976737135117,1424.2011986143336,3336.355980451952
14287,8,3,176.63,5,3,1,531,9,Potential Loyalists,0.5236926173394735,0.9246883765638637,117.51095075534495,225.89288510622507
14288,213,1,426.6,2,1,2,212,5,Hibernating,0.21112564351810023,1.0,0.0,0.0
14289,9,6,911.26,5,4,3,543,12,Champions,1.4234084527561335,0.98860212049875,122.82118202894003,646.703684956038
14290,11,8,4516.56,5,4,5,545,14,Champions,0.859390373471781,0.9922101918826839,534.6793094846677,1711.4294428944322
14291,2,23,7904.1,5,5,5,555,15,Champions,1.5412332296932125,0.9962537436806307,584.7021823019859,3357.4908643067206
14292,8,16,9226.25,5,5,5,555,15,Champions,1.3735306006601538,0.9946234505450982,867.6493346755475,4435.881408583615
14293,3,9,2903.01,5,5,5,555,15,Champions,0.8620591959382762,0.9927892438812103,317.7645722048996,1020.2604105376068
14294,407,1,375.34,2,1,2,212,5,Hibernating,0.12463691571027861,1.0,0.0,0.0
14295,40,4,2352.91,4,3,4,434,11,Potential Loyalists,0.40525976219316917,0.9788256541022614,625.5724438174777,943.4819131438032
14296,421,2,456.40000000000003,1,2,2,122,5,Hibernating,0.159083188851862,0.6823039583440531,353.3989593903284,208.44268812626063
14297,18,4,1305.33,5,3,4,534,12,Potential Loyalists,0.9509322680392124,0.9788207197567315,380.92449251925956,1338.1456071202006
14298,8,82,91194.49,5,5,5,555,15,Champions,5.063585382292537,0.9983201833177278,2031.3228889476277,38332.44068327231
14299,8,27,14070.25,5,5,5,555,15,Champions,2.761945711457035,0.9974774035413858,504.57128409957164,5193.388395253244
14300,19,1,43.2,5,1,1,511,7,New Customers,,1.0,0.0,0.0
14301,117,4,1992.18,3,3,4,334,10,Need Attention,0.4354976355770291,0.9671573779484057,597.5699090132192,967.9362458503343
14302,431,3,742.9000000000001,1,3,3,133,7,At Risk,0.24313061357327392,0.8155975140136942,346.14249860105434,313.0340050496465
14303,407,2,277.94,2,2,1,221,5,Hibernating,0.1283851053126267,0.4300530043280211,144.1391710319532,68.44554756288699
14304,223,3,1725.01,2,3,4,234,9,At Risk,0.34487714404958525,0.9159937502009532,578.7727803336873,741.137146620629
14305,71,3,1858.96,3,3,4,334,10,Need Attention,1.0928847277692955,0.9131849244897993,448.26672125930816,1796.4471131222106
14306,51,6,3151.4,4,4,5,445,13,Loyal Customers,0.6761577343138878,0.9850626463215095,591.1979668371101,1487.8088350391836
14307,89,10,4287.92,3,5,5,355,13,Loyal Customers,0.9617818339833526,0.9833509873943649,517.4556338726795,1853.808629000077
14309,8,11,3780.81,5,5,5,555,15,Champions,1.552100054108249,0.9944504170815037,317.5575953293716,1833.0684587271487
14310,433,1,492.1,1,1,2,112,4,Hibernating,0.11839042687154464,1.0,0.0,0.0
14311,243,2,516.45,2,2,2,222,6,Hibernating,0.20099669683011967,0.852631175342321,380.17249055521285,283.28455983463425
14312,47,11,3090.29,4,5,5,455,14,Loyal Customers,1.6671265111494296,0.9881772761051895,234.9578364774077,1455.963243604985
14314,107,2,229.8,3,2,1,321,6,About to Sleep,0.26976648145968896,0.8963995956879486,149.7820771933445,149.43763541163545
14315,45,8,3197.82,4,4,5,445,13,Loyal Customers,0.9750762373051348,0.988504604400429,415.49355259459276,1507.7116021577292
14316,422,5,1370.34,1,4,4,144,9,At Risk,0.3040694389154022,0.6420135418050789,349.86443337898703,395.537364406251
14317,65,1,508.58000000000004,3,1,2,312,6,About to Sleep,,1.0,0.0,0.0
14318,460,1,158.02,1,1,1,111,3,Hibernating,0.11209863017621675,1.0,0.0,0.0
14319,424,1,494.85,1,1,2,112,4,Hibernating,0.12032002065354944,1.0,0.0,0.0
14320,207,5,1346.75,2,4,4,244,10,At Risk,0.5270433066298474,0.9453809531096545,296.4655103397466,581.4712397985853
14321,11,7,2218.06,5,4,4,544,13,Champions,1.1039919349941556,0.9906618039582883,316.63075194074213,1298.2207020421808
14322,429,4,474.1,1,3,2,132,6,At Risk,0.305811700461379,0.6726440218667176,127.25259786822201,144.73161568572792
14323,115,2,605.0600000000001,3,2,3,323,8,About to Sleep,0.41994391740203824,0.85429151832119,374.09365172899305,577.7145469049825
14324,410,2,701.61,1,2,3,123,6,Hibernating,0.15339178615924867,0.7803440085314902,415.9431875525302,236.90709168256757
14325,570,1,245.48000000000002,1,1,1,111,3,Hibernating,0.09288508611382804,1.0,0.0,0.0
14326,242,3,940.98,2,3,3,233,8,At Risk,0.35865173067162165,0.8955662667292881,349.00697186343046,464.5264406862128
14327,163,6,1894.93,3,4,4,344,11,Loyal Customers,0.6404858343323695,0.9620330847324229,325.33409979435896,775.6963259844694
14329,17,15,9887.62,5,5,5,555,15,Champions,1.553042040082272,0.9950411877880302,746.2030227014652,4317.470292924074
14330,624,1,200.63,1,1,1,111,3,Hibernating,0.08561612258884486,1.0,0.0,0.0
14331,124,2,462.65999999999997,3,2,2,322,7,About to Sleep,0.5325555028329224,0.7149378470128065,100.1341903656529,195.02195222363625
14332,23,5,1917.41,4,4,4,444,12,Loyal Customers,0.858029028263722,0.9841547543670427,355.3758246127634,1130.8410696345943
14333,68,1,415.2,3,1,2,312,6,About to Sleep,,1.0,0.0,0.0
14334,17,12,4318.48,5,5,5,555,15,Champions,1.648893108690681,0.9941063731001591,355.19562827842486,2178.7493983607155
14335,16,2,454.86,5,2,2,522,9,Potential Loyalists,0.8475184905571844,0.9155243474896672,134.47599696158784,415.53329994512086
14336,17,4,1614.91,5,3,4,534,12,Potential Loyalists,0.9455965176125998,0.9790785751884679,383.6706023395685,1340.3137280903768
14338,161,3,928.1,3,3,3,333,9,Need Attention,0.37288076674101206,0.9373362020079493,324.1906652633796,448.6403973972843
14339,243,2,620.27,2,2,3,223,7,Hibernating,0.24393095083812277,0.8072780207386835,379.2764067441765,342.1499872228032
14340,219,1,134.7,2,1,1,211,4,Hibernating,0.20741325908044167,1.0,0.0,0.0
14341,45,18,4452.02,4,5,5,455,14,Loyal Customers,1.2960857528470513,0.9914489449295028,385.5499232161044,1861.749087113744
14342,21,6,918.44,4,4,3,443,11,Loyal Customers,0.9367698350934983,0.9874617764370239,157.66296081832448,548.4049002756824
14343,421,4,1079.66,1,3,3,133,7,At Risk,0.32078433552270047,0.7357976943374623,294.8537669399376,351.8763040809695
14344,127,20,2993.05,3,5,5,355,13,Loyal Customers,2.2516306716324257,0.8787565763887192,140.29258716694957,1176.0569307119183
14345,39,1,108.97999999999999,4,1,1,411,6,Promising,,1.0,0.0,0.0
14346,121,5,2315.75,3,4,4,344,11,Loyal Customers,0.5614534920697737,0.9585100792334397,582.6680166764655,1214.3164427373897
14347,737,1,82.6,1,1,1,111,3,Hibernating,0.07356941006169464,1.0,0.0,0.0
14348,260,1,409.57,2,1,2,212,5,Hibernating,0.18072642592044869,1.0,0.0,0.0
14349,10,1,133.5,5,1,1,511,7,New Customers,,1.0,0.0,0.0
14350,274,3,972.03,2,3,3,233,8,At Risk,0.38574946723235976,0.7986232822362779,324.2782973325919,463.4483380046326
14351,165,1,51.0,3,1,1,311,5,About to Sleep,0.25605803760198137,1.0,0.0,0.0
14352,157,4,1078.96,3,3,3,333,9,Need Attention,0.6122513333033331,0.8653363760726631,466.286065491082,1053.5572770602641
14353,215,3,376.5,2,3,2,232,7,At Risk,0.42545675351912254,0.882609922365261,106.88504163424301,168.4840021344169
14354,6,2,163.62,5,2,1,521,8,Potential Loyalists,1.4502291622624937,0.9218168188045041,96.30767030771375,505.4354693772964
14355,366,3,840.0500000000001,2,3,3,233,8,At Risk,0.284244922722556,0.8227296099063103,297.183556933022,313.8632370777467
14356,80,2,701.23,3,2,3,323,8,About to Sleep,0.7905664597149737,0.7742124991814913,435.80234228360683,1254.3991677142367
14357,43,1,225.12,4,1,1,411,6,Promising,,1.0,0.0,0.0
14358,389,2,400.06,2,2,2,222,6,Hibernating,0.14710553328168707,0.486838850663756,186.836353703768,101.6445700996577
14359,19,3,912.18,5,3,3,533,11,Potential Loyalists,1.5131683166013896,0.9599390289902935,236.8707852976743,1309.5194996463324
14360,32,4,2118.03,4,3,4,434,11,Potential Loyalists,1.4317347510169554,0.9503025671577688,546.1846045953729,2858.7780236995823
14361,579,1,214.70999999999998,1,1,1,111,3,Hibernating,0.09158903433222908,1.0,0.0,0.0
14362,22,1,151.5,4,1,1,411,6,Promising,,1.0,0.0,0.0
14363,402,2,227.47000000000003,2,2,1,221,5,Hibernating,0.14632345584995554,0.5068312885871172,185.2863708954888,100.31269975255847
14364,109,8,3717.35,3,4,5,345,12,Loyal Customers,1.7591850121962969,0.8089440801758659,515.2741827072074,3345.2609429886866
14365,395,2,634.68,2,2,3,223,7,Hibernating,0.15723947791791135,0.7872609578335167,380.07561662969545,221.87890862719223
14366,525,1,136.0,1,1,1,111,3,Hibernating,0.09978890164874815,1.0,0.0,0.0
14367,8,16,9227.82,5,5,5,555,15,Champions,3.328230156338976,0.9945946333099982,697.4869767013726,8591.864992005634
14368,320,1,155.0,2,1,1,211,4,Hibernating,0.15307168487944656,1.0,0.0,0.0
14369,642,2,469.13,1,2,2,122,5,Hibernating,0.05276644005900005,0.25710984331634745,367.07029212897817,71.893926522015
14370,451,6,1175.78,1,4,3,143,8,At Risk,0.2785722698185724,0.4923749041511615,241.10476598343746,249.92428052415255
14371,295,1,100.5,2,1,1,211,4,Hibernating,0.16323080632048553,1.0,0.0,0.0
14372,443,2,860.08,1,2,3,123,6,Hibernating,0.1510916525741406,0.6733683648051163,331.0937380399363,185.54065895837448
14373,358,1,76.55,2,1,1,211,4,Hibernating,0.1390147005403632,1.0,0.0,0.0
14374,541,1,108.0,1,1,1,111,3,Hibernating,0.0971627471864886,1.0,0.0,0.0
14375,185,3,1106.82,3,3,3,333,9,Need Attention,0.36635085036076137,0.9285842893051325,421.48964711063263,573.1156241337142
14376,683,1,215.46,1,1,1,111,3,Hibernating,0.07876751775732649,1.0,0.0,0.0
14377,191,2,617.05,2,2,3,223,7,Hibernating,0.3406077197390789,0.7477771659118092,370.7151735765721,464.7832093618769
14378,622,1,131.25,1,1,1,111,3,Hibernating,0.08586498797372773,1.0,0.0,0.0
14379,44,4,1265.16,4,3,4,434,11,Potential Loyalists,0.5896562247499118,0.9761908414769209,336.83810573909375,737.0645269836402
14381,52,2,625.9399999999999,4,2,3,423,9,Potential Loyalists,0.26430414006551217,0.9154896397859656,249.901279215626,244.38297044764147
14382,26,2,1193.6299999999999,4,2,3,423,9,Potential Loyalists,0.30165415486404684,0.9213952576361403,749.7828441263424,835.7330573269943
14383,38,3,1247.69,4,3,4,434,11,Potential Loyalists,1.0018978028179253,0.9546674056322578,552.7898718122481,2034.3152582920302
14384,501,1,58.5,1,1,1,111,3,Hibernating,0.10418917179659691,1.0,0.0,0.0
14385,9,3,202.11,5,3,1,531,9,Potential Loyalists,2.6319664191596543,0.9623808322370685,82.50689538025352,787.4486190548604
14386,297,1,142.4,2,1,1,211,4,Hibernating,0.16278062792521963,1.0,0.0,0.0
14387,33,3,1727.6,4,3,4,434,11,Potential Loyalists,1.3102581135622147,0.9520631686668807,706.8251414701228,3389.7975428611317
14388,10,16,6388.2,5,5,5,555,15,Champions,1.8652956420577476,0.9960799537002165,409.3941633178847,2844.354565554748
14389,65,5,1898.01,3,4,4,344,11,Loyal Customers,0.6268818852583796,0.9793542853146698,437.37141245305696,1019.3524448459298
14390,10,13,6150.03,5,5,5,555,15,Champions,1.9476326920551503,0.9939861751359785,557.0318632307485,4027.8657644141667
14391,577,1,135.6,1,1,1,111,3,Hibernating,0.09187390901606185,1.0,0.0,0.0
14392,432,1,266.4,1,1,1,111,3,Hibernating,0.11839042687154464,1.0,0.0,0.0
14393,218,1,67.95,2,1,1,211,4,Hibernating,0.20741325908044167,1.0,0.0,0.0
14394,565,1,93.8,1,1,1,111,3,Hibernating,0.09362109753545857,1.0,0.0,0.0
14395,2,20,7801.93,5,5,5,555,15,Champions,2.520040653802387,0.9972080560931071,406.0864610931984,3808.969855674508
14396,65,7,1969.38,3,4,4,344,11,Loyal Customers,0.6248156179233385,0.9839107353455796,303.7004510158901,706.6107056331153
14397,3,19,2612.96,5,5,4,554,14,Champions,6.036353821574842,0.9969774425902818,137.50912895580444,3066.575996409874
14398,401,2,707.79,2,2,3,223,7,Hibernating,0.16644568908550722,0.6613998007202918,320.8856481385353,197.88391877344088
14399,394,8,2108.21,2,4,4,244,10,At Risk,0.2677068556657126,0.2869350535618884,242.9676498897981,242.148217837375
14400,149,3,1732.47,3,3,4,334,10,Need Attention,0.32550813400589634,0.9476099494653641,591.4684763608155,715.3782998965405
14401,4,22,6795.9,5,5,5,555,15,Champions,2.462753646162146,0.997481851427371,296.74335416264233,2723.1014118617522
14402,652,1,285.6,1,1,2,112,4,Hibernating,0.08216320573954396,1.0,0.0,0.0
14403,130,6,1880.51,3,4,4,344,11,Loyal Customers,0.7008628444261694,0.9687341144016687,353.88885843107346,922.811665826944
14404,34,13,2724.13,4,5,4,454,13,Loyal Customers,1.3293103581727566,0.992787150126023,229.90714667798144,1138.4762919718535
14405,387,1,195.0,2,1,1,211,4,Hibernating,0.13041743818660237,1.0,0.0,0.0
14406,119,1,156.75,3,1,1,311,5,About to Sleep,0.3183410437904621,1.0,0.0,0.0
14407,107,5,2142.73,3,4,4,344,11,Loyal Customers,1.1434669945289047,0.9294177803977464,467.67606165357853,1976.750020499924
14408,11,11,4102.27,5,5,5,555,15,Champions,1.1974487309575406,0.9944786821169046,385.20592360144855,1718.3747460938594
14409,71,9,3427.29,3,5,5,355,13,Loyal Customers,1.072157677682381,0.982663797403455,414.73906400400864,1653.66663839088
14410,92,11,2630.9,3,5,4,354,12,Loyal Customers,1.4998893797696595,0.9655158922924226,278.7393015644746,1552.2379916223183
14411,311,1,1063.0,2,1,3,213,6,Hibernating,0.1567294497921289,1.0,0.0,0.0
14412,43,3,1426.19,4,3,4,434,11,Potential Loyalists,0.4715217295645751,0.9643624934344741,423.76808091015175,740.2156885830171
14413,362,3,421.72,2,3,2,232,7,At Risk,0.27176970890009006,0.8571033841234388,165.79570016219427,167.5245134729164
14414,92,8,2399.33,3,4,4,344,11,Loyal Customers,1.5076019716673783,0.9594225435059688,219.85246351652086,1229.0656152513857
14415,1,23,11980.09,5,5,5,555,15,Champions,2.5838155889730414,0.9977855753170596,525.7903109827549,5062.144689545246
14416,22,2,490.22,4,2,2,422,8,Potential Loyalists,1.2521100428675682,0.8972623883690186,160.94679710923026,730.492115500931
14417,388,1,524.65,2,1,2,212,5,Hibernating,0.13013003329334125,1.0,0.0,0.0
14418,4,3,1937.25,5,3,4,534,12,Potential Loyalists,1.343277105940467,0.9704252938812132,980.6589267455018,4821.198933301026
14419,11,7,1254.64,5,4,4,544,13,Champions,1.3286893737834975,0.9904181590844339,181.1733237142795,892.6350142024298
14420,99,4,1639.17,3,3,4,334,10,Need Attention,0.4227251163191533,0.9709085788704519,439.5411974981218,691.2446732712747
14421,57,6,2469.37,4,4,4,444,12,Loyal Customers,0.6632175456080294,0.9844510449369794,310.42677514758645,766.3629484562629
14422,1,19,10271.52,5,5,5,555,15,Champions,2.1293964456733696,0.9973608176246197,552.8387924912822,4386.206591963593
14423,218,3,916.6099999999999,2,3,3,233,8,At Risk,0.2939058019978548,0.933062834799944,369.97294442246704,404.2995007611919
14424,18,1,322.08,5,1,2,512,8,New Customers,,1.0,0.0,0.0
14425,435,3,661.39,1,3,3,133,7,At Risk,0.24182168076280067,0.8112066134580501,242.07393940715306,217.74100370673997
14426,24,17,11727.94,4,5,5,455,14,Loyal Customers,1.7223931384095865,0.9942285231401964,880.5983744098888,5647.0549485112015
14427,50,4,1263.52,4,3,4,434,11,Potential Loyalists,0.46206331235785125,0.9770067349012056,237.84721655932344,408.6194702169822
14428,7,5,1224.06,5,4,4,544,13,Champions,1.0605902874632809,0.9861188684972689,267.70824360659674,1050.9413901995442
14429,404,1,516.28,2,1,2,212,5,Hibernating,0.12569809321525804,1.0,0.0,0.0
14430,512,3,1220.9,1,3,4,134,8,At Risk,0.12032112935593714,0.5426910437805879,713.3461388910927,318.3729628858462
14431,303,4,2614.2,2,3,4,234,9,At Risk,0.39148784565197725,0.8944043869571299,736.2979981572279,1072.3341317119637
14432,10,6,2248.5,5,4,4,544,13,Champions,3.2723796472146875,0.9858851967764577,415.0640096990768,4975.757298945566
14433,466,1,280.7,1,1,1,111,3,Hibernating,0.1110448499963557,1.0,0.0,0.0
14434,22,6,1372.8,4,4,4,444,12,Loyal Customers,3.637742002406462,0.9742070519322147,220.831557500589,2938.3645899889166
14435,502,1,90.42,1,1,1,111,3,Hibernating,0.10400571895916452,1.0,0.0,0.0
14436,99,2,271.70000000000005,3,2,1,321,6,About to Sleep,0.2185442007310624,0.9065421052252948,112.31608649947187,90.97972224849477
14437,366,5,873.34,2,4,3,243,9,At Risk,0.39745772874721724,0.6142938200881076,133.71067234001566,197.5654771713611
14438,306,1,131.9,2,1,1,211,4,Hibernating,0.1584119038004265,1.0,0.0,0.0
14439,320,5,9443.04,2,4,5,245,11,At Risk,0.4760358698362305,0.8538866515882485,1813.9066497322624,3213.382111191179
14440,8,13,5982.03,5,5,5,555,15,Champions,1.3024614838206934,0.9950844786733419,466.5433588609607,2263.917046540467
14441,1,11,4611.6900000000005,5,5,5,555,15,Champions,1.2649925392260586,0.9951726286267766,432.12111296035033,2035.7247533642426
14442,205,7,5367.0199999999995,2,4,5,245,11,At Risk,0.6360590222284624,0.942888596333474,939.1080685287778,2223.456142743689
14443,54,5,2082.97,4,4,4,444,12,Loyal Customers,0.9229181923599965,0.9770764877371014,372.180084549813,1272.9668114908218
14444,456,1,120.44,1,1,1,111,3,Hibernating,0.11295617413277576,1.0,0.0,0.0
14445,456,1,221.65,1,1,1,111,3,Hibernating,0.11317261545273148,1.0,0.0,0.0
14446,1,5,1195.48,5,4,3,543,12,Champions,0.9180249499031875,0.9872346745182615,263.7979662904004,897.6116472032617
14447,19,6,1711.73,5,4,4,544,13,Champions,0.888055781000423,0.9846813798009189,305.0127074145875,1004.2459014665432
14448,9,2,375.35,5,2,2,522,9,Potential Loyalists,0.3214645788167636,0.925819931745738,335.0534597454619,397.73070990977396
14449,19,8,2230.96,5,4,4,544,13,Champions,1.184208548216307,0.9894902689389166,340.17423651977225,1495.2317791703892
14450,181,7,1128.44,3,4,3,343,10,Loyal Customers,0.8329352089766426,0.9379373416138673,160.67318983214503,497.8679837968143
14451,60,12,3258.68,3,5,5,355,13,Loyal Customers,1.3727280114134586,0.9885720842542729,291.1505692355145,1488.5095805940068
14452,11,4,658.95,5,3,3,533,11,Potential Loyalists,0.5512436248890739,0.9812891211638011,189.88938114073247,388.6778894827322
14453,190,1,119.93,2,1,1,211,4,Hibernating,0.2300718617594812,1.0,0.0,0.0
14454,376,5,977.3,2,4,3,243,9,At Risk,0.4186772828433243,0.7969589803496839,223.4954489518768,348.3572298856929
14455,432,4,617.72,1,3,3,133,7,At Risk,0.1131779268309691,0.1925287199385825,139.80118733061312,58.72954840777251
14456,5,9,3014.32,5,5,5,555,15,Champions,3.3105850708726114,0.9915435412564226,421.2877319650017,5131.191220186315
14457,311,1,113.64,2,1,1,211,4,Hibernating,0.1567294497921289,1.0,0.0,0.0
14458,381,1,219.26999999999998,2,1,1,211,4,Hibernating,0.1321689089621538,1.0,0.0,0.0
14459,155,2,5375.74,3,2,5,325,10,About to Sleep,0.18645406715492574,0.8960087334482986,2230.052753755002,1543.1952810501025
14460,110,9,1093.5,3,5,3,353,11,Loyal Customers,0.9661693861228795,0.9779150610180368,120.35197663909754,433.1069945260469
14461,148,13,6676.52,3,5,5,355,13,Loyal Customers,1.316128013293754,0.9465568477351597,588.8491552615084,2886.3444526334083
14462,66,12,2237.81,3,5,4,354,12,Loyal Customers,1.7134227005722065,0.9788498824608785,224.25829688993653,1426.65310482593
14463,98,4,786.5699999999999,3,3,3,333,9,Need Attention,0.5633398969587651,0.9651548689184242,188.72865430946783,394.65538354268176
14464,568,2,111.0,1,2,1,121,4,Hibernating,0.09064947543606156,0.4210234905725763,66.22831643454643,22.274862408176652
14465,247,11,3925.85,2,5,5,255,12,Cannot Lose Them,0.9216656225872888,0.8118484759704316,412.9955279178164,1417.6159100644695
14466,29,13,4267.15,4,5,5,455,14,Loyal Customers,1.431747101335983,0.993589812517557,342.7283589477457,1828.1047562029457
14467,18,12,2203.2400000000002,5,5,4,554,14,Champions,1.3015489488148675,0.9943872991929325,193.71218326122494,939.3361801626565
14468,734,1,204.24,1,1,1,111,3,Hibernating,0.07384524999089408,1.0,0.0,0.0
14469,416,4,2093.46,1,3,4,134,8,At Risk,0.324410045130832,0.7332694734067753,592.9977777144575,715.6048876041032
14470,12,3,712.04,5,3,3,533,11,Potential Loyalists,0.4685541221041726,0.9700550815661146,254.6162793131598,442.00180266167666
14471,591,2,400.95,1,2,2,122,5,Hibernating,0.10748403533003019,0.5749183234873498,237.113921047323,94.67169886010454
14472,104,9,2118.72,3,5,4,354,12,Loyal Customers,1.0116684840723147,0.9785146334570081,237.21008388914524,893.5904440489728
14473,74,2,234.34000000000003,3,2,1,321,6,About to Sleep,0.3848077711313988,0.896476436676094,185.31058937686822,262.6726567010062
14474,46,2,1258.8899999999999,4,2,4,424,10,Potential Loyalists,0.21273437249210167,0.9195482758858655,667.645864528237,526.6375007587841
14475,72,4,1151.15,3,3,3,333,9,Need Attention,0.6740969688793567,0.9684639195211007,328.94657880702044,821.8517382909782
14476,257,1,193.0,2,1,1,211,4,Hibernating,0.182402442439409,1.0,0.0,0.0
14477,20,7,1969.6,4,4,4,444,12,Loyal Customers,0.7718478692217693,0.9902690037618319,310.39299873571184,892.02548640295
14478,382,4,1276.66,2,3,4,234,9,At Risk,0.3438988943871413,0.838981193148341,353.1979842175579,452.06451465238933
14479,254,4,1124.71,2,3,3,233,8,At Risk,0.38455378439009447,0.932320328208626,273.6457306601548,391.6328911423259
14480,11,4,1299.52,5,3,4,534,12,Potential Loyalists,0.41259481499253936,0.9814957745069034,353.65448958717116,542.9765779439913
14481,165,5,2284.69,3,4,4,344,11,Loyal Customers,0.5424572731940746,0.9600846524335239,493.2444658695094,995.6265789040796
14482,18,12,4306.72,5,5,5,555,15,Champions,1.6137908031693455,0.9925084641107969,427.9505197073718,2565.662336847269
14483,282,2,257.1,2,2,1,221,5,Hibernating,0.16054460796270265,0.8630401980967851,170.4888787726988,101.67830910507026
14484,50,4,1070.98,4,3,3,433,10,Potential Loyalists,0.4089233405583849,0.9777327337638402,226.208099034844,344.2255527140866
14485,39,1,162.8,4,1,1,411,6,Promising,,1.0,0.0,0.0
14486,512,2,175.5,1,2,1,121,4,Hibernating,0.09787604959142551,0.4059991514345177,98.92326629668482,35.887089468562465
14487,27,7,1266.27,4,4,4,444,12,Loyal Customers,1.131451196495295,0.9859320196427376,242.27456492966897,1016.2009170986153
14488,68,1,1064.28,3,1,3,313,7,About to Sleep,,1.0,0.0,0.0
14489,207,4,1574.93,2,3,4,234,9,At Risk,0.45508000094088263,0.93596350733185,399.09623727091724,675.1442804210543
14490,406,2,1273.47,2,2,4,224,8,Hibernating,0.12440320896659571,0.411706575008352,968.8390082026694,445.73526070820566
14491,175,2,340.93,3,2,2,322,7,About to Sleep,0.2884441449626573,0.8462057277057939,263.28199017772334,280.4876562121088
14492,430,7,1921.91,1,4,4,144,9,At Risk,0.1191884376104951,0.13600443172327373,293.7772994994176,130.27209940751544
14493,7,10,5087.86,5,5,5,555,15,Champions,1.2245211142506707,0.994071562841565,514.1567167917369,2343.5685124610395
14494,26,3,401.46,4,3,2,432,9,Potential Loyalists,0.2911333556741745,0.9693191936959727,159.29997303183444,172.49700370971487
14495,51,3,174.8,4,3,1,431,8,Potential Loyalists,0.3189952897393649,0.9660122422629172,69.82763036610262,82.79126283701854
14496,312,7,2363.89,2,4,4,244,10,At Risk,0.6003781149368059,0.6991157414769339,276.9264400569899,618.6543562722151
14497,309,2,697.0600000000001,2,2,3,223,7,Hibernating,0.169542167405751,0.8397591807701439,580.108163582534,365.11690859095467
14498,43,10,3900.83,4,5,5,455,14,Loyal Customers,1.3992131947588655,0.9893603067062084,408.2730181989841,2124.431706470065
14499,26,7,2101.79,4,4,4,444,12,Loyal Customers,1.1098674892537572,0.9885222918742484,300.1077435886173,1236.9498784184962
14500,88,3,356.85,3,3,2,332,8,Need Attention,0.8630104473943419,0.9162901399091085,41.4567479586289,131.59246537815258
14501,184,2,251.21,3,2,1,321,6,About to Sleep,0.3157619231582115,0.8140381184876839,227.6202763466132,265.07220613768425
14502,20,11,2426.79,4,5,4,454,13,Loyal Customers,2.044278625210827,0.990485278457347,291.1405648733691,2204.2663948305863
14503,3,6,3543.26,5,4,5,545,14,Champions,2.076752194043326,0.9892506741024542,611.2712576146031,4676.822795534173
14504,47,4,673.26,4,3,3,433,10,Potential Loyalists,0.9314544628241963,0.9700998295999653,187.4582246374435,645.1120696089025
14505,17,19,11873.08,5,5,5,555,15,Champions,1.765719371680247,0.9955403211654229,741.031229970847,4875.203508199112
14506,17,7,2960.25,5,4,5,545,14,Champions,0.8939329116863474,0.9902087837602632,441.55918232470174,1468.2633302814104
14507,24,11,3216.7400000000002,4,5,5,455,14,Loyal Customers,1.0873784387169485,0.9928524124277897,345.4561608761003,1399.291477443562
14508,22,5,822.92,4,4,3,443,11,Loyal Customers,0.5331701053582959,0.9799039406083212,189.25593570537768,374.7761043767803
14509,534,1,110.95,1,1,1,111,3,Hibernating,0.0982944745211417,1.0,0.0,0.0
14510,376,3,979.85,2,3,3,233,8,At Risk,0.16686986339339957,0.5612050922807504,616.8960367977844,380.7645119304814
14511,11,5,1314.81,5,4,4,544,13,Champions,2.086508485878457,0.983345080392519,308.5204561835283,2364.706618115211
14512,188,7,1215.97,2,4,4,244,10,At Risk,0.7164680519382265,0.9527065358826033,183.0443063762176,488.4090459584773
14513,101,6,788.01,3,4,3,343,10,Loyal Customers,0.7836154565948431,0.9738139011639155,107.80403138741097,314.0691403425057
14514,61,9,4380.04,3,5,5,355,13,Loyal Customers,0.9735118331659154,0.9878460909065715,454.31588914119106,1647.3828065704754
14515,18,12,3724.06,5,5,5,555,15,Champions,1.404281010249776,0.9929436744926178,400.1502561610022,2089.706653400761
14516,516,1,151.17,1,1,1,111,3,Hibernating,0.10132949688802234,1.0,0.0,0.0
14517,33,2,330.45,4,2,2,422,8,Potential Loyalists,0.6552208899536973,0.9060332388154834,98.92326629668482,237.13751537738202
14518,64,1,174.37,3,1,1,311,5,About to Sleep,,1.0,0.0,0.0
14519,684,2,203.14,1,2,1,121,4,Hibernating,0.060354192586791706,0.32120743283591,101.57519000772491,22.771766339122077
14520,2,2,270.6,5,2,1,521,8,Potential Loyalists,0.3893211877294349,0.9278969401891661,132.34477060020404,189.84751601240615
14521,491,1,199.45000000000002,1,1,1,111,3,Hibernating,0.1058698574929167,1.0,0.0,0.0
14522,24,8,1748.42,4,4,4,444,12,Loyal Customers,0.9122569288867544,0.9910202263826173,227.35925873623648,772.2188765592675
14523,108,1,241.09,3,1,1,311,5,About to Sleep,0.33848465396825644,1.0,0.0,0.0
14524,32,13,2909.86,4,5,5,455,14,Loyal Customers,1.4172842617939818,0.9883529921371219,319.79656380711384,1682.0089959751572
14525,20,17,8018.59,4,5,5,455,14,Loyal Customers,1.8880164301392366,0.9955378835315288,481.6486280976159,3388.1858910504125
14526,389,1,258.65,2,1,1,211,4,Hibernating,0.1295590101625567,1.0,0.0,0.0
14527,3,121,27191.1,5,5,5,555,15,Champions,13.431299453614145,0.9994702754067903,221.08834046291025,11068.146661381303
14528,37,1,364.21999999999997,4,1,2,412,7,Promising,,1.0,0.0,0.0
14529,60,3,578.61,3,3,2,332,8,Need Attention,1.2546336612538735,0.9169037598677291,244.85625760464276,1124.5177036893715
14530,26,16,6088.87,4,5,5,455,14,Loyal Customers,1.8650088267034841,0.994603106851663,397.9836612289849,2764.630194321897
14531,480,1,376.34,1,1,2,112,4,Hibernating,0.10819702513911343,1.0,0.0,0.0
14532,236,11,3845.78,2,5,5,255,12,Cannot Lose Them,1.0025767726070616,0.7970930665505748,363.6870992749133,1357.9984817538157
14533,25,11,3466.37,4,5,5,455,14,Loyal Customers,1.4118188612616989,0.9929050109133487,304.7688350906636,1601.2654085030358
14534,3,26,6183.06,5,5,5,555,15,Champions,3.2994759256507433,0.9979658824886678,234.2340919913217,2877.762592963404
14535,60,9,5961.89,3,5,5,355,13,Loyal Customers,1.0717393414198118,0.9870890562428545,697.848332877652,2784.0820362193645
14536,260,1,170.95,2,1,1,211,4,Hibernating,0.1812816603442259,1.0,0.0,0.0
14537,58,2,641.4,4,2,3,423,9,Potential Loyalists,0.19880388594941223,0.9180144919957658,435.02735087946724,320.86729510232504
14538,65,5,1370.8400000000001,3,4,4,344,11,Loyal Customers,0.5496789033522688,0.9807364920745926,240.97668871840162,492.91989957878934
14539,16,2,537.48,5,2,2,522,9,Potential Loyalists,1.245747094117389,0.9095037630593492,567.9747044114737,2565.446080210763
14540,10,11,3709.64,5,5,5,555,15,Champions,1.1975379046236847,0.9945527406612865,361.9885125457709,1614.923869961725
14541,59,14,2491.38,3,5,4,354,12,Loyal Customers,1.471982421805413,0.989202863913965,193.84222221915803,1062.8018449805097
14542,186,1,103.25,3,1,1,311,5,About to Sleep,0.2346505312785734,1.0,0.0,0.0
14543,29,39,14548.22,4,5,5,455,14,Loyal Customers,3.9802788480049873,0.9952304189710571,409.40785240553254,6073.179760529711
14544,24,3,2938.53,4,3,5,435,12,Potential Loyalists,0.43267663276093643,0.9681842971505356,1099.7782938266112,1764.235343760947
14545,674,1,349.25,1,1,2,112,4,Hibernating,0.07972408628319635,1.0,0.0,0.0
14546,5,11,5184.84,5,5,5,555,15,Champions,1.1963801830486083,0.9948387752988999,472.4343058471449,2105.629073687143
14547,4,8,3974.75,5,4,5,545,14,Champions,5.779021528746595,0.9914562493018506,513.8422391470378,10847.789827567416
14548,151,9,2541.29,3,5,4,354,12,Loyal Customers,0.61782284959095,0.9680443246324841,403.8286032166192,929.0313057545608
14549,311,4,913.6,2,3,3,233,8,At Risk,0.3702410446352201,0.9021207808519348,213.75151840663855,294.53818222445506
14550,11,4,1345.06,5,3,4,534,12,Potential Loyalists,0.5894399194540516,0.9812072932853136,374.8448318603798,819.9673303575383
14551,18,7,878.09,5,4,3,543,12,Champions,0.5539499905332886,0.9857131062374878,191.5754579188623,394.9070386245883
14552,152,3,507.93,3,3,2,332,8,Need Attention,0.3438284479686574,0.9448509506536624,185.0692783845688,236.33153896696305
14553,19,9,1818.6,5,5,4,554,14,Champions,1.03367886042054,0.9896937477324652,230.60846193796476,885.746244094342
14554,10,4,2279.4900000000002,5,3,4,534,12,Potential Loyalists,2.7578258579064867,0.975595592014354,689.4478075501789,6931.258138208271
14555,57,6,2304.03,4,4,4,444,12,Loyal Customers,0.638065126935892,0.9847197645927128,417.97543465441674,992.9870717852798
14556,596,3,815.69,1,3,3,133,7,At Risk,0.107941697939629,0.33997345369755316,267.26268230135605,107.25743042086742
14557,85,1,788.38,3,1,3,313,7,About to Sleep,,1.0,0.0,0.0
14558,654,3,655.5,1,3,3,133,7,At Risk,0.07596334733412405,0.2529175347079337,193.19715280400717,54.585677224540724
14559,390,1,75.6,2,1,1,211,4,Hibernating,0.12927537531897984,1.0,0.0,0.0
14560,7,44,6114.03,5,5,5,555,15,Champions,4.2214841960245995,0.9982308764521935,158.88643009024597,2499.763886009612
14561,76,3,1080.76,3,3,3,333,9,Need Attention,0.8927071266257213,0.9291303416488058,472.3272012624032,1550.4768948150074
14562,4,26,6638.150000000001,5,5,5,555,15,Champions,2.8924331968202655,0.9977341947107231,285.58639431225527,3076.710856699636
14563,510,2,625.42,1,2,3,123,6,Hibernating,0.1171707501545743,0.5166912519852279,182.6586656658281,79.37174008954393
14564,435,2,2605.62,1,2,4,124,7,Hibernating,0.14501407589095128,0.778579923024957,1961.85729095995,1056.8413005216514
14565,96,5,3709.2200000000003,3,4,5,345,12,Loyal Customers,0.7551490958140591,0.9688844291644576,771.8125173224672,2163.561305658058
14566,111,4,4092.0,3,3,5,335,11,Need Attention,0.5304365100585433,0.9635951124451364,1150.3554459990405,2266.114279307187
14567,57,2,1530.3600000000001,4,2,4,424,10,Potential Loyalists,0.6720951680789266,0.8796782862837105,887.9613896362908,2181.7659228271664
14568,435,1,919.7,1,1,3,113,5,Hibernating,0.11768270116380831,1.0,0.0,0.0
14569,1,4,597.3299999999999,5,3,2,532,10,Potential Loyalists,0.4840567490578413,0.9823201674034627,148.35447010855987,266.9223158431461
14570,281,3,512.4,2,3,2,232,7,At Risk,0.22648115582556236,0.7723227882591984,267.4960059377323,224.11877123238216
14571,425,1,160.0,1,1,1,111,3,Hibernating,0.12007538610385204,1.0,0.0,0.0
14572,3,11,5520.9800000000005,5,5,5,555,15,Champions,1.2606437753731297,0.9943820316407224,583.6891007709353,2738.4697243458286
14573,180,13,2163.12,3,5,4,354,12,Loyal Customers,1.1572562951339393,0.9224836259835034,196.422613042867,846.6067827330742
14574,733,1,143.70000000000002,1,1,1,111,3,Hibernating,0.07393765701024829,1.0,0.0,0.0
14575,488,1,420.22,1,1,2,112,4,Hibernating,0.10644220790005221,1.0,0.0,0.0
14576,372,1,35.400000000000006,2,1,1,211,4,Hibernating,0.13457878308954516,1.0,0.0,0.0
14577,13,7,1364.15,5,4,4,544,13,Champions,0.7489354041529201,0.9908783114198711,197.48348633238567,550.7979146901848
14578,3,1,168.63,5,1,1,511,7,New Customers,,1.0,0.0,0.0
14579,432,1,105.56,1,1,1,111,3,Hibernating,0.11839042687154464,1.0,0.0,0.0
14580,518,1,14.850000000000001,1,1,1,111,3,Hibernating,0.10098304330934904,1.0,0.0,0.0
14581,17,2,409.65,5,2,2,522,9,Potential Loyalists,0.22633722715209545,0.9252024587808295,172.30526487615094,144.53012899189036
14582,41,1,114.11,4,1,1,411,6,Promising,,1.0,0.0,0.0
14583,6,8,1660.29,5,4,4,544,13,Champions,0.9976765411267223,0.9925922694484486,208.7739339592435,775.0448707148703
14584,169,8,1738.16,3,4,4,344,11,Loyal Customers,0.9020384199299853,0.9484995098439613,226.6721613595685,761.1021287711536
14585,50,5,1143.27,4,4,3,443,11,Loyal Customers,0.8533914492630631,0.9788354757973107,241.8601604649754,765.4632326232692
14586,277,1,237.36,2,1,1,211,4,Hibernating,0.17228420714432874,1.0,0.0,0.0
14587,19,9,1580.29,5,5,4,554,14,Champions,1.9520036574269684,0.9908928655555731,175.81967758834983,1271.6207906465402
14588,578,1,135.39,1,1,1,111,3,Hibernating,0.09158903433222908,1.0,0.0,0.0
14589,372,1,39.75,2,1,1,211,4,Hibernating,0.13488621606882953,1.0,0.0,0.0
14590,425,20,2993.37,1,5,5,155,11,Cannot Lose Them,0.0005225115408004154,0.0002478446581992934,162.04938055179974,0.31550711471150505
14591,15,4,1320.21,5,3,4,534,12,Potential Loyalists,0.4938686290256171,0.9217757160785145,1356.0925254586639,2460.159351078607
14592,35,3,557.94,4,3,2,432,9,Potential Loyalists,1.7393464245420671,0.9356023325170391,163.71991552272854,1038.0670664641482
14593,22,12,3658.0299999999997,4,5,5,455,14,Loyal Customers,0.8597767754461043,0.9914085053245848,475.20656320356784,1521.7382128910629
14594,7,2,363.33,5,2,2,522,9,Potential Loyalists,0.3150594818221369,0.92640106322453,135.65059330848692,157.85417899457332
14595,20,8,2164.45,4,4,4,444,12,Loyal Customers,0.9078354376367952,0.9914872773793659,287.9937709441969,973.4541445432282
14596,627,1,222.22000000000003,1,1,1,111,3,Hibernating,0.08524551874228362,1.0,0.0,0.0
14597,11,6,2184.63,5,4,4,544,13,Champions,0.8235280653149396,0.9858591033696645,545.719551029909,1667.324953968081
14598,44,2,384.04,4,2,2,422,8,Potential Loyalists,0.2161509384209521,0.9198158432846899,273.2600045060204,218.97729574321428
14599,390,2,457.89,2,2,2,222,6,Hibernating,0.17100089844252206,0.6588505767121674,342.31900415927043,216.81448981071364
14600,306,2,865.1700000000001,2,2,3,223,7,Hibernating,0.21901580451255273,0.6733873233056533,480.763952964392,389.0998287067903
14601,11,1,213.96,5,1,1,511,7,New Customers,,1.0,0.0,0.0
14602,656,1,205.35999999999999,1,1,1,111,3,Hibernating,0.08170868571805895,1.0,0.0,0.0
14603,275,1,660.0,2,1,3,213,6,Hibernating,0.17329603994712175,1.0,0.0,0.0
14604,633,1,136.35999999999999,1,1,1,111,3,Hibernating,0.0843931338232024,1.0,0.0,0.0
14605,374,4,920.71,2,3,3,233,8,At Risk,0.2593319422522676,0.863437405107605,392.0452718553086,378.1517551697497
14606,1,184,29648.75,5,5,5,555,15,Champions,19.858328730720824,0.9996691173871044,167.42389207919587,12392.378430755321
14607,16,20,22575.13,5,5,5,555,15,Champions,1.437276469692276,0.9949032535872554,1713.0845807039025,9172.703115290777
14608,4,10,3342.94,5,5,5,555,15,Champions,1.083553285540296,0.9943472852997893,355.20936712842956,1433.7792112411553
14609,72,10,1486.2,3,5,4,354,12,Loyal Customers,1.1691681454219776,0.98546226776422,162.77389432457355,708.5690642571188
14610,396,2,24.35,2,2,1,221,5,Hibernating,0.16868817740450764,0.6555984790913191,17.67026126892612,11.041368334127856
14611,444,2,604.3299999999999,1,2,3,123,6,Hibernating,0.1510671990802645,0.6722459600016472,383.40565781935766,214.81791666218038
14612,415,1,877.7,1,1,3,113,5,Hibernating,0.12256746065679384,1.0,0.0,0.0
14613,680,1,76.32000000000001,1,1,1,111,3,Hibernating,0.07908381226192542,1.0,0.0,0.0
14614,386,1,295.13,2,1,2,212,5,Hibernating,0.13041743818660237,1.0,0.0,0.0
14615,394,5,951.76,2,4,3,243,9,At Risk,0.2611630790178722,0.3818283765629632,170.36952217935635,165.33972609931578
14616,243,5,527.78,2,4,2,242,8,At Risk,0.6021903215319617,0.8804205928233165,127.80866286142519,286.00102579026475
14617,403,2,190.47000000000003,2,2,1,221,5,Hibernating,0.11721283068515348,0.37768621903802385,136.46191243469553,59.13686933039193
14618,9,7,1342.32,5,4,4,544,13,Champions,0.8246022601350236,0.9891087792300626,227.99925779989206,698.7983014305491
14619,246,2,1291.24,2,2,4,224,8,Hibernating,0.20775402861496547,0.8450583055943844,482.1080786809465,371.17402449548064
14620,206,2,412.78000000000003,2,2,2,222,6,Hibernating,0.31850266527446897,0.7441450892204656,219.32544647418177,257.3285684008928
14621,1,9,3000.57,5,5,5,555,15,Champions,1.0357604951413382,0.9938396265908633,317.6553730814641,1225.0699863770255
14622,185,1,320.58000000000004,3,1,2,312,6,About to Sleep,0.2355882693422049,1.0,0.0,0.0
14623,32,10,2012.3,4,5,4,454,13,Loyal Customers,1.2926351545507233,0.9913534353691609,199.09348382485385,957.6028550086105
14624,57,6,814.07,4,4,3,443,11,Loyal Customers,0.7487895137929793,0.9834926868655297,117.54124552630225,327.3479599180049
14625,196,11,4497.88,2,5,5,255,12,Cannot Lose Them,1.0155644002912465,0.92026933758799,443.86519617347494,1679.0873150968891
14626,24,11,5410.92,4,5,5,455,14,Loyal Customers,1.2006742206787662,0.9934014500201237,506.6462240537665,2266.1478784061756
14627,379,1,462.75,2,1,2,212,5,Hibernating,0.13246540867576337,1.0,0.0,0.0
14628,91,5,1998.0,3,4,4,344,11,Loyal Customers,0.5474937431937098,0.9768377317338617,424.1088809675086,864.0697017345865
14629,4,2,955.26,5,2,3,523,10,Potential Loyalists,1.2314666143030595,0.9239861224175494,430.81333511945826,1924.3420377333196
14630,484,1,338.65,1,1,2,112,4,Hibernating,0.10721504400098804,1.0,0.0,0.0
14631,51,6,2025.69,4,4,4,444,12,Loyal Customers,0.9071118099445472,0.982931848090801,354.6410628857272,1194.769922510203
14632,263,1,114.56,2,1,1,211,4,Hibernating,0.1796261129241667,1.0,0.0,0.0
14633,266,1,344.90000000000003,2,1,2,212,5,Hibernating,0.17746525286312104,1.0,0.0,0.0
14634,438,4,2124.46,1,3,4,134,8,At Risk,0.18160500779117936,0.3343205798882878,158.47190306766197,106.89130395480785
14635,454,1,215.22,1,1,1,111,3,Hibernating,0.11360799774088619,1.0,0.0,0.0
14636,36,2,609.85,4,2,3,423,9,Potential Loyalists,0.4089920686312812,0.9143826186526981,379.44593611383203,571.3702157659541
14637,677,1,106.67999999999999,1,1,1,111,3,Hibernating,0.07940265810214428,1.0,0.0,0.0
14638,51,1,443.6,4,1,2,412,7,Promising,,1.0,0.0,0.0
14639,52,9,4978.96,4,5,5,455,14,Loyal Customers,0.8144987431853761,0.9865224361882601,727.3114462361523,2204.8719615534656
14640,24,10,3649.36,4,5,5,455,14,Loyal Customers,1.1494330080912483,0.992636720289517,381.4800269990737,1632.8343963752893
14641,22,1,110.46,4,1,1,411,6,Promising,,1.0,0.0,0.0
14642,59,1,96.12,3,1,1,311,5,About to Sleep,,1.0,0.0,0.0
14643,170,5,1679.89,3,4,4,344,11,Loyal Customers,0.5083524861532708,0.9615916991680424,348.3969205791776,659.3233171159266
14644,68,7,2247.72,3,4,4,344,11,Loyal Customers,0.625432970546904,0.9836542580839107,396.39151840187543,923.1762794874022
14645,157,3,876.89,3,3,3,333,9,Need Attention,0.3235760907684472,0.9460460540989715,329.0487681003351,395.6338176184397
14646,2,145,526751.52,5,5,5,555,15,Champions,10.175491402543999,0.9994180302171692,5800.606082259406,219995.2650434837
14647,201,2,506.04,2,2,2,222,6,Hibernating,0.21931467605692775,0.8655981680118309,290.29770615640143,235.86900062008013
14648,416,15,4463.39,1,5,5,155,11,Cannot Lose Them,0.027846328282763014,0.019397866627039243,361.2310996631329,37.47550618373799
14649,5,9,3651.19,5,5,5,555,15,Champions,0.9089494629951723,0.9927039537985902,459.7241643195018,1555.8307181814225
14650,589,1,62.5,1,1,1,111,3,Hibernating,0.09005328631278696,1.0,0.0,0.0
14651,67,9,2025.52,3,5,4,354,12,Loyal Customers,0.9756822427146911,0.9848707561609168,242.07544881860244,878.9458320728068
14652,77,1,114.18,3,1,1,311,5,About to Sleep,,1.0,0.0,0.0
14653,1,11,3404.8,5,5,5,555,15,Champions,1.0783645423270913,0.9945493336760816,348.45531712028196,1399.823392926763
14654,738,1,246.86,1,1,1,111,3,Hibernating,0.07338665913411922,1.0,0.0,0.0
14655,8,7,3878.51,5,4,5,545,14,Champions,0.8987662336718598,0.9910613937413346,499.44292299064324,1669.6636544253379
14656,169,5,790.0,3,4,3,343,10,Loyal Customers,0.5973974906808102,0.9518254881483064,169.92255866259862,377.4545624749766
14657,18,6,1450.19,5,4,4,544,13,Champions,1.0065318278178983,0.9878285667437818,255.21745480230462,953.2821924407842
14658,5,2,247.15,5,2,1,521,8,Potential Loyalists,0.7573073157956753,0.925026251883338,154.63788270990653,427.7126356220634
14659,9,9,2529.93,5,5,4,554,14,Champions,2.0380023893471213,0.9926781942002524,247.95528977935584,1871.633938441887
14660,87,2,285.74,3,2,2,322,7,About to Sleep,0.7112076954647586,0.7874116839906715,194.33197369068046,504.0849328780748
14661,27,1,107.95,4,1,1,411,6,Promising,,1.0,0.0,0.0
14662,29,7,1376.43,4,4,4,444,12,Loyal Customers,0.7404686842994411,0.9895651935938987,217.89607882391573,600.8971531027953
14663,430,2,490.6,1,2,2,122,5,Hibernating,0.11886699553253288,1.0,0.0,0.0
14664,20,2,636.24,4,2,3,423,9,Potential Loyalists,1.3713738404416642,0.8994625151288852,305.8096434798826,1518.3191809874354
14665,61,7,2749.65,3,4,4,344,11,Loyal Customers,0.7619852553539574,0.9828610151953925,512.6060705515752,1452.560345276537
14666,24,1,179.95,4,1,1,411,6,Promising,,1.0,0.0,0.0
14667,11,54,20359.59,5,5,5,555,15,Champions,5.566722050595303,0.9982124790395329,411.91554356829374,8546.144997929538
14668,445,1,111.63,1,1,1,111,3,Hibernating,0.11538357268346706,1.0,0.0,0.0
14669,242,7,3216.78,2,4,5,245,11,At Risk,0.4890952389248599,0.9356692612105524,629.6545945978881,1146.5328027977139
14670,280,3,583.33,2,3,2,232,7,At Risk,0.16132090988731324,0.8628848625853125,480.19481865197696,287.7579213779578
14671,549,2,1127.45,1,2,3,123,6,Hibernating,0.07131606403965092,0.3030023048088597,226.67575557281805,59.93107115168648
14672,235,4,1113.14,2,3,3,233,8,At Risk,0.4123467510886361,0.9332874078179911,340.0690313395345,521.6265252762603
14673,3,7,3037.32,5,4,5,545,14,Champions,1.2541562382751197,0.9913993481612371,426.9535020765997,1986.5940069735234
14674,509,1,173.66,1,1,1,111,3,Hibernating,0.10256104324801099,1.0,0.0,0.0
14675,16,2,1015.58,5,2,3,523,10,Potential Loyalists,0.3038792888839147,0.9241136989818601,726.6178666869829,815.8478407976685
14676,31,12,8356.79,4,5,5,455,14,Loyal Customers,1.4802325874450273,0.9926135843047598,711.6842420366429,3921.6817400438
14677,593,1,184.91,1,1,1,111,3,Hibernating,0.08964334757628468,1.0,0.0,0.0
14678,579,1,403.39,1,1,2,112,4,Hibernating,0.09144725875251815,1.0,0.0,0.0
14679,382,3,1289.44,2,3,4,234,9,At Risk,0.25772213593911386,0.8580776064893414,467.9510748061152,448.5656965086137
14680,25,58,55688.5,4,5,5,455,14,Loyal Customers,5.676467880806972,0.9953065832270015,1107.3035473869202,23426.223182381837
14681,71,6,875.1500000000001,3,4,3,343,10,Loyal Customers,0.571873462585544,0.9793948099643354,209.2082993460418,445.0924512790811
14682,188,6,1514.81,2,4,4,244,10,At Risk,0.6560598161392548,0.9493388004326136,234.4644861704689,572.4892085988811
14683,588,1,146.56,1,1,1,111,3,Hibernating,0.09019076737900442,1.0,0.0,0.0
14684,26,6,1430.03,4,4,4,444,12,Loyal Customers,1.104401932930806,0.98623199494972,249.74066038453705,1022.6969085858847
14685,576,8,4536.64,1,4,5,145,10,At Risk,0.07776845949989568,0.14673445236557478,848.8183194698338,245.7368770384042
14686,414,5,852.53,1,4,3,143,8,At Risk,0.15615543285351807,0.7587881902485804,670.0071664627247,388.33948614135045
14687,107,3,1402.06,3,3,4,334,10,Need Attention,0.37029956346998644,0.9540837157313916,599.2348684947533,823.6974696806908
14688,8,28,7190.42,5,5,5,555,15,Champions,4.598226030430897,0.9973927417111584,264.6511723204833,4522.162159223843
14689,209,1,112.8,2,1,1,211,4,Hibernating,0.21497360001347654,1.0,0.0,0.0
14690,44,4,777.68,4,3,3,433,10,Potential Loyalists,0.6758182567517077,0.9750452953582933,190.8307022904775,478.01394984360803
14691,31,5,2114.33,4,4,4,444,12,Loyal Customers,1.15770099920469,0.9733899486039171,593.9603316720916,2534.520951330852
14692,137,12,1715.1399999999999,3,5,4,354,12,Loyal Customers,1.451331897572935,0.9427945583610302,143.1728040906196,773.3794261873763
14693,265,7,1165.36,2,4,3,243,9,At Risk,0.7046051979353164,0.6934441695199817,183.19364168960163,479.7279841223177
14694,617,1,244.31,1,1,1,111,3,Hibernating,0.08636708627391712,1.0,0.0,0.0
14695,519,3,1534.22,1,3,4,134,8,At Risk,0.12916113889670663,0.690866371049473,758.3198588125674,363.83414181231353
14696,4,8,2473.28,5,4,4,544,13,Champions,1.4086246602797572,0.9925376656607169,305.1126043053165,1595.1093535555221
14697,218,2,188.60999999999999,2,2,1,221,5,Hibernating,0.20741325908044167,1.0,0.0,0.0
14698,2,5,1217.27,5,4,4,544,13,Champions,3.5854947009979745,0.9867039351936318,188.9590223617015,2471.4147911417526
14699,214,4,702.6,2,3,3,233,8,At Risk,0.510072674294408,0.9142001493946892,164.1410627740214,310.8985664558071
14700,32,5,3076.06,4,4,5,445,13,Loyal Customers,0.7495521512411506,0.9831702129031532,715.7643378497412,1991.9338040819348
14701,11,15,4487.11,5,5,5,555,15,Champions,1.2741825825786266,0.9944304725320956,408.98613780944237,1940.6375075268834
14702,1,29,6356.9800000000005,5,5,5,555,15,Champions,3.2449460079132972,0.9982532980144163,207.61196934350633,2510.509524380569
14703,15,1,318.17,5,1,2,512,8,New Customers,,1.0,0.0,0.0
14704,20,9,1720.58,4,5,4,454,13,Loyal Customers,1.122720834790933,0.9922480753512868,206.00183517269693,860.7105541557161
14705,199,1,179.0,2,1,1,211,4,Hibernating,0.22310711366624308,1.0,0.0,0.0
14706,619,1,367.54,1,1,2,112,4,Hibernating,0.08624101176973226,1.0,0.0,0.0
14707,436,2,139.2,1,2,1,121,4,Hibernating,0.15344923818082418,0.6601989231369779,88.75150411735287,50.4951830472018
14708,3,5,1793.22,5,4,4,544,13,Champions,0.7959224383453186,0.9870053447761172,389.85213330302383,1151.5229185465641
14709,15,25,8886.33,5,5,5,555,15,Champions,2.54542631914864,0.9966935579901507,395.5784531241286,3752.2201260564807
14710,14,13,1899.79,5,5,4,554,14,Champions,1.4158705882682923,0.9950029088621899,157.6451416898008,831.6124938121454
14711,10,11,2839.62,5,5,4,554,14,Champions,2.9184425540479912,0.9932729087353525,268.9641737857149,2903.64080437975
14712,29,4,1328.0700000000002,4,3,4,434,11,Potential Loyalists,0.6666424524666936,0.9780172765091684,325.8395112525987,805.2389025970529
14713,9,21,5115.36,5,5,5,555,15,Champions,2.3156328798671377,0.9970057518361484,250.09626210959297,2158.0819152626127
14714,24,4,906.24,4,3,3,433,10,Potential Loyalists,0.4290572287159833,0.9802364795774239,269.2788498376533,429.80918639703947
14715,25,8,1809.55,4,4,4,444,12,Loyal Customers,0.9062173165959606,0.9910352785877856,223.6820424986318,754.7313621603715
14716,43,3,543.28,4,3,2,432,9,Potential Loyalists,0.4530560332405019,0.964505639393302,170.44567683477055,286.1730168089535
14717,733,1,81.3,1,1,1,111,3,Hibernating,0.07384524999089408,1.0,0.0,0.0
14718,410,1,226.42,1,1,1,111,3,Hibernating,0.12385272597185656,1.0,0.0,0.0
14719,2,5,1581.84,5,4,4,544,13,Champions,1.318972508672974,0.9870444844276662,356.0214385814134,1734.2721742587287
14720,6,3,663.81,5,3,3,533,11,Potential Loyalists,1.2153947454105045,0.969720506559074,280.25961356640147,1248.301853575224
14721,379,1,109.07,2,1,1,211,4,Hibernating,0.13246540867576337,1.0,0.0,0.0
14722,147,3,489.52,3,3,2,332,8,Need Attention,0.4068162024791819,0.9375482447839389,166.58986578943052,251.332647399139
14723,10,11,1801.3600000000001,5,5,4,554,14,Champions,1.080378872307464,0.9939206576166727,188.47236911652044,758.5389040214795
14724,590,1,341.9,1,1,2,112,4,Hibernating,0.08991622392861959,1.0,0.0,0.0
14725,25,4,1246.86,4,3,4,434,11,Potential Loyalists,0.3866026700321266,0.9685953363992845,542.0166043034641,777.6660131209644
14726,655,1,116.5,1,1,1,111,3,Hibernating,0.08193531515720132,1.0,0.0,0.0
14727,274,3,461.03,2,3,2,232,7,At Risk,0.20176707343150282,0.8274738304618423,329.7011753606229,246.5403353461903
14728,413,1,190.58,1,1,1,111,3,Hibernating,0.12307834994094763,1.0,0.0,0.0
14729,374,3,586.24,2,3,2,232,7,At Risk,0.1683404206785687,0.7796022459255794,384.0837752979798,239.88849276840193
14730,1,8,1897.57,5,4,4,544,13,Champions,1.744515386165982,0.9915916023174766,283.2894976054344,1827.899782539152
14731,47,3,380.02,4,3,2,432,9,Potential Loyalists,0.8240643232411653,0.9542940645215029,140.23999797816487,425.5095887892803
14732,8,19,5517.07,5,5,5,555,15,Champions,1.99353903285173,0.9966551124776954,315.06421442735177,2340.324104975113
14733,16,15,14335.15,5,5,5,555,15,Champions,2.8119842958429913,0.9943075002131821,849.4762774202035,8866.83513758273
14734,426,4,1056.42,1,3,3,133,7,At Risk,0.22812103382447763,0.42688599748671363,304.95704469378046,258.4177612337489
14735,4,55,12225.16,5,5,5,555,15,Champions,4.34591059728445,0.9985690112871296,313.4632310249838,5077.032494651365
14736,485,2,374.05,1,2,2,122,5,Hibernating,0.10702078413786917,1.0,0.0,0.0
14737,4,4,3554.17,5,3,5,535,13,Potential Loyalists,0.6952865753355453,0.9819994331168613,413.4177661920387,1065.1994447640172
14738,43,9,1821.9,4,5,4,454,13,Loyal Customers,0.9685681762492291,0.9902895218230172,193.51240214012248,698.1587883851896
14739,4,25,11573.62,5,5,5,555,15,Champions,2.762760450730223,0.997771646839294,459.95833076566,4735.5982822270025
14740,197,11,4161.06,2,5,5,255,12,Cannot Lose Them,1.162880779301437,0.8687619166317636,412.1288794628826,1784.2388759940409
14741,12,7,1713.09,5,4,4,544,13,Champions,1.2320602917762469,0.9903894871095872,241.00185644992362,1101.7699871037446
14742,435,1,579.85,1,1,2,112,4,Hibernating,0.11768270116380831,1.0,0.0,0.0
14743,593,1,50.48,1,1,1,111,3,Hibernating,0.08964334757628468,1.0,0.0,0.0
14744,16,14,3660.08,5,5,5,555,15,Champions,1.643704126943139,0.9941119962076846,327.9967537937781,2005.625320957429
14745,113,12,2551.41,3,5,4,354,12,Loyal Customers,1.203686680997787,0.9716174591661954,242.44811719371128,1086.2556976079766
14746,406,4,593.5,2,3,2,232,7,At Risk,0.10709412869588376,0.21858227107462236,175.86243411295425,69.76838786404947
14747,249,1,328.2,2,1,2,212,5,Hibernating,0.1870278887373049,1.0,0.0,0.0
14748,29,10,2681.9,4,5,4,454,13,Loyal Customers,1.0884190592879812,0.9912737871067909,296.7144247964395,1202.084450541868
14749,480,1,310.15,1,1,2,112,4,Hibernating,0.10819702513911343,1.0,0.0,0.0
14750,736,1,112.03,1,1,1,111,3,Hibernating,0.07356941006169464,1.0,0.0,0.0
14751,684,2,126.45,1,2,1,121,4,Hibernating,0.058763671389194146,0.3119542500021554,78.76138054836613,17.19155086619967
14752,44,1,389.64,4,1,2,412,7,Promising,,1.0,0.0,0.0
14753,87,2,869.51,3,2,3,323,8,About to Sleep,0.25688724018510983,0.9053112551659367,686.4030783565527,652.5242968657824
14754,45,6,1547.93,4,4,4,444,12,Loyal Customers,0.6651195295192003,0.9859676502742585,247.629100221198,613.0797306074209
14755,10,25,9972.550000000001,5,5,5,555,15,Champions,2.428020919824554,0.9971182789893959,457.65758016852595,4140.850173355893
14756,15,3,2603.76,5,3,4,534,12,Potential Loyalists,0.4739719610998453,0.9693737394591843,669.1543057174964,1174.9171954294357
14757,75,1,420.5,3,1,2,312,6,About to Sleep,,1.0,0.0,0.0
14758,145,7,2864.97,3,4,4,344,11,Loyal Customers,0.8527748676315068,0.9602780429033856,416.45025170192156,1321.1650744819415
14759,5,3,1625.97,5,3,4,534,12,Potential Loyalists,0.7817426547942562,0.9707353031187456,579.1452166278394,1668.3447107280506
14760,297,1,89.2,2,1,1,211,4,Hibernating,0.16233292881858924,1.0,0.0,0.0
14761,59,3,447.92,3,3,2,332,8,Need Attention,0.4515914759223289,0.9613877606124168,142.17885750948642,237.94223092686585
14762,264,2,417.57,2,2,2,222,6,Hibernating,0.18402138658332098,0.8534569239551574,368.37809012346366,251.5142696078246
14764,47,1,278.3,4,1,1,411,6,Promising,,1.0,0.0,0.0
14765,29,3,254.11,4,3,1,431,8,Potential Loyalists,0.9536197815912931,0.960582345189048,97.1085889127487,340.38481039873676
14766,8,11,6375.7300000000005,5,5,5,555,15,Champions,1.5495799662600722,0.9944516863066715,514.9590199816487,2967.755459632941
14767,474,1,382.81,1,1,2,112,4,Hibernating,0.10919717178591344,1.0,0.0,0.0
14768,17,2,192.60000000000002,5,2,1,521,8,Potential Loyalists,0.7116555269310274,0.9171063860303025,76.40007861387838,198.7252354107265
14769,3,17,15512.46,5,5,5,555,15,Champions,1.8977929965625684,0.9968947714521944,919.1622558405945,6499.2389844463305
14770,232,8,3637.64,2,4,5,245,11,At Risk,0.8415543670180097,0.8751290126282261,396.297311813185,1241.3424265881595
14771,621,2,594.62,1,2,2,122,5,Hibernating,0.09612354733826223,0.5167316821742917,376.5276091076189,134.45072641154457
14772,112,1,139.26,3,1,1,311,5,About to Sleep,0.3308703655676753,1.0,0.0,0.0
14773,593,1,140.55,1,1,1,111,3,Hibernating,0.08964334757628468,1.0,0.0,0.0
14774,529,1,241.45,1,1,1,111,3,Hibernating,0.09928573305218753,1.0,0.0,0.0
14775,58,3,1011.9,4,3,3,433,10,Potential Loyalists,0.5248234463871004,0.9591919665905108,333.5672966690929,647.8156763975562
14776,51,15,3708.3,4,5,5,455,14,Loyal Customers,2.1978819695776632,0.9849270838806502,289.56077874208916,2363.8858344463138
14777,404,1,307.56,2,1,2,212,5,Hibernating,0.12569809321525804,1.0,0.0,0.0
14778,127,2,730.86,3,2,3,323,8,About to Sleep,0.3457142024591778,0.8657324329511352,484.97796872440085,618.1370951486201
14779,281,3,386.15,2,3,2,232,7,At Risk,0.32233980237128274,0.5230327901568851,69.71809027958729,83.05864279215837
14780,55,2,447.68,4,2,2,422,8,Potential Loyalists,0.8836284196012815,0.8534549014230928,143.58214596022788,461.8411020232374
14782,320,1,200.10000000000002,2,1,1,211,4,Hibernating,0.15307168487944656,1.0,0.0,0.0
14783,659,1,307.3,1,1,2,112,4,Hibernating,0.08137108338931434,1.0,0.0,0.0
14784,26,3,449.93,4,3,2,432,9,Potential Loyalists,0.5093206661839091,0.9670860703635479,160.84996525602656,303.2708987656941
14785,10,2,77.4,5,2,1,521,8,Potential Loyalists,1.7056855538388391,0.9113400276622641,50.389429612443855,310.301974948289
14786,550,1,90.96,1,1,1,111,3,Hibernating,0.09574542233337567,1.0,0.0,0.0
14787,471,1,110.65,1,1,1,111,3,Hibernating,0.10980619019889173,1.0,0.0,0.0
14788,7,3,1156.32,5,3,3,533,11,Potential Loyalists,0.35119121342798953,0.9709603924413572,374.1518987230274,488.0431003392109
14789,29,1,197.64,4,1,1,411,6,Promising,,1.0,0.0,0.0
14790,17,10,2526.62,5,5,4,554,14,Champions,1.0894017264069857,0.9934462083786813,251.70505203124955,1021.4361804534915
14791,607,1,303.63,1,1,2,112,4,Hibernating,0.08777864240746369,1.0,0.0,0.0
14792,64,1,6.2,3,1,1,311,5,About to Sleep,,1.0,0.0,0.0
14793,21,2,625.9,4,2,3,423,9,Potential Loyalists,0.22947134208405665,0.9241586234802122,281.76069147017637,239.58070003041516
14794,3,10,1953.9,5,5,4,554,14,Champions,1.5670528232080887,0.9944224801588178,208.0263692910903,1211.3370324582154
14795,166,1,131.45000000000002,3,1,1,311,5,About to Sleep,0.253851978558952,1.0,0.0,0.0
14796,1,27,10167.77,5,5,5,555,15,Champions,3.0333517712130846,0.9981215314568334,383.5480949284679,4335.36472771535
14797,507,1,300.31,1,1,2,112,4,Hibernating,0.10291843437331064,1.0,0.0,0.0
14798,53,8,724.31,4,4,3,443,11,Loyal Customers,0.9549750051437662,0.9875306638147578,79.20407002050676,281.5216944590237
14799,51,2,338.15,4,2,2,422,8,Potential Loyalists,0.17103556338651207,0.9205837529249189,195.4339145934414,124.17301145645101
14800,48,17,7180.08,4,5,5,455,14,Loyal Customers,2.7794699406570476,0.9851309260622275,453.83488869066593,4685.08767590986
14801,61,1,189.34,3,1,1,311,5,About to Sleep,,1.0,0.0,0.0
14803,162,3,845.55,3,3,3,333,9,Need Attention,0.5838004322546447,0.8715468668267473,168.19462805688025,362.58880914405194
14804,9,1,353.27,5,1,2,512,8,New Customers,,1.0,0.0,0.0
14805,15,7,1082.55,5,4,3,543,12,Champions,0.8654589157374734,0.9904539195232216,152.50437654025205,491.06216389489583
14806,75,2,303.43,3,2,2,322,7,About to Sleep,0.26841979453400744,0.9081337102672388,238.6517946149125,236.95870548428064
14807,391,2,504.14,2,2,2,222,6,Hibernating,0.16195015682809658,0.7760819169742167,191.5589575727435,115.13499136771206
14808,40,8,2718.6,4,4,4,444,12,Loyal Customers,2.093302558231055,0.9724388171991588,425.7461418305909,3282.3765484188775
14809,621,2,686.76,1,2,3,123,6,Hibernating,0.08586498797372773,1.0,0.0,0.0
14810,41,13,2354.03,4,5,4,454,13,Loyal Customers,2.28158136776036,0.9883765089003819,188.38213370404193,1596.0320175811491
14811,387,1,170.5,2,1,1,211,4,Hibernating,0.13013003329334125,1.0,0.0,0.0
14812,599,1,178.85,1,1,1,111,3,Hibernating,0.08883457057229717,1.0,0.0,0.0
14813,370,4,888.91,2,3,3,233,8,At Risk,0.2854358243401442,0.8058785385382435,250.2675378785007,265.36988387973867
14814,581,1,152.96,1,1,1,111,3,Hibernating,0.0911650208964098,1.0,0.0,0.0
14815,37,2,778.5,4,2,3,423,9,Potential Loyalists,0.9974219929519792,0.882783051898256,279.2540786474124,1012.6570319913998
14816,197,1,271.85,2,1,1,211,4,Hibernating,0.2239545128647746,1.0,0.0,0.0
14817,200,7,3609.86,2,4,5,245,11,At Risk,0.8010310270293508,0.9247444075833352,535.122047404446,1594.9079427116217
14818,74,6,1153.56,3,4,3,343,10,Loyal Customers,0.7022126094867244,0.981635827065814,217.93256567673097,569.4259383419097
14819,64,4,456.41,3,3,2,332,8,Need Attention,0.4103302744140261,0.976108801796036,152.27900076670755,232.51540586509316
14820,21,9,1274.76,4,5,4,454,13,Loyal Customers,1.0424176339477949,0.9921985516923146,148.64295754161427,576.9117004041399
14821,367,7,1230.15,2,4,4,244,10,At Risk,0.43075309599861294,0.7613536497845377,299.12376704467414,479.4508594907379
14822,485,1,157.70000000000002,1,1,1,111,3,Hibernating,0.10702078413786917,1.0,0.0,0.0
14823,180,3,321.43,3,3,2,332,8,Need Attention,0.3650258766474379,0.6347232540140734,138.61735727745872,185.695459022674
14824,10,10,4022.9100000000003,5,5,5,555,15,Champions,1.2311870855704679,0.9938158216128089,366.09674618031517,1677.7209083304497
14825,4,24,4735.08,5,5,5,555,15,Champions,3.1404160549013294,0.9977151911181316,196.167026576356,2293.380354542059
14826,582,2,385.2,1,2,2,122,5,Hibernating,0.10511728681721828,0.5361693052707496,255.49574841425857,99.72618510836452
14828,197,13,9839.460000000001,2,5,5,255,12,Cannot Lose Them,1.2490856846345404,0.8734081977986189,774.640217543744,3604.9260182104986
14829,29,7,1455.8700000000001,4,4,4,444,12,Loyal Customers,1.0026529707038192,0.9859917738823003,230.77184612035094,858.6661579550172
14830,53,1,188.03,4,1,1,411,6,Promising,,1.0,0.0,0.0
14831,680,3,1676.57,1,3,4,134,8,At Risk,0.06619978974645918,0.356314497879696,1025.0622127248578,252.08540060476176
14833,499,1,94.8,1,1,1,111,3,Hibernating,0.10455802699527829,1.0,0.0,0.0
14834,18,7,2206.16,5,4,4,544,13,Champions,1.257042153951381,0.9894829966807881,295.92292181815395,1380.033631028426
14835,529,2,297.0,1,2,2,122,5,Hibernating,0.11314542488091281,0.5179162716475996,148.3289683105828,62.2606449750705
14836,10,3,102.44999999999999,5,3,1,531,9,Potential Loyalists,2.4350556129952308,0.9620744157060785,16.481608233130796,145.6851225352089
14837,90,9,3460.32,3,5,5,355,13,Loyal Customers,1.0219913247335797,0.9819396500132188,407.15658737116934,1549.3790509472808
14838,423,2,769.9200000000001,1,2,3,123,6,Hibernating,0.14646898945963055,0.787373847570405,792.564791482985,431.23797450843244
14839,418,3,915.28,1,3,3,133,7,At Risk,0.251501714729137,0.8089627146893607,270.5160228708618,252.98828008887202
14840,268,2,362.71,2,2,2,222,6,Hibernating,0.2047751871446935,0.83019402545743,80.57776665181828,61.14525473293482
14841,53,14,7163.0,4,5,5,455,14,Loyal Customers,1.5191859230927183,0.9906552805267067,512.1929533999439,2899.202629354043
14842,44,4,2824.69,4,3,4,434,11,Potential Loyalists,0.8587101098251341,0.972659249528303,891.2054869126443,2829.910489436629
14843,437,1,211.79999999999998,1,1,1,111,3,Hibernating,0.11744867049483318,1.0,0.0,0.0
14844,64,10,6702.43,3,5,5,355,13,Loyal Customers,1.0123657252500793,0.9851668202013975,812.4248725085869,3059.9637520823208
14845,600,1,150.0,1,1,1,111,3,Hibernating,0.08870119173165267,1.0,0.0,0.0
14846,427,1,437.4,1,1,2,112,4,Hibernating,0.11958909142472927,1.0,0.0,0.0
14847,149,3,1348.95,3,3,4,334,10,Need Attention,0.35875322745909266,0.9438441662106728,573.9037234880803,764.411466345667
14848,405,1,310.56,2,1,2,212,5,Hibernating,0.12543110703408036,1.0,0.0,0.0
14849,22,43,15407.61,4,5,5,455,14,Loyal Customers,2.663635948931352,0.99594942757208,683.3239427730258,6780.784914559246
14850,312,7,1770.96,2,4,4,244,10,At Risk,0.42794600989084614,0.8229314558275868,460.51567289112575,732.2237548528507
14851,23,3,829.4100000000001,4,3,3,433,10,Potential Loyalists,0.3333963872059371,0.9691793879152641,282.0889330112077,349.44950458782864
14852,58,18,6132.43,4,5,5,455,14,Loyal Customers,1.4632690661992893,0.9882129746347621,527.3581762984097,2872.7950603878326
14853,24,5,1376.87,4,4,4,444,12,Loyal Customers,0.6163077676735699,0.9848965470882157,250.95103246078477,575.1037997945933
14854,78,11,4303.06,3,5,5,355,13,Loyal Customers,1.258180023246634,0.9845652982148188,407.56844379284837,1909.6539846212822
14855,119,7,6520.3,3,4,5,345,12,Loyal Customers,0.6018437945203473,0.9689635711636772,1280.8229344357312,2866.5247719843096
14856,36,3,1290.53,4,3,4,434,11,Potential Loyalists,1.0806517526289552,0.8763762308515174,377.5690038069315,1481.5908929627112
14857,60,7,3651.85,3,4,5,345,12,Loyal Customers,0.5882958589532081,0.9808456462376945,735.0255902180908,1608.3799948626754
14858,506,1,180.75,1,1,1,111,3,Hibernating,0.10327832640057238,1.0,0.0,0.0
14859,13,5,1705.64,5,4,4,544,13,Champions,0.5217576172065137,0.9811292966151647,480.3683482673282,931.0608815675758
14860,19,1,170.32,5,1,1,511,7,New Customers,,1.0,0.0,0.0
14861,52,10,1380.73,4,5,4,454,13,Loyal Customers,0.9686225128874826,0.9891016948039688,149.43137376640436,539.1483348295037
14862,26,2,841.1999999999999,4,2,3,423,9,Potential Loyalists,0.6384850298204244,0.9129253654592,654.858506359934,1530.4260664237718
14863,29,1,266.76,4,1,1,411,6,Promising,,1.0,0.0,0.0
14865,7,4,92.52000000000001,5,3,1,531,9,Potential Loyalists,0.40246164187901146,0.9818518000816192,23.006588735927565,34.4610214225965
14866,11,17,20700.04,5,5,5,555,15,Champions,2.5825636494669113,0.995433738752324,1317.5737974542626,12639.5119704405
14867,186,16,2952.06,3,5,5,355,13,Loyal Customers,1.418060948599499,0.858384806800894,199.07920480292685,1051.8588404896943
14868,3,12,4184.01,5,5,5,555,15,Champions,1.7835533444220597,0.9942819306704727,405.7927941647893,2686.6389829721033
14869,9,6,2778.14,5,4,4,544,13,Champions,0.6394629925299994,0.9893894817351195,499.4704671409703,1189.2140835162263
14870,262,6,1838.95,2,4,4,244,10,At Risk,0.5112675293084878,0.9122029609426536,394.7112279091796,750.9654242315597
14871,3,9,1228.17,5,5,4,554,14,Champions,0.964647327759902,0.9937104135080325,138.88167465478838,499.0548835813887
14872,484,3,816.6,1,3,3,133,7,At Risk,0.20394784619767764,0.5954333760999284,282.78451256058014,214.30221932726616
14873,210,2,854.13,2,2,3,223,7,Hibernating,0.18719121354945356,0.876948112824681,633.7642090785098,440.20179654002095
14874,535,1,116.18,1,1,1,111,3,Hibernating,0.09813118690408337,1.0,0.0,0.0
14875,108,3,2862.4,3,3,4,334,10,Need Attention,0.44794273874832174,0.9479978317708588,804.5787146764144,1335.543602214348
14876,521,2,256.7,1,2,1,121,4,Hibernating,0.09357303869431458,0.393171843977531,68.77125697937943,23.854637942527912
14877,418,2,425.85,1,2,2,122,5,Hibernating,0.15684945893269425,0.7442735843956778,269.8451986315304,157.06682598208127
14878,13,25,4076.5,5,5,5,555,15,Champions,2.571867866122541,0.9966460794148295,183.05185767881673,1753.2407849595027
14879,685,1,185.06,1,1,1,111,3,Hibernating,0.07866264793175712,1.0,0.0,0.0
14880,77,3,690.59,3,3,3,333,9,Need Attention,0.6413868460772578,0.9467799390341458,309.49586265734644,732.9245574746436
14881,20,1,255.4,4,1,1,411,6,Promising,,1.0,0.0,0.0
14882,27,14,3546.65,4,5,5,455,14,Loyal Customers,1.5243485506500698,0.9931330390637472,312.0727803775505,1770.5731254966754
14883,19,6,761.59,5,4,3,543,12,Champions,1.4941356511329595,0.9825522301039985,118.85632341759333,654.9400934475789
14884,669,1,120.6,1,1,1,111,3,Hibernating,0.0802656242684186,1.0,0.0,0.0
14885,132,3,1598.12,3,3,4,334,10,Need Attention,0.42474342894247163,0.9415477249557471,745.2079877850988,1173.4250196663188
14886,253,1,364.8,2,1,2,212,5,Hibernating,0.18526607362430278,1.0,0.0,0.0
14887,79,1,1862.0,3,1,4,314,8,About to Sleep,,1.0,0.0,0.0
14888,207,1,369.2,2,1,2,212,5,Hibernating,0.21576011693708394,1.0,0.0,0.0
14889,336,1,135.9,2,1,1,211,4,Hibernating,0.1466091777420018,1.0,0.0,0.0
14890,254,3,817.25,2,3,3,233,8,At Risk,0.302513766248107,0.9161013063468803,284.33998178909803,319.7098422421673
14891,148,4,1106.73,3,3,3,333,9,Need Attention,0.6170535497439933,0.939026353912541,321.8265105615803,736.4011744949879
14892,691,1,202.35000000000002,1,1,1,111,3,Hibernating,0.07803924862653187,1.0,0.0,0.0
14893,10,3,1809.6100000000001,5,3,4,534,12,Potential Loyalists,0.3403066115718011,0.9707614478665112,679.9932972781895,859.7036769053074
14894,85,3,1492.81,3,3,4,334,10,Need Attention,0.286859183354828,0.96228785580589,655.4891799247075,699.4090254905401
14895,8,38,25119.54,5,5,5,555,15,Champions,2.676602612061942,0.9974636006090728,1023.2691254308826,10206.052561628596
14896,205,8,1826.0,2,4,4,244,10,At Risk,0.8087730697728115,0.9361174918544224,224.36034971696287,675.8566072873883
14897,8,8,3140.54,5,4,5,545,14,Champions,0.8672743004412243,0.9925017614475056,416.5176060408421,1345.369324781605
14898,23,14,3365.95,4,5,5,455,14,Loyal Customers,1.5270188064293715,0.9945205689209312,238.21271646583318,1355.314883492029
14899,395,1,1331.38,2,1,4,214,7,Hibernating,0.12787564268553162,1.0,0.0,0.0
14900,522,1,13.919999999999998,1,1,1,111,3,Hibernating,0.1002971989788301,1.0,0.0,0.0
14901,11,12,1919.0,5,5,4,554,14,Champions,1.8548543580084393,0.9944949503358429,161.58896848526726,1114.0481169947868
14902,26,3,1035.6200000000001,4,3,3,433,10,Potential Loyalists,0.37470257328736645,0.9685631125739458,351.02798645963856,488.2672058076352
14903,21,5,2795.33,4,4,4,444,12,Loyal Customers,1.2022072225347724,0.9829025842798427,593.1133667366415,2635.8839968024276
14904,2,4,1630.49,5,3,4,534,12,Potential Loyalists,0.6572080889966805,0.9821548357336707,448.4306664009776,1092.6928941221606
14905,158,8,1971.39,3,4,4,344,11,Loyal Customers,0.82943509631861,0.9636441462166975,251.5424493474475,777.1151416866322
14907,3,16,5547.72,5,5,5,555,15,Champions,1.5667870268220443,0.9953900778492694,485.57010080814194,2831.152622798677
14908,74,2,381.9,3,2,2,322,7,About to Sleep,0.2566206329828453,0.9095369708307384,340.86589527650875,323.724149797711
14909,437,3,1404.68,1,3,4,134,8,At Risk,0.24559368259264436,0.7478397044041094,578.3017579616712,527.913329100844
14910,3,4,434.35,5,3,2,532,10,Potential Loyalists,2.726899259372415,0.9812857168145537,79.13905519177843,786.8720264228803
14911,1,373,272252.79,5,5,5,555,15,Champions,27.660169003931195,0.9997419096174721,1104.5335157442157,113877.56535473111
14912,17,5,1849.58,5,4,4,544,13,Champions,0.4928917057901008,0.9807759904999915,493.99627213074274,904.896677454826
14913,36,8,4073.13,4,4,5,445,13,Loyal Customers,1.23939773039891,0.9884339231664614,501.8246276741012,2310.6229500317418
14915,91,11,1811.25,3,5,4,354,12,Loyal Customers,1.0670375422080176,0.9828748481818688,182.74598617050836,726.4151105838712
14916,71,8,3042.95,3,4,5,345,12,Loyal Customers,0.9948825987812627,0.9840368027728755,343.7204447473861,1272.3918051160872
14917,597,2,1123.75,1,2,3,123,6,Hibernating,0.08910253576979668,1.0,0.0,0.0
14918,116,9,5955.81,3,5,5,355,13,Loyal Customers,0.992081107806902,0.9711867075364545,747.7717929142719,2760.1298227477014
14919,539,1,359.35,1,1,2,112,4,Hibernating,0.09748342846937609,1.0,0.0,0.0
14920,213,3,1607.17,2,3,4,234,9,At Risk,0.20507624533045626,0.8671851364317688,1188.476415832101,903.5382942856362
14921,30,2,1316.07,4,2,4,424,10,Potential Loyalists,0.5116081611757206,0.9136582063873759,504.6554848451323,947.8616317218332
14922,394,2,843.74,2,2,3,223,7,Hibernating,0.1692116721005354,0.6496863802644982,371.92609764554015,233.09404742760526
14923,51,1,749.1,4,1,3,413,8,Promising,,1.0,0.0,0.0
14924,246,3,931.01,2,3,3,233,8,At Risk,0.31125804185977674,0.9165415621401457,342.0730843870093,395.6580232310319
14926,382,2,359.4,2,2,2,222,6,Hibernating,0.17002478669054838,0.7566068388686698,173.03181931753176,109.11388491402073
14927,397,1,308.2,2,1,2,212,5,Hibernating,0.127599328600515,1.0,0.0,0.0
14928,628,1,223.91000000000003,1,1,1,111,3,Hibernating,0.08512269637247126,1.0,0.0,0.0
14929,32,2,836.69,4,2,3,423,9,Potential Loyalists,0.2820769493358047,0.9202717632847289,275.57286947774946,287.4304112023855
14930,109,6,5236.7300000000005,3,4,5,345,12,Loyal Customers,0.6069915735219262,0.9714572628317979,1127.4987652574148,2544.854811272947
14931,5,4,864.6800000000001,5,3,3,533,11,Potential Loyalists,1.060056148501299,0.9815539917266937,221.3068592138029,865.6432537905223
14932,366,2,566.13,2,2,2,222,6,Hibernating,0.14536858632095775,0.4391475304984958,384.13221226073847,206.31075804513904
14933,444,4,1770.0,1,3,4,134,8,At Risk,0.08552703073986251,0.29222934730619066,1076.1389899539317,340.4939607095186
14934,82,5,3403.5,3,4,5,345,12,Loyal Customers,0.6292290802943784,0.9671176301964737,876.5123838534656,2045.3829888654031
14935,297,2,2849.83,2,2,4,224,8,Hibernating,0.18156680257214533,0.8335469705484952,2165.61948404521,1458.7484765476281
14936,34,12,12410.81,4,5,5,455,14,Loyal Customers,1.053007305761333,0.9895652106341788,1643.7628873795734,6438.155371294101
14937,57,3,1621.88,4,3,4,434,11,Potential Loyalists,0.6720951680789266,0.8796782862837105,1048.6752320697353,2576.6479400413673
14938,562,2,2322.43,1,2,4,124,7,Hibernating,0.09391878001933342,1.0,0.0,0.0
14940,418,2,531.49,1,2,2,122,5,Hibernating,0.1476232536916259,0.7906081000073465,427.6649325401413,234.52110276867265
14941,579,1,182.1,1,1,1,111,3,Hibernating,0.09158903433222908,1.0,0.0,0.0
14942,402,4,746.56,2,3,3,233,8,At Risk,0.33505912387834785,0.808251522749421,226.80261765573562,282.8058205047292
14943,663,1,107.62,1,1,1,111,3,Hibernating,0.08092526444025787,1.0,0.0,0.0
14944,30,19,9684.67,4,5,5,455,14,Loyal Customers,1.437833850865702,0.9929666560583195,789.3504456932601,4225.858469754537
14945,414,1,179.4,1,1,1,111,3,Hibernating,0.12307834994094763,1.0,0.0,0.0
14946,14,1,100.9,5,1,1,511,7,New Customers,,1.0,0.0,0.0
14947,72,6,1049.79,3,4,3,343,10,Loyal Customers,0.7254993251237327,0.9814077849014201,151.45261164312612,408.7546391841515
14948,23,6,1101.97,4,4,3,443,11,Loyal Customers,1.7665321275634793,0.9838680808018246,171.42436518018377,1117.613347308052
14949,469,4,515.0,1,3,2,132,6,At Risk,0.27832444953657826,0.6646259199891266,152.95845061915512,158.42152038455183
14950,19,1,371.2,5,1,2,512,8,New Customers,,1.0,0.0,0.0
14951,79,1,311.69,3,1,2,312,6,About to Sleep,,1.0,0.0,0.0
14952,60,32,17629.35,3,5,5,355,13,Loyal Customers,2.5165879606324095,0.987870095054601,792.4167731362597,7431.3402159440175
14953,25,4,968.82,4,3,3,433,10,Potential Loyalists,0.4627581010145706,0.967735817629225,384.96898226641747,660.0831804632314
14954,12,2,462.12,5,2,2,522,9,Potential Loyalists,0.17974111647954596,0.9264469959109375,361.5121506524147,241.30098806340567
14955,733,1,163.77,1,1,1,111,3,Hibernating,0.07393765701024829,1.0,0.0,0.0
14956,421,1,1325.0,1,1,4,114,6,Hibernating,0.12105994641240025,1.0,0.0,0.0
14957,253,2,261.69,2,2,1,221,5,Hibernating,0.1809674942038345,0.8611451249898918,75.29813771111742,50.56873782596885
14958,147,6,941.99,3,4,3,343,10,Loyal Customers,0.61610976707879,0.9689911219489964,157.34591596553656,360.98826188193334
14959,64,4,695.42,3,3,3,333,9,Need Attention,0.879890193761028,0.9645492294087119,184.17775581859505,599.0563435813896
14960,8,2,221.27,5,2,1,521,8,Potential Loyalists,0.5833676481850395,0.9242632156275121,165.48776236786057,353.85801187945964
14961,11,22,16410.15,5,5,5,555,15,Champions,2.0933000429104407,0.9966624425468464,861.4159774015474,6719.233303974047
14962,271,4,366.91,2,3,2,232,7,At Risk,0.449110121146307,0.8854681929713754,88.07806731304177,146.99891210890712
14963,10,12,3123.57,5,5,5,555,15,Champions,1.617711592740342,0.9943140226047127,298.9677899402071,1798.1789256920101
14964,247,1,206.21,2,1,1,211,4,Hibernating,0.1882211956423515,1.0,0.0,0.0
14965,96,2,596.09,3,2,2,322,7,About to Sleep,0.3635955427893526,1.0,0.0,0.0
14966,15,6,1064.26,5,4,3,543,12,Champions,0.5239722263471434,0.9861362710985068,243.326514458549,474.61634001224655
14967,50,6,1982.6100000000001,4,4,4,444,12,Loyal Customers,0.40185654763643053,0.9779331680327827,619.3087654902267,926.2378166196145
14968,30,2,497.49,4,2,2,422,8,Potential Loyalists,0.2624441219351709,0.9213729079663472,183.19147225617405,177.90994239233152
14969,704,1,906.23,1,1,3,113,5,Hibernating,0.07672188578039435,1.0,0.0,0.0
14970,68,12,4919.35,3,5,5,355,13,Loyal Customers,1.1780664286810718,0.9861841045794311,512.9545616065927,2249.832863947709
14971,35,3,1097.98,4,3,3,433,10,Potential Loyalists,1.2010838142240927,0.8687966216495021,599.4829486860233,2610.343989045423
14972,128,2,145.07,3,2,1,321,6,About to Sleep,0.29400673260613785,0.8802806890019219,143.4489443126414,155.80552433282324
14973,107,3,1314.45,3,3,4,334,10,Need Attention,0.7496436301292124,0.9089095997207379,363.4224472488496,1003.64358341866
14974,37,1,89.94,4,1,1,411,6,Promising,,1.0,0.0,0.0
14975,57,2,472.39,4,2,2,422,8,Potential Loyalists,0.27986771493945184,0.9130641696184326,343.45727278410044,355.43007944563556
14976,57,6,774.86,4,4,3,443,11,Loyal Customers,1.0444808988107572,0.9736339418751708,162.73716271191432,629.1687989114143
14977,726,1,31.929999999999996,1,1,1,111,3,Hibernating,0.0745910409712512,1.0,0.0,0.0
14978,72,10,3112.19,3,5,5,355,13,Loyal Customers,1.3059414400263267,0.9835241411731075,324.7113359139842,1577.6841378249046
14979,735,1,429.66,1,1,2,112,4,Hibernating,0.07366112737804592,1.0,0.0,0.0
14980,737,1,150.68,1,1,1,111,3,Hibernating,0.07347792093063472,1.0,0.0,0.0
14981,246,2,372.92,2,2,2,222,6,Hibernating,0.24430240995671032,0.8003113290545483,128.1307548401951,115.75201108031922
14982,572,1,234.88,1,1,1,111,3,Hibernating,0.09244901052669878,1.0,0.0,0.0
14983,689,1,183.20000000000002,1,1,1,111,3,Hibernating,0.07814246119695238,1.0,0.0,0.0
14984,19,6,1260.51,5,4,4,544,13,Champions,0.5422834875162049,0.9856587659389111,299.85825095232866,605.185238438647
14985,198,2,292.01,2,2,2,222,6,Hibernating,0.28813479396999647,0.8182285750625838,213.0407505562374,226.637604594946
14986,376,2,563.1,2,2,2,222,6,Hibernating,0.15953241176026373,0.8019516028382386,294.75390673020394,174.5852058616469
14987,16,8,1550.6499999999999,5,4,4,544,13,Champions,0.7403604249880247,0.9906564292692732,231.2967775778154,637.7642095797172
14988,212,7,2038.65,2,4,4,244,10,At Risk,0.8126948739751464,0.9042916568223412,286.95593702369104,867.4939641537783
14989,662,1,342.4,1,1,2,112,4,Hibernating,0.08114756136930856,1.0,0.0,0.0
14990,612,2,304.17,1,2,2,122,5,Hibernating,0.09873295896603035,0.5267853527692775,130.32252740502733,47.79605560007021
14991,430,1,314.67,1,1,2,112,4,Hibernating,0.11886699553253288,1.0,0.0,0.0
14992,442,1,210.5,1,1,1,111,3,Hibernating,0.11606381642067322,1.0,0.0,0.0
14993,564,1,36.13,1,1,1,111,3,Hibernating,0.09376970240868368,1.0,0.0,0.0
14994,382,5,942.77,2,4,3,243,9,At Risk,0.386789360235969,0.6347272827590024,199.89525250272123,287.5536341870189
14995,39,2,231.98000000000002,4,2,1,421,7,Potential Loyalists,0.39464134191998806,0.9140874845041888,140.90600376780844,204.82004813248764
14996,481,2,442.28999999999996,1,2,2,122,5,Hibernating,0.10780208070484709,1.0,0.0,0.0
14997,46,4,776.5999999999999,4,3,3,433,10,Potential Loyalists,0.44697324885931994,0.9777005590217576,194.59598688945778,323.47517325122544
14998,170,4,753.18,3,3,3,333,9,Need Attention,0.46681069811586806,0.950159276707137,227.68024038181372,395.06067382140344
14999,593,1,129.48000000000002,1,1,1,111,3,Hibernating,0.08964334757628468,1.0,0.0,0.0
15000,48,1,490.52,4,1,2,412,7,Promising,,1.0,0.0,0.0
15001,394,2,197.10999999999999,2,2,1,221,5,Hibernating,0.12815315705728378,1.0,0.0,0.0
15002,116,9,4138.08,3,5,5,355,13,Loyal Customers,0.9989502229980695,0.9751894526212677,442.63787313088847,1646.5867999212123
15003,473,6,1027.03,1,4,3,143,8,At Risk,0.16832242120112215,0.24687441859159642,138.63198089672895,86.85418478268092
15004,147,1,1220.38,3,1,4,314,8,About to Sleep,0.27648583254424564,1.0,0.0,0.0
15005,16,56,13752.58,5,5,5,555,15,Champions,6.227535067386266,0.9975608309836895,245.08331025885656,5688.539090790034
15006,51,2,752.83,4,2,3,423,9,Potential Loyalists,0.26337958529589917,0.9158214570782599,580.180819026672,565.4069311832436
15007,159,1,156.91,3,1,1,311,5,About to Sleep,0.26174509941758056,1.0,0.0,0.0
15008,480,2,360.0,1,2,2,122,5,Hibernating,0.13889265820254829,0.6544073161956782,295.09296546951504,152.08916990417308
15009,12,3,1259.43,5,3,4,534,12,Potential Loyalists,2.5629870395176715,0.958723392715325,367.623309566713,3417.70392271789
15010,36,1,308.94,4,1,2,412,7,Promising,,1.0,0.0,0.0
15011,396,2,416.6,2,2,2,222,6,Hibernating,0.1291049996874592,0.41687174897275203,238.90608866939573,114.03851757479732
15012,54,3,646.26,4,3,3,433,10,Potential Loyalists,0.35981261948640436,0.9646933929291501,223.86290002397735,299.10096797084736
15013,488,10,1610.82,1,5,4,154,10,Cannot Lose Them,0.006674512977970389,0.00569490435161402,158.67568951338924,3.9435184639562966
15014,43,2,257.67,4,2,1,421,7,Potential Loyalists,0.5580549470270694,0.90290232359887,173.92790312856818,355.86851488529715
15015,501,13,2344.47,1,5,4,154,10,Cannot Lose Them,0.0051928055456438235,0.004274710754129348,225.7891319580284,4.367674358682096
15016,173,5,620.89,3,4,3,343,10,Loyal Customers,0.5104007749191982,0.9427102378725787,171.37437266153617,324.88586588582746
15017,34,1,125.58,4,1,1,411,6,Promising,,1.0,0.0,0.0
15018,39,3,496.21000000000004,4,3,2,432,9,Potential Loyalists,0.5336430701284691,0.9641468563769688,212.865075337837,420.3006781628102
15019,267,1,252.81,2,1,1,211,4,Hibernating,0.17746525286312104,1.0,0.0,0.0
15020,379,1,198.47,2,1,1,211,4,Hibernating,0.13246540867576337,1.0,0.0,0.0
15021,9,12,2500.59,5,5,4,554,14,Champions,1.6954847017760462,0.9943776509212602,230.9439203241796,1455.3185212037456
15022,12,5,1133.44,5,4,3,543,12,Champions,0.4353766878120412,0.9814430200166042,302.95054434827114,490.6306615375479
15023,3,20,11555.5,5,5,5,555,15,Champions,2.2673503199237297,0.9971525375886366,610.048516985766,5151.741479582641
15024,10,16,3559.39,5,5,5,555,15,Champions,2.1360714073222526,0.9945676800996098,258.69019741466315,2051.6508310025843
15025,33,2,971.84,4,2,3,423,9,Potential Loyalists,0.21701659298046425,0.9220437041826505,442.777264920863,356.23604123449843
15026,80,5,1044.09,3,4,3,343,10,Loyal Customers,0.7946820308839342,0.9721905090937087,176.91453180486144,521.6861055990796
15027,31,10,3195.6,4,5,5,455,14,Loyal Customers,1.1213756223252171,0.9910591916691792,341.6835395173685,1425.9011687635323
15028,8,6,962.94,5,4,3,543,12,Champions,0.9010212124370034,0.9861539539747578,212.82321480613504,710.8622302773209
15029,620,1,365.1,1,1,2,112,4,Hibernating,0.08611530495460233,1.0,0.0,0.0
15030,72,8,1979.91,3,4,4,344,11,Loyal Customers,0.9559627517251927,0.9843897656018848,233.07579170800275,829.2747781393949
15031,4,14,3102.94,5,5,5,555,15,Champions,1.3126515648589447,0.9953617098448972,263.9489235970742,1290.7844406612662
15032,256,8,11010.05,2,4,5,245,11,At Risk,0.6787684451533824,0.899177077804299,1632.1049295665719,4125.629733044336
15033,5,10,2553.88,5,5,4,554,14,Champions,2.1956750562165643,0.9940560820371258,226.72379140725394,1844.5897004193143
15034,16,14,8231.2,5,5,5,555,15,Champions,1.7661514389245336,0.9946074111700516,637.2518078617777,4187.4290979296475
15035,90,1,252.73000000000002,3,1,1,311,5,About to Sleep,,1.0,0.0,0.0
15036,72,3,429.56,3,3,2,332,8,Need Attention,0.9125222080022939,0.9306483998284565,208.18223663930607,698.3791674879348
15037,376,2,397.76,2,2,2,222,6,Hibernating,0.13336295074501678,1.0,0.0,0.0
15038,59,9,1146.53,3,5,3,353,11,Loyal Customers,1.5628704966487128,0.9819804062932946,144.71621028265156,839.5670095599082
15039,10,93,39141.48,5,5,5,555,15,Champions,9.362790296451966,0.9985329116143203,475.9050928705872,16606.694935783235
15040,542,1,7.49,1,1,1,111,3,Hibernating,0.0971627471864886,1.0,0.0,0.0
15041,170,2,288.98,3,2,2,322,7,About to Sleep,0.25398395763265574,0.8678141345861192,222.35275664660202,208.923097450992
15042,199,2,315.45,2,2,2,222,6,Hibernating,0.19792122153059627,0.8767621800877671,169.07209761200613,124.104770242124
15043,31,6,2855.3199999999997,4,4,4,444,12,Loyal Customers,0.8403103871945602,0.9864891266621749,509.7236562363595,1591.7624377683385
15044,19,32,15769.01,5,5,5,555,15,Champions,3.150229193817774,0.9965648917734954,548.0225686606778,6433.104605452926
15045,152,2,735.66,3,2,3,323,8,About to Sleep,0.3780935648435207,0.8173835554956771,424.37121907254806,590.4973254702304
15046,9,25,7604.84,5,5,5,555,15,Champions,2.9181979039722763,0.9973559441071181,300.74951030311206,3269.592278441573
15047,270,1,343.62,2,1,2,212,5,Hibernating,0.17587846720670253,1.0,0.0,0.0
15048,65,4,381.0,3,3,2,332,8,Need Attention,0.7364118889064868,0.9684521949641371,101.20702019106515,276.00666687324355
15049,274,1,121.17000000000002,2,1,1,211,4,Hibernating,0.1738064324440506,1.0,0.0,0.0
15050,25,5,4087.19,4,4,5,445,13,Loyal Customers,0.5914570623364183,0.9791721737942058,992.2064152392387,2177.7632204962492
15051,23,9,3926.91,4,5,5,455,14,Loyal Customers,0.9631572825761621,0.9921754759478795,428.14481507323967,1536.1113614899798
15052,319,1,207.73000000000002,2,1,1,211,4,Hibernating,0.15307168487944656,1.0,0.0,0.0
15053,5,3,693.95,5,3,3,533,11,Potential Loyalists,0.6710326649648362,0.9708831997621327,260.15353068651035,644.4097187947826
15054,12,2,302.1,5,2,2,522,9,Potential Loyalists,1.2987451928141334,0.9131627472112984,166.34751845682797,782.917002801697
15055,475,3,549.12,1,3,2,132,6,At Risk,0.2264772080135043,0.7464699871321663,168.90663861923,142.27018997749016
15056,520,1,113.64999999999999,1,1,1,111,3,Hibernating,0.10063895203659827,1.0,0.0,0.0
15057,275,5,3255.96,2,4,5,245,11,At Risk,0.4800533427782024,0.9149348674284082,772.5287044779739,1380.65243483552
15058,25,16,3387.58,4,5,5,455,14,Loyal Customers,1.5776740725598424,0.9937416500513296,261.09170641153105,1533.6908599906678
15059,41,19,3490.4,4,5,5,455,14,Loyal Customers,1.7544026348819868,0.9928952748579982,216.72685415055116,1416.7267152102602
15060,8,4,293.0,5,3,2,532,10,Potential Loyalists,1.8511399735154082,0.9139183208768678,24.5846377027339,164.13312930916547
15061,4,127,126387.56999999999,5,5,5,555,15,Champions,7.581970707333323,0.9990991491763119,1842.3497154769323,52063.421133725315
15062,71,8,2585.62,3,4,4,344,11,Loyal Customers,1.00485272634185,0.9836893406954383,293.5301056700566,1097.408494039345
15063,213,1,370.79999999999995,2,1,2,212,5,Hibernating,0.21112564351810023,1.0,0.0,0.0
15064,410,4,1154.41,1,3,3,133,7,At Risk,0.3302229390375167,0.7845429822910628,312.5159243022597,384.0199611577662
15065,38,5,3326.86,4,4,5,445,13,Loyal Customers,0.8664853447513777,0.9814453758994608,826.4440054145928,2655.452098023525
15066,53,1,893.59,4,1,3,413,8,Promising,,1.0,0.0,0.0
15067,78,5,3862.88,3,4,5,345,12,Loyal Customers,0.4764193879772609,0.9726128363819325,1097.7122376396132,1943.9506479761665
15068,46,4,1174.9,4,3,3,433,10,Potential Loyalists,0.4690028356731004,0.977426653761215,298.57658592313993,520.6006935488169
15069,179,1,1109.53,3,1,3,313,7,About to Sleep,0.24039193553827373,1.0,0.0,0.0
15070,373,3,737.0500000000001,2,3,3,233,8,At Risk,0.2613345383150592,0.8624530532117269,227.81182014285545,221.42144589642197
15071,94,4,1455.56,3,3,4,334,10,Need Attention,0.5023019445056296,0.9689695535606453,457.5713901971863,853.9741187893956
15072,479,1,187.51999999999998,1,1,1,111,3,Hibernating,0.10819702513911343,1.0,0.0,0.0
15073,10,8,2788.02,5,4,4,544,13,Champions,0.9171244978186547,0.9923148903294343,338.8331167120678,1156.9474971548832
15074,105,3,1553.1299999999999,3,3,4,334,10,Need Attention,0.42707637287042954,0.9502926875296211,655.686352080435,1038.1679828176882
15075,78,1,773.03,3,1,3,313,7,About to Sleep,,1.0,0.0,0.0
15076,173,3,1447.74,3,3,4,334,10,Need Attention,0.3794454785532879,0.9316154892709764,490.46156258501816,690.5504517733928
15077,495,2,2428.08,1,2,4,124,7,Hibernating,0.13482560175103792,0.7193560582458276,1886.973746534963,945.0366168608742
15078,7,52,17276.73,5,5,5,555,15,Champions,3.8944447591281826,0.9981218786960564,498.74399398299323,7238.6660213482755
15079,213,11,3625.4,2,5,5,255,12,Cannot Lose Them,0.8047531976783052,0.9291287746927662,423.4750163645012,1269.303976396683
15080,428,2,546.25,1,2,2,122,5,Hibernating,0.14530610146669012,0.5520520454127847,228.37104926937343,122.89227157270801
15081,22,12,1854.57,4,5,4,454,13,Loyal Customers,1.7381612905602486,0.9932420268538286,146.1841245463828,944.8745556045651
15082,669,1,93.35000000000001,1,1,1,111,3,Hibernating,0.08037481622191868,1.0,0.0,0.0
15083,257,1,88.2,2,1,1,211,4,Hibernating,0.18296805424517035,1.0,0.0,0.0
15084,380,2,965.2,2,2,3,223,7,Hibernating,0.16448437101354074,0.7838125510361093,750.1582305877224,457.9099538563074
15085,730,1,347.54,1,1,2,112,4,Hibernating,0.07421627134814736,1.0,0.0,0.0
15086,565,2,218.53,1,2,1,121,4,Hibernating,0.09259533951894965,0.4288187849372817,135.8564504002115,46.67286251289182
15087,282,1,306.94,2,1,2,212,5,Hibernating,0.1698056412261648,1.0,0.0,0.0
15088,21,2,1160.07,4,2,3,423,9,Potential Loyalists,1.0236764767986157,0.9060199702135946,362.75940244345173,1350.0980790560484
15089,10,6,2420.84,5,4,4,544,13,Champions,2.6095598016836483,0.9864517746354743,249.27856233112723,2389.907945824575
15090,308,1,381.32,2,1,2,212,5,Hibernating,0.15756618052385274,1.0,0.0,0.0
15091,68,3,1046.6100000000001,3,3,3,333,9,Need Attention,0.18487411601257045,0.9169399992878245,586.5744981108235,402.5774648563504
15092,215,3,776.46,2,3,3,233,8,At Risk,0.4057519071955009,0.8943558624351521,252.76505185105054,380.1950494364652
15093,18,23,13702.38,5,5,5,555,15,Champions,2.2153209694357914,0.9960840176497997,714.786156180137,5900.409703439496
15094,463,2,83.0,1,2,1,121,4,Hibernating,0.14472669077543024,0.688690998156842,44.43168319312086,23.863750707684677
15095,104,10,3141.64,3,5,5,355,13,Loyal Customers,0.8972104100948688,0.9785810631397021,420.5273832688596,1404.7860986979802
15096,43,1,219.39000000000001,4,1,1,411,6,Promising,,1.0,0.0,0.0
15097,4,3,908.35,5,3,3,533,11,Potential Loyalists,0.2132551638009272,0.9275219087968603,304.87723194677716,241.0887270063581
15098,182,3,39916.5,3,3,5,335,11,Need Attention,0.23748646160932513,1.0,0.0,0.0
15099,84,1,410.48,3,1,2,312,6,About to Sleep,,1.0,0.0,0.0
15100,334,7,2193.8999999999996,2,4,4,244,10,At Risk,0.5681043698263855,0.7260241058179293,339.93392682007374,719.0275498483492
15101,9,6,1477.94,5,4,4,544,13,Champions,0.7692926997194537,0.9892640160630748,281.5446107151825,805.4401059261754
15102,531,2,554.67,1,2,2,122,5,Hibernating,0.0737069859467396,0.3022822354305063,245.17867534665044,66.97435484558385
15103,31,2,703.36,4,2,3,423,9,Potential Loyalists,0.8861389172945476,0.8976247521538042,502.98440962995636,1623.5751117345483
15104,197,2,993.54,2,2,3,223,7,Hibernating,0.32713189617024363,0.7621104837346271,753.9120952015235,908.477963208144
15105,18,9,3094.91,5,5,5,555,15,Champions,0.8589540595395995,0.9901792904814738,475.16477732967786,1518.5998486580872
15106,18,5,1422.52,5,4,4,544,13,Champions,1.2357122002166867,0.9837438867250279,265.43683251851206,1212.1818669861507
15107,311,9,824.35,2,5,3,253,10,Cannot Lose Them,0.07413000257414945,0.049051710632841215,96.50014965055297,26.565551743405116
15108,142,3,1159.25,3,3,3,333,9,Need Attention,0.6991820248140798,0.8535808878125392,551.8313960552388,1421.4929481614147
15109,246,3,983.1,2,3,3,233,8,At Risk,0.2774552075910252,0.9284204842063797,413.83827206753597,427.0835313903037
15110,24,6,1505.8500000000001,4,4,4,444,12,Loyal Customers,0.9144235274522703,0.9872615965576976,250.2980791126413,850.0154688497113
15111,29,5,2442.37,4,4,4,444,12,Loyal Customers,0.6281168094608549,0.9842815095926177,564.3900796860523,1318.00697905435
15112,611,1,209.4,1,1,1,111,3,Hibernating,0.08713134594473325,1.0,0.0,0.0
15113,10,3,3509.04,5,3,5,535,13,Potential Loyalists,1.94634235990646,0.9652461605483135,750.5316359897444,5319.160665615898
15114,30,12,3400.12,4,5,5,455,14,Loyal Customers,2.1411606479941554,0.9908128837692367,275.9267740111484,2193.457205535536
15115,18,2,531.85,5,2,2,522,9,Potential Loyalists,0.17305320571457578,0.9256394086623789,416.3185740139103,267.62371267103254
15116,18,4,1352.75,5,3,4,534,12,Potential Loyalists,1.197511100192847,0.9777257315470221,310.2794018712864,1369.0751280528075
15117,15,8,2485.9700000000003,5,4,4,544,13,Champions,0.8494534669853199,0.9905718682686784,365.6093017350002,1155.632697291588
15118,134,1,244.8,3,1,1,311,5,About to Sleep,0.29445651294201736,1.0,0.0,0.0
15119,246,1,266.4,2,1,1,211,4,Hibernating,0.1894298516750577,1.0,0.0,0.0
15120,134,1,358.82,3,1,2,312,6,About to Sleep,0.2959364176547523,1.0,0.0,0.0
15121,50,2,457.72,4,2,2,422,8,Potential Loyalists,0.3836546753455318,0.9092412415676416,201.33111480931598,284.5850014238737
15122,114,11,4487.27,3,5,5,355,13,Loyal Customers,1.2323704757757923,0.9692440156906696,431.3303773108451,1978.2305277372004
15123,7,5,4656.17,5,4,5,545,14,Champions,0.5926116731367888,0.9866270414530135,1098.642173298319,2421.6563748577773
15124,23,4,450.82,4,3,2,432,9,Potential Loyalists,0.4506767925708145,0.9803231361323956,113.41234592591758,190.0788528217926
15125,25,24,17024.87,4,5,5,455,14,Loyal Customers,1.921445992888868,0.9941072118470615,1010.5857600472602,7228.00542534346
15126,537,2,449.49,1,2,2,122,5,Hibernating,0.12231013443161894,0.6173007680517103,315.72711160473125,143.3797057499099
15127,66,2,711.5,3,2,3,323,8,About to Sleep,0.23315558928406238,0.9139690738333722,496.74815067477067,429.0553025279966
15128,60,5,1783.68,3,4,4,344,11,Loyal Customers,0.8275642016776932,0.9768645807269751,385.4582989657738,1183.311437418937
15129,50,23,6860.18,4,5,5,455,14,Loyal Customers,2.7246010339421534,0.9884096863456291,331.04173398729023,3357.55811446474
15130,170,1,330.11,3,1,2,312,6,About to Sleep,0.25061342044506796,1.0,0.0,0.0
15131,395,1,80.28,2,1,1,211,4,Hibernating,0.12815315705728378,1.0,0.0,0.0
15132,18,5,977.9300000000001,5,4,3,543,12,Champions,1.2617827122778402,0.9834108895764596,174.56470606471407,813.8300404223062
15133,128,5,1806.9,3,4,4,344,11,Loyal Customers,0.6887362421466119,0.9609299441683017,337.6567270683148,863.8633694058142
15134,15,10,1596.29,5,5,4,554,14,Champions,1.7736855678444172,0.9928636264199499,171.8008220908731,1131.1895705464888
15135,239,2,305.68,2,2,2,222,6,Hibernating,0.20439320125834592,0.8519560318557791,172.8501807071866,130.9541236808379
15136,3,4,1286.7,5,3,4,534,12,Potential Loyalists,1.444381739168015,0.9708084973286658,387.4938812605961,2046.4381881033664
15137,521,2,823.4,1,2,3,123,6,Hibernating,0.12738703774670423,0.6369423122251756,525.8708745334533,248.70465557894775
15138,394,1,502.52,2,1,2,212,5,Hibernating,0.12843187955950816,1.0,0.0,0.0
15139,240,2,178.96,2,2,1,221,5,Hibernating,0.2745548593658361,0.7391300600310472,73.32433147869943,74.28276847882374
15140,52,8,3243.69,4,4,5,445,13,Loyal Customers,1.16266158586019,0.9831333048036048,404.7403033351861,1746.832561137405
15141,458,7,1388.47,1,4,4,144,9,At Risk,0.11887175431536186,0.16010131107094053,229.4995223320387,101.48368975657328
15142,46,6,2619.92,4,4,4,444,12,Loyal Customers,0.7281191345740264,0.9811230311240314,571.7976504842478,1546.1156337124644
15143,226,2,563.63,2,2,2,222,6,Hibernating,0.24740393523099574,0.8254117057168997,318.6454386109443,291.5712568203927
15144,8,29,12160.31,5,5,5,555,15,Champions,2.686547075489498,0.9973836875006626,516.6870081907272,5172.453090805534
15145,4,4,1194.73,5,3,3,533,11,Potential Loyalists,1.0329433414824842,0.9815768585972039,274.67906064408555,1047.2288819326295
15146,165,2,1327.16,3,2,4,324,9,About to Sleep,0.3436706635376779,0.8214015468338075,601.3840994743032,761.5512789807765
15147,240,1,623.5,2,1,3,213,6,Hibernating,0.19252062212463708,1.0,0.0,0.0
15148,11,1,301.29,5,1,2,512,8,New Customers,,1.0,0.0,0.0
15149,134,4,1524.6100000000001,3,3,4,334,10,Need Attention,0.3187826963525499,0.9520337198088191,659.6900422425709,781.5592480509423
15150,17,13,8977.94,5,5,5,555,15,Champions,1.7164279498542594,0.993913825860938,642.6834362927602,4102.489437740848
15151,423,2,2085.61,1,2,4,124,7,Hibernating,0.15069975465681335,0.5806321555637741,1356.1772901434917,756.9861150591089
15152,10,14,5263.83,5,5,5,555,15,Champions,1.5986949564758937,0.9956728768432486,370.29866338487363,2205.1265838064774
15153,31,1,329.25,4,1,2,412,7,Promising,,1.0,0.0,0.0
15154,75,3,1343.72,3,3,4,334,10,Need Attention,0.24962455124115668,0.9098628682907693,312.3849611743793,288.6685539696077
15155,383,1,383.96999999999997,2,1,2,212,5,Hibernating,0.13128732736839993,1.0,0.0,0.0
15156,1,3,961.49,5,3,3,533,11,Potential Loyalists,2.381544804796131,0.970971204672991,354.5716082584099,3066.5846580406346
15157,4,5,2654.11,5,4,4,544,13,Champions,0.5211325349861065,0.9870098362284703,577.550672123919,1120.4719421884238
15158,45,2,606.02,4,2,3,423,9,Potential Loyalists,0.29283825250353235,0.9160820204029557,490.53611020096446,530.9253959631493
15159,2,34,22116.73,5,5,5,555,15,Champions,4.106868143632876,0.9977474588658585,948.9635002268935,14476.253548527677
15160,357,4,589.27,2,3,2,232,7,At Risk,0.19808875638997703,0.292418199789873,173.9860080318815,127.7692575394901
15161,388,1,119.92,2,1,1,211,4,Hibernating,0.12984389339853405,1.0,0.0,0.0
15162,731,1,312.9,1,1,2,112,4,Hibernating,0.07403029566066299,1.0,0.0,0.0
15163,18,2,304.47,5,2,2,522,9,Potential Loyalists,0.5330167828809291,0.9196737272269832,185.46800950583406,362.76502065603023
15164,69,9,2028.1100000000001,3,5,4,354,12,Loyal Customers,1.0183437473400747,0.9862783610573517,233.62707077032604,885.9073751492899
15165,373,1,487.75,2,1,2,212,5,Hibernating,0.13427274956574617,1.0,0.0,0.0
15166,468,1,167.16,1,1,1,111,3,Hibernating,0.11062886803567373,1.0,0.0,0.0
15167,321,5,1627.62,2,4,4,244,10,At Risk,0.38968304811218574,0.8737016521314142,343.9298635740153,498.5201829218561
15168,26,1,106.56,4,1,1,411,6,Promising,,1.0,0.0,0.0
15169,382,2,569.22,2,2,2,222,6,Hibernating,0.1529146796203879,0.811766573932442,262.4585618108251,149.07428636550512
15170,407,1,81.15,2,1,1,211,4,Hibernating,0.1249005254487107,1.0,0.0,0.0
15171,331,1,1289.5,2,1,4,214,7,Hibernating,0.14845249807048938,1.0,0.0,0.0
15172,9,5,1624.05,5,4,4,544,13,Champions,1.3739473714250772,0.9855370240660631,334.9200557113245,1698.7052874251976
15173,381,7,1494.6,2,4,4,244,10,At Risk,0.29833426074536706,0.3394294022817883,189.19795118635344,209.99546210521825
15174,323,2,481.46,2,2,2,222,6,Hibernating,0.2069488584664003,0.6598929573642959,168.85413127959185,129.1808669026143
15175,72,1,224.14,3,1,1,311,5,About to Sleep,,1.0,0.0,0.0
15176,668,1,988.04,1,1,3,113,5,Hibernating,0.08048430577383994,1.0,0.0,0.0
15177,426,1,948.93,1,1,3,113,5,Hibernating,0.12007538610385204,1.0,0.0,0.0
15178,260,1,40.5,2,1,1,211,4,Hibernating,0.18072642592044869,1.0,0.0,0.0
15179,18,13,7491.92,5,5,5,555,15,Champions,1.4153977444419314,0.9946706179123214,569.2852483928338,3002.100890758244
15180,367,3,816.9300000000001,2,3,3,233,8,At Risk,0.2894610174377567,0.7918150278587479,201.43456730996098,216.5477699269505
15181,66,5,1200.2,3,4,3,343,10,Loyal Customers,0.5166531547537255,0.9809918297032135,272.1438990916136,523.4406290131011
15182,154,11,2998.9500000000003,3,5,5,355,13,Loyal Customers,0.7982770591110399,0.960211561434435,418.43967271585393,1243.1950318273825
15183,548,3,639.93,1,3,3,133,7,At Risk,0.07069224226054537,0.19189867708725886,192.567297306544,50.55418811769277
15184,29,4,685.39,4,3,3,433,10,Potential Loyalists,0.40929861275735546,0.97987384582071,200.25806899318758,305.0191162062196
15185,70,1,310.62,3,1,2,312,6,About to Sleep,,1.0,0.0,0.0
15186,14,5,1403.2,5,4,4,544,13,Champions,0.5432359306497997,0.986093580767764,325.0267404427395,657.1276502561695
15187,2,15,4762.18,5,5,5,555,15,Champions,4.104431849606462,0.9958130797284358,366.5093825361938,5555.91072836544
15188,725,1,310.43,1,1,2,112,4,Hibernating,0.0745910409712512,1.0,0.0,0.0
15189,1,46,17524.38,5,5,5,555,15,Champions,6.687633766377532,0.9987949675990154,414.2329832538537,10302.699775752093
15190,434,1,834.4399999999999,1,1,3,113,5,Hibernating,0.11791766702841615,1.0,0.0,0.0
15191,463,3,588.05,1,3,2,132,6,At Risk,0.14345317931277735,0.7249722704921271,301.5108630350459,160.59473184297764
15192,120,5,1666.39,3,4,4,344,11,Loyal Customers,0.5474996823180948,0.971622187928626,355.17717416087106,723.6115997548447
15193,61,1,499.32,3,1,2,312,6,About to Sleep,,1.0,0.0,0.0
15194,3,28,12021.53,5,5,5,555,15,Champions,2.991275122417568,0.9979926612838673,452.6177431774057,5045.513206656614
15195,3,1,3861.0,5,1,5,515,11,New Customers,,1.0,0.0,0.0
15196,433,2,313.7,1,2,2,122,5,Hibernating,0.14622566932473754,0.7762571317769946,203.06273622794038,110.29267422533854
15197,11,6,1877.51,5,4,4,544,13,Champions,0.6353332540801608,0.989240312459055,365.37707192032934,864.3607342815186
15198,92,5,571.35,3,4,2,342,9,Loyal Customers,0.5431113112633769,0.9767949649980826,129.18614691599436,261.10804743164005
15199,59,10,3122.4,3,5,5,355,13,Loyal Customers,1.340421883325767,0.9863537934756905,320.105529290411,1596.1157187440624
15200,495,1,549.05,1,1,2,112,4,Hibernating,0.10530363291046835,1.0,0.0,0.0
15201,87,7,1842.95,3,4,4,344,11,Loyal Customers,0.737150806143608,0.9783430652203959,321.93156614548485,882.6962044784118
15203,26,15,4400.18,4,5,5,455,14,Loyal Customers,1.5362911476446555,0.9943092310729119,323.4252310645061,1851.2385679452923
15204,357,1,316.58,2,1,2,212,5,Hibernating,0.13934277869762166,1.0,0.0,0.0
15205,85,2,653.24,3,2,3,323,8,About to Sleep,0.6425879123490895,0.8280993482094412,218.73209368038744,513.7294348195896
15206,10,4,420.29999999999995,5,3,2,532,10,Potential Loyalists,0.9496710811406166,0.980409983663521,143.77880000848327,504.4249741636909
15207,416,3,683.9200000000001,1,3,3,133,7,At Risk,0.24208183862317073,0.6196775832805448,153.1438201696722,137.61177471949412
15208,1,6,970.52,5,4,3,543,12,Champions,1.0334330704564572,0.9898642036598294,181.07040302154124,694.2633140873844
15209,730,1,178.98000000000002,1,1,1,111,3,Hibernating,0.07412316681440967,1.0,0.0,0.0
15210,225,3,1176.19,2,3,3,233,8,At Risk,0.3419515192871509,0.9153755575495366,480.86037400194834,610.5726200083824
15211,60,2,894.4100000000001,3,2,3,323,8,About to Sleep,0.3151017410969889,0.9096094298015822,623.6651023433161,725.6971053924383
15212,241,2,208.28,2,2,1,221,5,Hibernating,0.2618086986527854,0.7750929583847104,127.7432591381253,123.53685932218619
15213,319,2,328.35,2,2,2,222,6,Hibernating,0.1687993924855354,0.4464955615477538,22.81668856204049,14.208440838574646
15214,2,8,1661.44,5,4,4,544,13,Champions,2.2323033620998642,0.9928169784690605,168.507683644278,1390.0636268084534
15215,47,7,2422.43,4,4,4,444,12,Loyal Customers,0.7411681347847588,0.9851309005455502,420.5822478884506,1159.4806934944597
15216,88,2,486.09,3,2,2,322,7,About to Sleep,0.19885074645155568,0.9115611041098806,121.44645397949124,89.59180811427984
15217,563,1,426.24,1,1,2,112,4,Hibernating,0.09376970240868368,1.0,0.0,0.0
15218,11,22,11453.83,5,5,5,555,15,Champions,2.3623237588630634,0.9967440894177997,588.7220297153166,5180.314206069963
15219,176,2,685.45,3,2,3,323,8,About to Sleep,0.18592300976985646,0.8897151005720694,374.7112230041668,258.55213155986155
15220,52,6,1778.96,4,4,4,444,12,Loyal Customers,1.4411182697849312,0.9754124276592515,303.89523674243964,1619.6210277178375
15221,366,4,2062.2000000000003,2,3,4,234,9,At Risk,0.36952523800935716,0.7880782585055025,616.6511257027886,847.286326099085
15222,319,11,3550.91,2,5,5,255,12,Cannot Lose Them,0.5473403746330291,0.44942840692115427,317.3316598866696,647.0077117851458
15223,226,5,1417.95,2,4,4,244,10,At Risk,0.494662970151006,0.9427793928016861,311.4217983098505,573.5069018054829
15224,358,5,871.36,2,4,3,243,9,At Risk,0.43982374645909067,0.7952288251999853,206.92381914928,338.70369090809913
15225,234,1,409.40000000000003,2,1,2,212,5,Hibernating,0.19636556440576544,1.0,0.0,0.0
15226,311,1,154.41,2,1,1,211,4,Hibernating,0.1567294497921289,1.0,0.0,0.0
15227,37,9,2488.4900000000002,4,5,4,454,13,Loyal Customers,0.9774692898521808,0.9895119535746958,316.1676934403621,1150.0901586778498
15228,66,6,5580.2699999999995,3,4,5,345,12,Loyal Customers,0.885036827251001,0.9798774805368705,958.0872437358657,3149.7382644018057
15229,586,1,160.5,1,1,1,111,3,Hibernating,0.09046699325793352,1.0,0.0,0.0
15230,239,2,429.6,2,2,2,222,6,Hibernating,0.2404801749283619,0.49243767122741217,76.40007861387838,67.56952556280069
15231,621,1,250.26,1,1,1,111,3,Hibernating,0.08586498797372773,1.0,0.0,0.0
15232,113,2,612.06,3,2,3,323,8,About to Sleep,0.5591414938177318,0.769417896135335,369.80698052484604,756.4525383672236
15233,401,1,59.400000000000006,2,1,1,211,4,Hibernating,0.12623549265081194,1.0,0.0,0.0
15234,277,1,197.0,2,1,1,211,4,Hibernating,0.17228420714432874,1.0,0.0,0.0
15235,218,16,2772.76,2,5,4,254,11,Cannot Lose Them,0.223699166696799,0.09647736562865206,219.91621353395232,182.53869436514006
15236,299,1,321.05,2,1,2,212,5,Hibernating,0.1618876885538706,1.0,0.0,0.0
15237,2,4,1412.32,5,3,4,534,12,Potential Loyalists,1.108056188211664,0.9821953814333503,168.83351331748742,689.9596146540556
15238,29,3,1071.99,4,3,3,433,10,Potential Loyalists,0.9233576812019895,0.9610314650920753,424.76489569744143,1442.2213610683846
15239,10,2,780.59,5,2,3,523,10,Potential Loyalists,0.9588036363416718,0.9196095411534722,390.51378210420035,1362.8415870943077
15240,45,12,4459.98,4,5,5,455,14,Loyal Customers,1.3027118990823177,0.9915502135136848,361.5341807224271,1754.6550929253658
15241,67,11,3050.16,3,5,5,355,13,Loyal Customers,1.3169278752109153,0.986593519332131,280.7107813517795,1376.3014409772375
15242,422,1,302.04,1,1,2,112,4,Hibernating,0.12081229463947804,1.0,0.0,0.0
15243,74,2,927.2800000000001,3,2,3,323,8,About to Sleep,0.27060517604976975,0.9082648062519627,387.946623077988,388.29844002072514
15244,65,3,912.08,3,3,3,333,9,Need Attention,0.3153060798049897,0.9640726946519504,347.9334790155801,407.78653041835696
15245,134,8,4610.84,3,4,5,345,12,Loyal Customers,1.0041624711647796,0.9611523364571015,600.9937290046572,2245.0200369361064
15246,238,3,780.4,2,3,3,233,8,At Risk,0.34865455877140605,0.9041490114279928,283.6224942224226,367.09357213589277
15247,122,3,976.06,3,3,3,333,9,Need Attention,0.3770802366974534,0.9494701452126487,365.9692542603313,512.1678823674598
15248,411,3,1893.93,1,3,4,134,8,At Risk,0.24213159547875487,0.606637129940543,369.54026108073145,332.06943556117983
15249,32,18,9266.0,4,5,5,455,14,Loyal Customers,2.1666715238810537,0.9935871064028279,536.3876710189094,4326.448905779312
15250,641,1,60.0,1,1,1,111,3,Hibernating,0.08355763297753949,1.0,0.0,0.0
15251,9,21,20324.54,5,5,5,555,15,Champions,2.2510496731566723,0.9966875771176348,1091.582724860057,9152.30742392147
15252,36,5,2103.41,4,4,4,444,12,Loyal Customers,0.6100141276586573,0.9835734994877371,394.4420042704308,894.7680637496641
15253,16,8,2055.09,5,4,4,544,13,Champions,0.7734067939058479,0.9884768673068473,341.35626189733983,981.7281319511061
15254,127,3,1088.35,3,3,3,333,9,Need Attention,0.36317034522176256,0.9493882572728788,351.46066980137414,473.867221688572
15255,67,9,3706.02,3,5,5,355,13,Loyal Customers,0.8491289016129998,0.9865245623853667,505.3275057713572,1598.2261746673162
15256,149,2,170.4,3,2,1,321,6,About to Sleep,0.21227142015837325,0.891914453692608,123.6866635070822,97.32614774633655
15257,283,2,685.9,2,2,3,223,7,Hibernating,0.23130490706029552,0.7437646391139755,388.51575739040294,332.2428276368869
15258,169,2,623.16,3,2,3,323,8,About to Sleep,0.3897851194959607,0.7379796400291437,376.8303401248609,539.6521397835764
15259,513,4,1182.3799999999999,1,3,3,133,7,At Risk,0.19503263183130407,0.6093804080123435,483.90558840707484,350.86669651572623
15260,100,25,8767.73,3,5,5,355,13,Loyal Customers,2.1431555879280486,0.9660590972333388,452.4570171923718,3613.3222524915213
15261,135,4,1508.0,3,3,4,334,10,Need Attention,0.6240922004796313,0.9459438521159104,227.6731627791841,526.8840287266969
15262,324,3,418.82,2,3,2,232,7,At Risk,0.331431429873111,0.7665896507235481,161.81391801736157,198.89577552137416
15263,107,1,156.51,3,1,1,311,5,About to Sleep,0.3424252436554604,1.0,0.0,0.0
15264,64,2,848.4,3,2,3,323,8,About to Sleep,0.22898489680921447,0.9145184708710653,481.26043183266887,408.31518228391604
15265,151,4,3345.64,3,3,5,335,11,Need Attention,0.3947239755939257,0.9629748667794233,1081.1718802940925,1588.3260914989169
15266,338,5,852.21,2,4,3,243,9,At Risk,0.45724397637525815,0.8354548571190706,168.30460300837032,286.42107415258465
15267,22,5,1717.36,4,4,4,444,12,Loyal Customers,1.666245181555214,0.9803296288431447,179.12321117129588,1099.3249753871482
15268,479,3,961.9000000000001,1,3,3,133,7,At Risk,0.136970427154686,0.6159475902585185,506.1570306906528,257.1547514020928
15269,24,3,1225.3600000000001,4,3,4,434,11,Potential Loyalists,0.5085156448640464,0.9676851552139814,409.5443006761345,770.9620836505254
15270,16,21,8524.86,5,5,5,555,15,Champions,1.5552833665760424,0.9952117088387781,624.7830641412237,3620.1341048892436
15271,7,24,4528.54,5,5,5,555,15,Champions,3.822806014200599,0.9972226641515043,172.88417837259829,2457.0517739428665
15272,57,6,2030.95,4,4,4,444,12,Loyal Customers,0.6885467833482116,0.9841746025881619,331.4574170491842,849.3223276311678
15273,600,1,228.96,1,1,1,111,3,Hibernating,0.08870119173165267,1.0,0.0,0.0
15274,4,2,716.57,5,2,3,523,10,Potential Loyalists,1.6631828966483133,0.9223640504357594,407.20031577458064,2446.3051263301613
15275,38,1,615.14,4,1,3,413,8,Promising,,1.0,0.0,0.0
15276,66,4,619.8,3,3,3,333,9,Need Attention,0.4596243559859391,0.9592594707878805,134.20981621549524,228.55888342315941
15277,47,2,476.34,4,2,2,422,8,Potential Loyalists,0.27861832497591077,0.9164659024801466,314.3466581661076,323.8803282825394
15278,562,4,496.15999999999997,1,3,2,132,6,At Risk,0.10792263519009264,0.5287598547567561,293.2039239219248,117.45937567673224
15279,355,5,1580.54,2,4,4,244,10,At Risk,0.4453967234426528,0.7861732960381029,322.04959748608997,533.7410312205959
15280,172,3,397.52,3,3,2,332,8,Need Attention,0.3521561124882813,0.9367998348473757,146.95480528155534,192.15454696287938
15281,59,16,8543.57,3,5,5,355,13,Loyal Customers,2.627015372973501,0.9787036874662409,345.704189326353,3372.5243854601003
15282,570,1,348.59,1,1,2,112,4,Hibernating,0.09273927099149205,1.0,0.0,0.0
15283,390,3,148.33,2,3,1,231,6,At Risk,0.2625369508486562,0.6401882233224409,28.72271290122033,27.978958151751076
15284,500,1,24.75,1,1,1,111,3,Hibernating,0.10418917179659691,1.0,0.0,0.0
15285,408,1,94.92,2,1,1,211,4,Hibernating,0.12463691571027861,1.0,0.0,0.0
15286,50,1,240.55,4,1,1,411,6,Promising,,1.0,0.0,0.0
15287,22,5,856.03,4,4,3,443,11,Loyal Customers,0.5151369779091094,0.9854887089107462,209.50366120214485,401.79545087133965
15288,43,10,3706.53,4,5,5,455,14,Loyal Customers,1.0569218644255105,0.9897230094996957,431.3572597881867,1697.2982279420046
15289,29,5,1593.09,4,4,4,444,12,Loyal Customers,0.6016360842848117,0.9844225420970765,302.4616174008124,676.7636806160111
15290,5,26,10496.28,5,5,5,555,15,Champions,2.960736821725581,0.9976523971410618,447.8636186231421,4938.206234956442
15291,26,39,13472.76,4,5,5,455,14,Loyal Customers,4.216468898045318,0.9958006994593338,354.25019544384133,5566.76582556047
15292,201,1,178.39,2,1,1,211,4,Hibernating,0.2206030353824891,1.0,0.0,0.0
15293,666,1,247.5,1,1,1,111,3,Hibernating,0.08070418255446399,1.0,0.0,0.0
15294,411,1,233.35,1,1,1,111,3,Hibernating,0.12385272597185656,1.0,0.0,0.0
15295,654,1,207.04,1,1,1,111,3,Hibernating,0.08193531515720132,1.0,0.0,0.0
15296,51,12,10323.03,4,5,5,455,14,Loyal Customers,1.1443473477811055,0.9895616538653286,1032.9121725760551,4401.609741867504
15297,10,3,641.94,5,3,3,533,11,Potential Loyalists,1.8081264063961768,0.9650110209803059,227.3900908097714,1498.620319743203
15298,2,23,9061.77,5,5,5,555,15,Champions,2.444508499214709,0.9976178120282879,420.7284142543512,3832.4297824038667
15299,67,9,5556.53,3,5,5,355,13,Loyal Customers,0.6580256265900962,0.983207783449685,1000.5981924609889,2450.9836949091555
15300,64,1,496.44,3,1,2,312,6,About to Sleep,,1.0,0.0,0.0
15301,51,17,6909.67,4,5,5,455,14,Loyal Customers,2.3537894907872845,0.9851979179837014,498.2530991699026,4356.576573980081
15302,730,1,308.0,1,1,2,112,4,Hibernating,0.07412316681440967,1.0,0.0,0.0
15303,290,3,1224.18,2,3,4,234,9,At Risk,0.2885566347913073,0.9028036319636275,506.99116164018335,543.8886180019311
15304,61,9,796.4000000000001,3,5,3,353,11,Loyal Customers,1.5742806765579742,0.9810649777552362,89.20378556051817,521.2563326418269
15305,555,1,93.6,1,1,1,111,3,Hibernating,0.09497575164776721,1.0,0.0,0.0
15306,64,9,3484.73,3,5,5,355,13,Loyal Customers,1.062206537191834,0.9864904457612509,396.2414311440105,1566.8376575565173
15307,96,1,205.3,3,1,1,311,5,About to Sleep,0.3658580343353406,1.0,0.0,0.0
15308,274,1,310.47,2,1,2,212,5,Hibernating,0.17329603994712175,1.0,0.0,0.0
15309,611,4,797.96,1,3,3,133,7,At Risk,0.08996881224894178,0.2186691111172714,186.81416279814425,62.55217451815467
15310,479,1,1634.64,1,1,4,114,6,Hibernating,0.1083955852073293,1.0,0.0,0.0
15311,1,207,114671.42,5,5,5,555,15,Champions,21.941367281029894,0.999760705081106,584.3788823390736,47792.53790981248
15312,75,12,2930.19,3,5,5,355,13,Loyal Customers,1.3135720231210448,0.9860419461248661,241.29658876987122,1180.764790256761
15313,110,1,52.0,3,1,1,311,5,About to Sleep,0.33463404644692923,1.0,0.0,0.0
15314,199,3,820.4499999999999,2,3,3,233,8,At Risk,0.4345998626065323,0.8961225009348158,192.49609625030905,309.9367900812345
15315,64,2,570.5,3,2,2,322,7,About to Sleep,0.7087327680905412,0.8609288931091166,412.5041631966608,1067.6803690924703
15316,327,1,165.0,2,1,1,211,4,Hibernating,0.15034281126673696,1.0,0.0,0.0
15317,677,1,129.75,1,1,1,111,3,Hibernating,0.07940265810214428,1.0,0.0,0.0
15318,4,1,312.62,5,1,2,512,8,New Customers,,1.0,0.0,0.0
15319,284,1,204.5,2,1,1,211,4,Hibernating,0.16883409459934776,1.0,0.0,0.0
15320,44,1,267.13,4,1,1,411,6,Promising,,1.0,0.0,0.0
15321,71,12,6709.7300000000005,3,5,5,355,13,Loyal Customers,0.7981894395503087,0.9840907852395857,1081.6961603814862,3213.913295918368
15322,86,2,1390.86,3,2,4,324,9,About to Sleep,0.2496952716930338,0.9067701169649148,827.5120601134039,764.8754631738321
15323,563,3,434.6,1,3,2,132,6,At Risk,0.1283610632044505,0.38978919676967777,180.79173800614464,86.25689757459517
15324,701,1,140.22000000000003,1,1,1,111,3,Hibernating,0.07692165357798489,1.0,0.0,0.0
15325,104,8,1601.46,3,4,4,344,11,Loyal Customers,0.8069719190661181,0.9774059324133723,238.5335325344493,716.4409417940122
15326,334,5,1700.52,2,4,4,244,10,At Risk,0.4506993869076415,0.8632911505701578,364.9973024208641,612.4501674844064
15327,53,1,208.75,4,1,1,411,6,Promising,,1.0,0.0,0.0
15328,408,1,107.24,2,1,1,211,4,Hibernating,0.12463691571027861,1.0,0.0,0.0
15329,39,11,2958.83,4,5,5,455,14,Loyal Customers,1.2047313314936055,0.9917332612025982,269.10360241476974,1207.6883421566154
15330,32,2,714.96,4,2,3,423,9,Potential Loyalists,1.0581751228262937,0.8866644146208259,482.2533895692227,1853.8723703470744
15331,500,3,767.91,1,3,3,133,7,At Risk,0.1273403326666257,0.5760586394957299,491.65016034441504,232.23494588066552
15332,366,6,4892.68,2,4,5,245,11,At Risk,0.3307625493760027,0.5807604203409057,1128.9280040377382,1386.3716960169832
15333,208,1,1028.56,2,1,3,213,6,Hibernating,0.21497360001347654,1.0,0.0,0.0
15334,157,3,347.87,3,3,2,332,8,Need Attention,0.660285112111948,0.6568108356763086,129.83916676353306,315.0696338520054
15335,54,1,170.22,4,1,1,411,6,Promising,,1.0,0.0,0.0
15336,402,1,240.5,2,1,1,211,4,Hibernating,0.12623549265081194,1.0,0.0,0.0
15337,411,1,373.02,1,1,2,112,4,Hibernating,0.12359351935798644,1.0,0.0,0.0
15338,677,1,277.93,1,1,1,111,3,Hibernating,0.07940265810214428,1.0,0.0,0.0
15339,66,7,1821.02,3,4,4,344,11,Loyal Customers,0.6821087342688451,0.9830123883757076,350.0573817460745,888.6441999794506
15340,562,1,105.5,1,1,1,111,3,Hibernating,0.09406833262778865,1.0,0.0,0.0
15341,81,2,2402.7200000000003,3,2,4,324,9,About to Sleep,0.26287423867012377,0.9070092907714368,2451.1674887485747,2383.9780496579983
15342,130,1,406.09,3,1,2,312,6,About to Sleep,0.302008321344521,1.0,0.0,0.0
15343,87,1,364.5,3,1,2,312,6,About to Sleep,,1.0,0.0,0.0
15344,1,3,563.94,5,3,2,532,10,Potential Loyalists,1.6758252311164903,0.9717505531517948,141.82285222831155,867.2775109564735
15345,46,1,393.54,4,1,2,412,7,Promising,,1.0,0.0,0.0
15346,333,3,596.12,2,3,2,232,7,At Risk,0.3077452227868941,0.6384173830725486,184.75708913800005,210.65838422852582
15347,366,4,1162.0,2,3,3,233,8,At Risk,0.2025404155140903,0.3088397411671743,215.8111007718703,162.09250112209543
15348,72,1,158.04,3,1,1,311,5,About to Sleep,,1.0,0.0,0.0
15349,158,2,463.90999999999997,3,2,2,322,7,About to Sleep,0.41969668100464913,0.7100557226109018,134.88771114503703,207.68745212753913
15350,373,2,547.6,2,2,2,222,6,Hibernating,0.1293250428167269,0.3889455862763428,144.5145574933333,69.04682241568823
15351,12,10,3430.22,5,5,5,555,15,Champions,1.7385100377221527,0.9931818607942344,312.9537823265748,2020.0529673583385
15352,549,1,111.15,1,1,1,111,3,Hibernating,0.09605679660467623,1.0,0.0,0.0
15353,255,7,2794.4700000000003,2,4,4,244,10,At Risk,0.6757198871096757,0.904162659100985,433.659859196042,1091.3480847402795
15355,29,2,277.05,4,2,1,421,7,Potential Loyalists,1.1241337172270292,0.8889142384582307,187.07853851756164,763.3669770466431
15356,31,13,3239.57,4,5,5,455,14,Loyal Customers,2.3201238325838345,0.9908119145051772,257.4877266606522,2218.113697397044
15358,5,42,16425.86,5,5,5,555,15,Champions,3.3450664862179122,0.9981120655653506,554.4735522230333,6911.937766874775
15359,663,8,181.35,1,4,1,141,6,At Risk,0.011289763951938528,0.02599877592247428,62.97027198431514,2.644858869066941
15360,40,1,427.93,4,1,2,412,7,Promising,,1.0,0.0,0.0
15361,362,4,689.07,2,3,3,233,8,At Risk,0.36241551724682086,0.6693814650390204,219.88779988655568,295.9930629944946
15362,449,2,613.08,1,2,3,123,6,Hibernating,0.14261515142135273,0.7685700538849947,370.5698626882959,196.32741061430426
15363,373,2,678.11,2,2,3,223,7,Hibernating,0.17973940790855547,0.672019327324832,399.23243540077056,265.70554921146635
15364,96,2,913.19,3,2,3,323,8,About to Sleep,0.40966262919803265,0.8773808769758927,708.4903333745306,1068.0275786915868
15365,26,13,4557.13,4,5,5,455,14,Loyal Customers,0.803779871496738,0.9896414425515777,727.057404553614,2175.3287398508915
15366,75,7,2389.08,3,4,4,344,11,Loyal Customers,0.8228332029839727,0.9828809223289577,356.37625977301406,1091.3230727000755
15367,57,11,5081.33,4,5,5,455,14,Loyal Customers,0.9704068322776582,0.9884323929966923,549.3871298877198,1985.8097906635649
15368,21,2,722.74,4,2,3,423,9,Potential Loyalists,0.2994932285422691,0.9228333384454506,545.6815923017713,603.9350546827151
15369,492,11,6251.26,1,5,5,155,11,Cannot Lose Them,0.06830085682360797,0.07885683659793637,870.5175639307926,221.45160182237174
15370,41,8,3739.01,4,4,5,445,13,Loyal Customers,1.4322261406451275,0.9862989801135028,350.10356472636767,1860.6295434109413
15371,662,1,59.400000000000006,1,1,1,111,3,Hibernating,0.08103626039898158,1.0,0.0,0.0
15372,137,8,6017.06,3,4,5,345,12,Loyal Customers,0.6772196537529466,0.967984165660005,1158.0451529817583,2918.544989615845
15373,8,17,3084.54,5,5,5,555,15,Champions,2.157965310061814,0.9961406709443906,200.27447092938644,1608.280766778639
15374,129,2,307.32,3,2,2,322,7,About to Sleep,0.19501269990098544,0.9018161799101192,207.9064325038127,150.42511818058819
15375,690,1,60.959999999999994,1,1,1,111,3,Hibernating,0.07803924862653187,1.0,0.0,0.0
15376,40,3,1221.56,4,3,4,434,11,Potential Loyalists,0.7986705248999457,0.9583223609069517,319.24493035721196,939.1852260092267
15377,383,4,1211.75,2,3,4,234,9,At Risk,0.16071333007272665,0.3226414606972115,499.0330743548437,297.0524497431752
15378,463,2,246.5,1,2,1,121,4,Hibernating,0.11313300852054921,0.4298189004251031,169.76232433131793,71.12631730805548
15379,169,8,4877.84,3,4,5,345,12,Loyal Customers,1.2061572947541102,0.8131088911003707,543.0827008547474,2430.2076176215487
15380,9,11,3248.96,5,5,5,555,15,Champions,1.1886762390397554,0.9946300617799777,304.2223155738575,1347.2306433055578
15381,214,5,1890.5700000000002,2,4,4,244,10,At Risk,0.5971487481343937,0.9229277961420852,403.7733478658993,896.3429638252611
15382,15,12,13733.550000000001,5,5,5,555,15,Champions,1.0800478447696336,0.9936161208319176,1383.8995641670497,5568.031129906128
15384,170,4,2027.79,3,3,4,334,10,Need Attention,0.47563550229486323,0.9493299214245431,621.0533945384384,1097.8348658721036
15385,40,3,942.08,4,3,3,433,10,Potential Loyalists,0.31170306631589584,0.9673985312119593,349.41774718786303,404.89151766745005
15386,186,1,394.14,3,1,2,312,6,About to Sleep,0.23372024470622052,1.0,0.0,0.0
15387,492,1,468.65,1,1,2,112,4,Hibernating,0.1056804401948627,1.0,0.0,0.0
15388,270,1,140.54,2,1,1,211,4,Hibernating,0.17535583434502916,1.0,0.0,0.0
15389,172,5,2733.8,3,4,4,344,11,Loyal Customers,0.5382730885454214,0.9578172166829725,492.10222577112853,985.6947413366297
15390,396,2,1216.66,2,2,4,224,8,Hibernating,0.12024778319313568,0.38262442476591096,466.7656707271209,207.48643787671347
15391,584,1,289.87,1,1,2,112,4,Hibernating,0.09074491708452223,1.0,0.0,0.0
15392,5,7,2911.62,5,4,5,545,14,Champions,1.1983457804950859,0.9912991084271904,433.2273017365848,1926.8183192182858
15393,16,5,891.34,5,4,3,543,12,Champions,0.5238839971955821,0.9859702203764498,184.84748077187743,360.49035705592865
15394,10,11,5286.8,5,5,5,555,15,Champions,1.095522286589624,0.9939850605581181,565.7372188167178,2308.6282550004853
15395,326,1,107.45,2,1,1,211,4,Hibernating,0.15072667174350335,1.0,0.0,0.0
15396,113,2,796.38,3,2,3,323,8,About to Sleep,0.20787180872252142,0.9041077991966102,353.4352871123975,272.4318361113959
15397,290,1,94.0,2,1,1,211,4,Hibernating,0.16598511584556913,1.0,0.0,0.0
15398,16,2,1345.53,5,2,4,524,11,Potential Loyalists,0.9525844298909586,0.9136445642033422,865.0507062514147,2999.330909139526
15399,1,3,815.77,5,3,3,533,11,Potential Loyalists,1.6164554908512767,0.971228041533333,281.6781576867752,1662.3025906251503
15400,92,8,1302.3,3,4,4,344,11,Loyal Customers,1.0774308054323773,0.9765502602824665,162.9098178100599,652.7043667617497
15401,452,2,216.95000000000002,1,2,1,121,4,Hibernating,0.14471253616398114,0.6148436903085764,102.25330748634705,54.858398007920634
15402,149,6,1830.12,3,4,4,344,11,Loyal Customers,0.7442456742985637,0.9585171677625149,258.9722605098319,716.7516788051978
15403,492,2,170.88,1,2,1,121,4,Hibernating,0.13545055343070803,0.7226904603997429,95.43580497805672,48.017830684895394
15404,376,1,257.06,2,1,1,211,4,Hibernating,0.13366484280549756,1.0,0.0,0.0
15405,189,2,659.84,2,2,3,223,7,Hibernating,0.20417765885662245,0.878452523478324,427.20478139393344,323.4102773337731
15406,31,4,975.87,4,3,3,433,10,Potential Loyalists,0.44626722416095665,0.966856338416911,281.73840473435865,466.0170199664152
15407,34,4,1046.74,4,3,3,433,10,Potential Loyalists,0.8680915748094098,0.9753681568188133,313.33692620730045,1005.7486787224428
15408,264,1,267.18,2,1,1,211,4,Hibernating,0.17853913566251384,1.0,0.0,0.0
15409,721,1,131.25,1,1,1,111,3,Hibernating,0.0749696159663152,1.0,0.0,0.0
15410,84,10,4685.72,3,5,5,355,13,Loyal Customers,1.2839932224143742,0.9802929555617229,431.45387864466295,2061.2767400736802
15411,26,4,1348.93,4,3,4,434,11,Potential Loyalists,1.2990489894236237,0.9737007142462731,423.3193322709361,2024.1909685690139
15412,171,1,190.53,3,1,1,311,5,About to Sleep,0.24850000812787468,1.0,0.0,0.0
15413,692,5,6798.72,1,4,5,145,10,At Risk,0.003776102917691952,0.007232928038470208,1628.9787619509184,22.90094376795421
15414,10,3,774.9000000000001,5,3,3,533,11,Potential Loyalists,0.7552695100915086,0.9694768611052204,406.6086263575234,1132.0880709101014
15415,313,1,559.61,2,1,2,212,5,Hibernating,0.15549090314617023,1.0,0.0,0.0
15416,65,7,4572.82,3,4,5,345,12,Loyal Customers,0.6759127060457597,0.98337785072594,867.7253163141523,2182.9068352421245
15417,85,1,508.8,3,1,2,312,6,About to Sleep,,1.0,0.0,0.0
15418,425,2,449.42,1,2,2,122,5,Hibernating,0.15760702809821392,0.6886604622306564,298.6409729915915,174.54020246157003
15419,25,1,135.86,4,1,1,411,6,Promising,,1.0,0.0,0.0
15420,434,6,743.0,1,4,3,143,8,At Risk,0.34077671284638533,0.5346201736598104,134.6057184851806,170.8071847834534
15421,59,10,3805.34,3,5,5,355,13,Loyal Customers,0.9666483085562797,0.9883265987100807,455.92466714282926,1641.6357256514416
15422,323,7,1619.97,2,4,4,244,10,At Risk,0.5448456457056607,0.7862677694079659,274.4970973535377,556.6089967334974
15423,38,3,266.89,4,3,1,431,8,Potential Loyalists,0.3371034669133986,0.9672646658525248,64.09868384135022,80.27973166428986
15424,254,3,597.78,2,3,2,232,7,At Risk,0.2291821655411109,0.8122871890376225,468.66682151540067,397.5072046182016
15425,400,4,1941.1200000000001,2,3,4,234,9,At Risk,0.33846543795541784,0.7485815254916105,418.32962241702427,526.6141927279821
15426,19,9,2156.35,5,5,4,554,14,Champions,0.9115745429744255,0.989966940820986,301.5496017868081,1022.352910628755
15427,33,3,1430.54,4,3,4,434,11,Potential Loyalists,1.1688335657108293,0.8769916955839183,1301.4314129854445,5517.5267477156585
15428,15,4,762.75,5,3,3,533,11,Potential Loyalists,0.41035387608088053,0.9811531337959,205.95907791138043,314.50860671173376
15429,27,2,397.35,4,2,2,422,8,Potential Loyalists,0.9599289800886649,0.9013040201441889,191.3046635182602,668.2096888495462
15430,468,2,954.75,1,2,3,123,6,Hibernating,0.12344153540515242,0.49134374830027505,147.36022905540835,67.39632829352075
15431,503,1,153.24,1,1,1,111,3,Hibernating,0.10382291138917037,1.0,0.0,0.0
15432,23,2,320.76,4,2,2,422,8,Potential Loyalists,0.2271124467636547,0.9238004226487658,211.76928028382093,178.23279165496407
15433,214,2,533.3,2,2,2,222,6,Hibernating,0.31292730127399543,0.6975102277713099,199.01824983758695,229.28366893252456
15434,8,11,2567.06,5,5,4,554,14,Champions,1.154119031053415,0.9940273245404083,258.9451760963499,1112.8531870932536
15435,22,1,149.29,4,1,1,411,6,Promising,,1.0,0.0,0.0
15436,12,3,1067.75,5,3,3,533,11,Potential Loyalists,0.7747788226772269,0.9685743263702709,321.68767428650403,918.5032651781903
15437,262,2,393.45,2,2,2,222,6,Hibernating,0.18099954196343673,0.8564408798676597,246.8497505618264,165.80068113620806
15438,131,1,156.57999999999998,3,1,1,311,5,About to Sleep,0.298941446071619,1.0,0.0,0.0
15439,405,4,1269.05,2,3,4,234,9,At Risk,0.26321742319088126,0.7904940900308762,286.93608183951164,280.7019546389677
15440,55,3,383.68,4,3,2,432,9,Potential Loyalists,0.8324581921808609,0.950073994492126,143.2633043659883,439.0338137138913
15441,396,3,1254.21,2,3,4,234,9,At Risk,0.2541807878238526,0.8452235926532544,523.7836569029854,495.18180760826556
15442,249,1,594.0,2,1,2,212,5,Hibernating,0.18762264190518835,1.0,0.0,0.0
15443,2,14,5114.23,5,5,5,555,15,Champions,1.73321733906687,0.996245686832686,367.9409185897707,2374.276384341974
15444,9,2,1411.21,5,2,4,524,11,Potential Loyalists,1.3047149881637252,0.917360179280256,1306.6504957226969,6178.0374171812755
15445,264,2,284.5,2,2,1,221,5,Hibernating,0.1923339010663814,0.8455598462702166,141.91107074505192,101.22006599451599
15446,377,3,396.75,2,3,2,232,7,At Risk,0.2599658366510883,0.860110898512642,151.71979904497275,146.69421509095508
15447,331,5,492.88,2,4,2,242,8,At Risk,0.3989558404686528,0.8362948411595155,139.8790409595394,207.47678882473681
15448,313,2,788.81,2,2,3,223,7,Hibernating,0.16903948735608956,0.8384032917045449,603.442670391549,378.68173314088773
15449,26,3,974.52,4,3,3,433,10,Potential Loyalists,0.7078858890359272,0.9649502368273953,346.30680873082724,904.3239648017758
15450,30,1,429.84,4,1,2,412,7,Promising,,1.0,0.0,0.0
15451,434,2,226.86,1,2,1,121,4,Hibernating,0.15435537106093103,0.6879137400339425,152.32501773817745,87.20485007520715
15452,30,6,1785.1100000000001,4,4,4,444,12,Loyal Customers,0.8725352582794456,0.9866070535505804,190.04090738571665,616.0405726666315
15453,2,7,1371.77,5,4,4,544,13,Champions,2.362215185664882,0.9915326350769936,202.7394027643622,1765.6161213184362
15454,362,2,303.89,2,2,2,222,6,Hibernating,0.17147066875111092,0.7860467959938071,221.3476896693585,140.80597111629396
15455,598,1,38.25,1,1,1,111,3,Hibernating,0.08896835131168379,1.0,0.0,0.0
15456,283,10,2091.52,2,5,4,254,11,Cannot Lose Them,0.7655575459156037,0.7817434099046702,240.71642768302533,686.4287921863506
15457,262,1,237.07,2,1,1,211,4,Hibernating,0.1796261129241667,1.0,0.0,0.0
15458,25,2,370.43999999999994,4,2,2,422,8,Potential Loyalists,0.29405338823040067,0.9218564183171094,200.20495542517568,217.5933939673997
15459,417,2,202.82999999999998,1,2,1,121,4,Hibernating,0.15176467614172306,0.5725169065531769,131.61821615882317,73.97011250578524
15460,354,1,214.26,2,1,1,211,4,Hibernating,0.1403363796400747,1.0,0.0,0.0
15461,461,2,429.7,1,2,2,122,5,Hibernating,0.14563724529112376,0.68032330679103,270.5112068694628,146.1791845293443
15462,94,4,737.05,3,3,3,333,9,Need Attention,0.6219648502374853,0.9635143723252386,84.32693791932081,194.52254909795914
15463,29,1,126.14,4,1,1,411,6,Promising,,1.0,0.0,0.0
15464,338,1,1044.65,2,1,3,213,6,Hibernating,0.14588461667908637,1.0,0.0,0.0
15465,20,32,12100.4,4,5,5,455,14,Loyal Customers,3.579194567441164,0.9967255623075627,378.4909546208405,5048.36657267478
15466,85,4,1560.46,3,3,4,334,10,Need Attention,0.40011483146557386,0.9736946355942849,291.4883668895332,434.06034356997003
15467,9,3,524.88,5,3,2,532,10,Potential Loyalists,1.0679992777284122,0.9684478944268233,131.5315611001951,515.6586773768427
15468,51,3,1430.48,4,3,4,434,11,Potential Loyalists,0.29789289037779504,0.9139043869464555,570.5903004004447,628.0987616847613
15469,50,3,874.25,4,3,3,433,10,Potential Loyalists,0.4577321066655212,0.962970369872036,296.9863847772943,503.72208175752763
15470,576,1,63.419999999999995,1,1,1,111,3,Hibernating,0.09201701224687976,1.0,0.0,0.0
15471,2,3,1292.01,5,3,4,534,12,Potential Loyalists,0.37767664229700765,0.9715109735018034,562.1884112352644,788.1585791581571
15472,113,1,371.56,3,1,2,312,6,About to Sleep,0.3290202054615156,1.0,0.0,0.0
15473,14,8,2046.0,5,4,4,544,13,Champions,0.8118807345160811,0.9854800120021716,463.9252274632432,1397.538569260158
15474,596,1,150.35,1,1,1,111,3,Hibernating,0.08923712577762925,1.0,0.0,0.0
15475,77,1,454.10999999999996,3,1,2,312,6,About to Sleep,,1.0,0.0,0.0
15476,380,4,2209.98,2,3,4,234,9,At Risk,0.21436860557549042,0.4545730859503686,753.7685455462728,598.7894812148119
15477,650,1,368.4,1,1,2,112,4,Hibernating,0.0825074293890162,1.0,0.0,0.0
15478,40,3,1940.98,4,3,4,434,11,Potential Loyalists,0.3610942776295978,0.9666191172426835,768.7591063858974,1030.7768994986118
15479,733,1,147.4,1,1,1,111,3,Hibernating,0.07384524999089408,1.0,0.0,0.0
15480,116,3,3592.25,3,3,5,335,11,Need Attention,0.30851874551248176,0.9562251796211845,1521.3761788068616,1744.8836286610442
15481,401,1,1993.34,2,1,4,214,7,Hibernating,0.12623549265081194,1.0,0.0,0.0
15482,16,18,14377.36,5,5,5,555,15,Champions,1.638420577185343,0.9955001157089046,1027.0621840361102,6270.010608980005
15483,161,10,810.68,3,5,3,353,11,Loyal Customers,0.6538322863589403,0.9615288707664292,135.57550274076715,329.9442341835335
15484,1,6,4652.1,5,4,5,545,14,Champions,0.6309867089257157,0.989909847668972,821.8905771062068,1931.1096212272346
15485,30,7,4810.92,4,4,5,445,13,Loyal Customers,0.6263728547897205,0.9875934319738683,810.8002238243712,1891.1808795758493
15486,527,1,102.0,1,1,1,111,3,Hibernating,0.09945289086040598,1.0,0.0,0.0
15487,680,1,231.32,1,1,1,111,3,Hibernating,0.07918980920607879,1.0,0.0,0.0
15488,93,5,431.92,3,4,2,342,9,Loyal Customers,0.6303339096337702,0.9742173752677636,103.93401513004993,243.54679286888728
15489,23,8,2419.61,4,4,4,444,12,Loyal Customers,0.9016099278354724,0.9912307984693629,323.6686285545198,1086.5825472533227
15490,430,1,210.85,1,1,1,111,3,Hibernating,0.11886699553253288,1.0,0.0,0.0
15491,95,6,3100.09,3,4,5,345,12,Loyal Customers,1.2979822274902155,0.9279476876026244,544.0231807236179,2606.616663123338
15492,28,2,659.4599999999999,4,2,3,423,9,Potential Loyalists,0.963655529391004,0.8983157600033949,212.411070040374,744.736602587862
15493,33,9,4113.19,4,5,5,455,14,Loyal Customers,0.9494532375021684,0.9900885924144656,541.3788751637776,1913.2472137495797
15494,21,5,3702.6,4,4,5,445,13,Loyal Customers,0.5203649240884846,0.9855560035554265,735.1850333439517,1424.1881783323868
15495,379,1,246.5,2,1,1,211,4,Hibernating,0.13246540867576337,1.0,0.0,0.0
15496,631,1,146.14000000000001,1,1,1,111,3,Hibernating,0.08463492727719836,1.0,0.0,0.0
15497,18,9,8657.39,5,5,5,555,15,Champions,0.9844689776310832,0.9926459398840239,1071.975471249077,3930.660380897965
15498,3,44,24972.86,5,5,5,555,15,Champions,3.4980589648022833,0.9983014727504176,725.8756192926058,9461.892801806522
15499,724,1,158.65,1,1,1,111,3,Hibernating,0.07477984918294449,1.0,0.0,0.0
15500,8,4,1131.56,5,3,3,533,11,Potential Loyalists,2.2128546805916818,0.9783946170796061,258.0608496696387,2087.948014574601
15501,405,2,399.95,2,2,2,222,6,Hibernating,0.11397905489529057,0.3672662629278375,205.60567677277334,86.64267949959806
15502,16,12,9542.92,5,5,5,555,15,Champions,1.250079637777067,0.9924734969793926,1012.0865058950052,4704.883142131031
15503,363,2,257.3,2,2,1,221,5,Hibernating,0.15514930783753988,0.8236293754394882,175.25991960443304,101.00090511614395
15504,81,4,391.45,3,3,2,332,8,Need Attention,0.4388079001587945,0.9731753019346454,87.56140232107643,142.90755236366817
15505,53,5,3610.96,4,4,5,445,13,Loyal Customers,1.8246319350819062,0.955835561448215,698.0191020879384,4684.666150936397
15506,23,6,2030.33,4,4,4,444,12,Loyal Customers,0.928017869388639,0.9873526173423159,380.97443536434605,1312.8747213930164
15507,172,1,475.86,3,1,2,312,6,About to Sleep,0.24850000812787468,1.0,0.0,0.0
15508,189,6,1000.27,2,4,3,243,9,At Risk,0.6390118208627872,0.5819741549226214,245.07698764552342,577.7588370291065
15509,380,1,152.41,2,1,1,211,4,Hibernating,0.1321689089621538,1.0,0.0,0.0
15510,331,1,250.0,2,1,1,211,4,Hibernating,0.14882674430306428,1.0,0.0,0.0
15511,12,5,900.53,5,4,3,543,12,Champions,2.753582140662425,0.9817795546676806,183.31316741318273,1847.6309207318727
15512,156,4,331.58,3,3,2,332,8,Need Attention,0.4261517340717293,0.9593526955520723,104.84490794271153,166.19780571196475
15513,33,35,26437.05,4,5,5,455,14,Loyal Customers,3.1403913676218105,0.9940694031831242,974.4994216871706,11401.193855608588
15514,12,18,6388.28,5,5,5,555,15,Champions,1.6429180550925275,0.9957415702451438,426.5457129977208,2611.0868406569393
15515,387,1,171.81,2,1,1,211,4,Hibernating,0.13013003329334125,1.0,0.0,0.0
15516,45,3,62.43,4,3,1,431,8,Potential Loyalists,1.1364384306433741,0.8450236212161083,14.969900595127282,61.69930659243636
15517,233,1,267.03,2,1,1,211,4,Hibernating,0.19702139414264763,1.0,0.0,0.0
15518,64,15,4189.99,3,5,5,355,13,Loyal Customers,1.5503412734436537,0.9882648488580629,308.1739592599399,1779.9151924798766
15519,383,2,344.61,2,2,2,222,6,Hibernating,0.16315593986925023,0.5596617351293404,243.6286925383713,147.0572654425743
15520,2,1,343.5,5,1,2,512,8,New Customers,,1.0,0.0,0.0
15521,40,16,7087.64,4,5,5,455,14,Loyal Customers,1.355748068073488,0.9918531445290996,605.9231575020997,3059.7627228074057
15522,33,2,397.99,4,2,2,422,8,Potential Loyalists,0.8792836486336215,0.896597252222582,172.71697905960008,553.2493036388547
15523,84,16,17259.19,3,5,5,355,13,Loyal Customers,1.6176298736012114,0.9828677378494736,1183.6612636783354,7134.322492177016
15524,25,2,591.4,4,2,2,422,8,Potential Loyalists,0.20518211537340617,0.9240678008384914,537.2777792631326,408.9089403465566
15525,2,4,887.72,5,3,3,533,11,Potential Loyalists,0.7234018319691929,0.9821281720343554,260.3009109019268,697.5479561872471
15526,33,2,148.44,4,2,1,421,7,Potential Loyalists,,1.0,0.0,0.0
15527,19,23,5554.04,5,5,5,555,15,Champions,2.120969539442747,0.9959404040315047,295.070502935935,2331.850488371863
15528,254,1,229.33,2,1,1,211,4,Hibernating,0.18410988272218,1.0,0.0,0.0
15529,23,12,4781.11,4,5,5,455,14,Loyal Customers,2.2705715327679825,0.992245534582087,366.1379908916062,3085.0440251963314
15530,22,5,1808.68,4,4,4,444,12,Loyal Customers,0.7156766610814412,0.9848533490522305,392.3352639516779,1042.9029266431191
15531,8,2,1972.39,5,2,4,524,11,Potential Loyalists,1.4435000503046929,0.9175395578448348,582.4815747577114,3042.7565068738068
15532,25,10,3717.2,4,5,5,455,14,Loyal Customers,1.4051788115932822,0.9919614085837425,376.4357339884592,1967.096253825106
15533,19,3,807.57,5,3,3,533,11,Potential Loyalists,1.4937300584107458,0.9601352310016955,198.04977863663686,1081.0277472662328
15534,726,1,162.25,1,1,1,111,3,Hibernating,0.0745910409712512,1.0,0.0,0.0
15535,173,6,1044.3700000000001,3,4,3,343,10,Loyal Customers,0.7495051689247317,0.9187113154755319,217.73981349047017,605.5806530309782
15536,409,1,259.09,1,1,1,111,3,Hibernating,0.1241130229591661,1.0,0.0,0.0
15537,163,1,110.92,3,1,1,311,5,About to Sleep,0.2571755442286075,1.0,0.0,0.0
15538,538,6,3358.3999999999996,1,4,5,145,10,At Risk,0.03210329615589258,0.04588685838071415,583.5681684843972,69.71922738973294
15539,7,1,538.46,5,1,2,512,8,New Customers,,1.0,0.0,0.0
15540,11,2,460.68,5,2,2,522,9,Potential Loyalists,0.3132713974643539,0.9253477383896843,262.7612928280671,304.05053730784664
15541,114,1,85.13000000000001,3,1,1,311,5,About to Sleep,0.32719069288427144,1.0,0.0,0.0
15542,512,3,855.71,1,3,3,133,7,At Risk,0.13072034222668633,0.7035906500844292,423.3661520953046,205.5891399540329
15543,288,2,242.26,2,2,1,221,5,Hibernating,0.21987630891276447,0.7734036472287585,159.29994037543366,129.61658858191154
15544,9,20,7807.89,5,5,5,555,15,Champions,2.368869699376484,0.9968277092893368,390.3343435106546,3444.112244437394
15545,54,2,288.96999999999997,4,2,2,422,8,Potential Loyalists,0.31160399307640185,0.9120585417467696,190.51756287343096,219.25924320456468
15546,607,2,1079.1000000000001,1,2,3,123,6,Hibernating,0.08777864240746369,1.0,0.0,0.0
15547,7,26,10002.65,5,5,5,555,15,Champions,2.5503549269692916,0.9973725756647435,427.9213452560166,4066.835493312149
15548,596,1,158.09,1,1,1,111,3,Hibernating,0.08923712577762925,1.0,0.0,0.0
15549,77,8,2330.41,3,4,4,344,11,Loyal Customers,0.890562015530662,0.9842547104294135,302.2206422124752,1002.1808676328769
15550,4,12,2211.05,5,5,4,554,14,Champions,1.0794934730523926,0.9943483162215174,232.77082460528845,936.0647453797308
15551,37,7,1679.81,4,4,4,444,12,Loyal Customers,0.6702625846354697,0.9831434956122593,366.6230995402987,913.1646491411022
15552,217,2,252.52,2,2,1,221,5,Hibernating,0.18908010330009264,0.8731130890555647,113.59966601257804,79.69056517114721
15553,60,1,428.93,3,1,2,312,6,About to Sleep,,1.0,0.0,0.0
15554,278,1,217.2,2,1,1,211,4,Hibernating,0.17178271459109357,1.0,0.0,0.0
15555,12,36,11233.78,5,5,5,555,15,Champions,3.564159996071395,0.9975431356811392,333.8137912531185,4433.880388009354
15556,24,1,279.77,4,1,1,411,6,Promising,,1.0,0.0,0.0
15557,29,1,468.91,4,1,2,412,7,Promising,,1.0,0.0,0.0
15558,639,1,202.68,1,1,1,111,3,Hibernating,0.08367597556961767,1.0,0.0,0.0
15559,568,1,1109.4,1,1,3,113,5,Hibernating,0.09303136070820277,1.0,0.0,0.0
15560,398,2,153.52,2,2,1,221,5,Hibernating,0.12732420702629432,1.0,0.0,0.0
15561,12,8,1934.3899999999999,5,4,4,544,13,Champions,0.8158470412340618,0.9908794119916591,274.95075102589743,834.9183991121959
15562,352,3,671.4300000000001,2,3,3,233,8,At Risk,0.26533948419345343,0.8778898993055702,173.38135115338176,171.10342916050027
15563,22,6,2820.46,4,4,4,444,12,Loyal Customers,0.6755399164937109,0.9881438526970979,496.3621842705007,1248.036857021585
15564,463,2,70.74000000000001,1,2,1,121,4,Hibernating,0.1439950237228079,0.71611944363353,47.7011781793347,25.49978976569355
15565,50,2,173.16,4,2,1,421,7,Potential Loyalists,0.9443267069224075,0.8548664661293779,106.62474337532187,366.18728859833067
15566,393,2,227.87,2,2,1,221,5,Hibernating,0.1519717615858551,0.8047221425394848,113.03053170016304,63.80322499304589
15567,19,1,186.01,5,1,1,511,7,New Customers,,1.0,0.0,0.0
15568,3,3,758.29,5,3,3,533,11,Potential Loyalists,1.6861160909507185,0.9706441624309415,292.2925920701119,1798.2308731201674
15569,104,10,3583.45,3,5,5,355,13,Loyal Customers,1.066534862423104,0.9768192440787298,425.2518258788721,1688.2521537364164
15570,7,25,8736.49,5,5,5,555,15,Champions,2.9668726223450355,0.9972846676081684,366.4363577571735,4047.5476945825035
15571,12,14,3892.35,5,5,5,555,15,Champions,1.4215277958464914,0.995234336500601,319.4521631188645,1691.8757918249241
15572,5,10,3965.2,5,5,5,555,15,Champions,1.023124202226131,0.9926663763454853,537.3661678829811,2045.4338749715228
15573,32,5,1180.47,4,4,3,443,11,Loyal Customers,0.5198938149348702,0.9846637365459083,236.8337812677524,458.37508586805234
15574,178,6,1101.44,3,4,3,343,10,Loyal Customers,0.7290804180449962,0.9197767733127695,251.0477438649955,679.3535949346696
15575,620,1,30.1,1,1,1,111,3,Hibernating,0.08611530495460233,1.0,0.0,0.0
15576,38,1,921.37,4,1,3,413,8,Promising,,1.0,0.0,0.0
15577,151,5,396.03000000000003,3,4,2,342,9,Loyal Customers,0.4005202873470254,0.9625097404599902,97.94424537879085,145.98602228063183
15578,162,1,127.1,3,1,1,311,5,About to Sleep,0.2583028722448864,1.0,0.0,0.0
15579,69,5,1250.63,3,4,4,344,11,Loyal Customers,0.8225643042173393,0.9748891551067338,159.79399943782533,487.60187869493376
15580,377,8,1375.39,2,4,4,244,10,At Risk,0.3406615406210391,0.3631520872688026,187.43435957002072,237.70072118379375
15581,156,34,4505.16,3,5,5,355,13,Loyal Customers,1.9245367396682442,0.6679540994209869,159.40351928820235,1143.2496368261425
15582,25,3,682.9100000000001,4,3,3,433,10,Potential Loyalists,0.8094650671877442,0.9644974470918524,209.76509088945278,625.3957825984746
15583,376,1,95.96,2,1,1,211,4,Hibernating,0.13336295074501678,1.0,0.0,0.0
15584,24,6,1268.2,4,4,4,444,12,Loyal Customers,0.684651759074667,0.988022232850315,190.62112018820434,485.71299906758884
15585,177,1,455.3,3,1,2,312,6,About to Sleep,0.24336954780307563,1.0,0.0,0.0
15586,593,3,1139.1,1,3,3,133,7,At Risk,0.12216703572514945,0.3909098252658138,253.35109131390757,115.08714831837234
15587,50,7,1522.0800000000002,4,4,4,444,12,Loyal Customers,1.061705443062898,0.9846221950625442,230.63077641007965,909.626545387944
15588,678,1,579.6,1,1,2,112,4,Hibernating,0.07940265810214428,1.0,0.0,0.0
15589,256,3,478.53000000000003,2,3,2,232,7,At Risk,0.26063786736235106,0.6561841408080155,359.97427708482513,345.9249574695782
15590,382,5,1496.6,2,4,4,244,10,At Risk,0.35111372496399856,0.715733558505683,396.09533375594043,516.9517605252508
15591,583,3,217.9,1,3,1,131,5,At Risk,0.11279539250643549,0.34818337533589727,98.74621320615306,41.40444952192233
15592,47,1,388.58,4,1,2,412,7,Promising,,1.0,0.0,0.0
15593,71,1,199.8,3,1,1,311,5,About to Sleep,,1.0,0.0,0.0
15594,16,5,1771.78,5,4,4,544,13,Champions,1.3807151158519075,0.9837978695533918,394.04993101011695,2008.3088756693937
15595,488,1,357.6,1,1,2,112,4,Hibernating,0.10663436988594717,1.0,0.0,0.0
15596,101,9,2727.72,3,5,4,354,12,Loyal Customers,1.3377174414928559,0.9675994380920434,273.819686547551,1361.2120204291818
15597,35,2,563.37,4,2,2,422,8,Potential Loyalists,0.21456896763150182,0.9217205715544793,397.5008139821462,316.2337682546932
15598,53,2,548.02,4,2,2,422,8,Potential Loyalists,0.27688503126973874,0.9144801835549681,295.9163938364133,303.00728819391804
15599,27,3,1250.06,4,3,4,434,11,Potential Loyalists,0.4536415548678558,0.9676500453732372,419.2276443240909,704.7926771651549
15600,428,4,1199.31,1,3,3,133,7,At Risk,0.2690359827245456,0.5377916534719185,309.47609397281974,309.4398739063276
15601,11,30,14191.74,5,5,5,555,15,Champions,2.981974725856504,0.9973758633014479,549.5463373289468,6107.055315142379
15602,8,16,3137.96,5,5,5,555,15,Champions,1.7515967349078114,0.9962799970352881,194.2795225008151,1267.9959032919355
15603,79,2,88.48,3,2,1,321,6,About to Sleep,0.19105261523777262,0.9142622905644832,63.176787780746864,44.79492438450655
15604,52,1,216.39,4,1,1,411,6,Promising,,1.0,0.0,0.0
15605,36,9,1741.95,4,5,4,454,13,Loyal Customers,1.017557024770527,0.990741256964048,206.74424980252357,783.3886695344521
15606,61,17,5230.99,3,5,5,355,13,Loyal Customers,2.0793264637819835,0.9868258340989444,311.6921426881077,2413.253017257322
15607,337,9,1708.97,2,5,4,254,11,Cannot Lose Them,0.5258122231090673,0.5160052716308565,172.36828014400936,337.51601518793933
15608,28,5,1785.98,4,4,4,444,12,Loyal Customers,0.6709099646439239,0.978160227266497,388.3382812738307,965.7796848643011
15609,184,1,298.48,3,1,2,312,6,About to Sleep,0.2355882693422049,1.0,0.0,0.0
15610,52,1,112.46000000000001,4,1,1,411,6,Promising,,1.0,0.0,0.0
15611,10,24,2976.28,5,5,5,555,15,Champions,2.720423491117652,0.9971686428449426,128.2665641225935,1299.8014393128092
15612,36,2,195.15,4,2,1,421,7,Potential Loyalists,1.0412493303250647,0.8794960382820493,156.44215957266897,591.8406196564758
15613,610,1,433.71999999999997,1,1,2,112,4,Hibernating,0.08726004006231512,1.0,0.0,0.0
15614,438,4,3147.36,1,3,5,135,9,At Risk,0.24321124423130963,0.7029427575432391,998.4975298345255,902.2953811377006
15615,10,47,21373.97,5,5,5,555,15,Champions,4.2203376885263895,0.9979597682040862,563.0442132383639,8855.981814435268
15616,438,1,317.11,1,1,2,112,4,Hibernating,0.1169833924850057,1.0,0.0,0.0
15617,396,3,828.5500000000001,2,3,3,233,8,At Risk,0.2480715232315823,0.5934991303706907,343.4587664814284,316.07915625159023
15618,33,4,776.85,4,3,3,433,10,Potential Loyalists,1.1380137774401335,0.9556612523235626,305.459310469256,1274.772502267389
15619,11,1,336.40000000000003,5,1,2,512,8,New Customers,,1.0,0.0,0.0
15620,57,4,1942.36,4,3,4,434,11,Potential Loyalists,0.6753800439118193,0.972360176559185,550.9462016903194,1379.1499780599597
15621,4,4,1293.03,5,3,4,534,12,Potential Loyalists,2.7095104999541393,0.9679328496587397,401.7067074859618,3945.621377541607
15622,43,17,7852.61,4,5,5,455,14,Loyal Customers,1.2128446451125237,0.9901753213156418,725.8889897446888,3277.231810256935
15623,141,8,2437.05,3,4,4,344,11,Loyal Customers,0.841642095288095,0.9692759190280625,312.5695886277896,979.8117430981146
15624,117,4,588.13,3,3,2,332,8,Need Attention,0.9380089033454951,0.9141810289542185,144.35562462280072,499.9196878859559
15625,104,9,3236.4,3,5,5,355,13,Loyal Customers,1.2460007485290283,0.9700405494842901,349.09618541689423,1617.3198249755749
15626,75,3,1067.52,3,3,3,333,9,Need Attention,0.4706879906157273,0.9567495110634027,372.15826914844814,648.8792495925437
15627,457,2,566.9,1,2,2,122,5,Hibernating,0.1291313780593239,0.508793521444747,351.6915564530835,168.24657315784566
15628,5,17,5333.08,5,5,5,555,15,Champions,1.8903363721002095,0.996761172732234,319.12998999358905,2247.6973937289804
15629,450,4,2240.9,1,3,4,134,8,At Risk,0.1780856836163381,0.44468635502066617,585.1589673775317,386.7285885034981
15630,45,3,1481.4,4,3,4,434,11,Potential Loyalists,0.32591996967905207,0.9665322803263442,651.7867250004888,789.4424598543806
15631,642,1,596.67,1,1,2,112,4,Hibernating,0.08332194957632989,1.0,0.0,0.0
15632,16,8,3285.31,5,4,5,545,14,Champions,2.0156082047212984,0.9900943246851858,424.0331914188946,3161.6062256061664
15633,509,13,4335.96,1,5,5,155,11,Cannot Lose Them,0.0008161396355785557,0.0005699593145082476,350.7379544898208,1.0664686899010223
15634,17,2,554.65,5,2,2,522,9,Potential Loyalists,0.30716304347286044,0.9237940883211929,299.39174591435176,339.74905193286645
15635,396,1,100.35,2,1,1,211,4,Hibernating,0.12787564268553162,1.0,0.0,0.0
15636,90,4,1444.58,3,3,4,334,10,Need Attention,0.5034966234293681,0.9697439526692466,374.87668107221316,701.2949276756092
15637,53,5,797.59,4,4,3,443,11,Loyal Customers,0.5220553845134096,0.9825286996220913,133.93284718752682,260.2847143723975
15638,379,6,2265.2,2,4,4,244,10,At Risk,0.3868376022167019,0.6228053656397997,533.6097149296833,767.600461622151
15639,134,3,1065.08,3,3,3,333,9,Need Attention,0.3389614758927813,0.9499093561531732,369.4416750028676,465.16754430125314
15640,4,29,23459.51,5,5,5,555,15,Champions,2.8047489039175693,0.9977674403874316,923.6620788487662,9653.453067091295
15641,105,12,5345.55,3,5,5,355,13,Loyal Customers,1.2860288744305481,0.9776260859993874,480.226392576059,2300.8460009193805
15642,730,1,105.78000000000002,1,1,1,111,3,Hibernating,0.07421627134814736,1.0,0.0,0.0
15643,192,3,664.0,2,3,3,233,8,At Risk,0.3313446243574026,0.771924764622992,400.3222670628419,488.60788579495244
15644,166,4,803.54,3,3,3,333,9,Need Attention,0.6128374505028683,0.8353855503530554,311.4292451843423,704.0515269685234
15645,19,3,1054.75,5,3,3,533,11,Potential Loyalists,0.47275972655300535,0.9688723930553446,346.68472202930525,607.1721861082598
15646,158,5,784.8100000000001,3,4,3,343,10,Loyal Customers,0.8137955485248088,0.9217650164139939,182.20752081909782,549.851513599759
15647,415,1,169.0,1,1,1,111,3,Hibernating,0.12256746065679384,1.0,0.0,0.0
15648,204,2,639.5,2,2,3,223,7,Hibernating,0.3243214586336489,0.7229076324171744,416.79083440080785,497.65756420237904
15649,336,4,1660.35,2,3,4,234,9,At Risk,0.193895254512138,0.26618926189468944,398.3601665974324,286.1587552878459
15650,522,2,553.88,1,2,2,122,5,Hibernating,0.11987450068811376,0.5575639188984002,240.35919755215747,106.90525268601819
15651,37,5,1259.06,4,4,4,444,12,Loyal Customers,0.4872760485353103,0.9784870618844788,343.7918503227368,622.6217938349386
15652,91,5,1405.94,3,4,4,344,11,Loyal Customers,0.7400663490522985,0.9707279056639196,341.8728215275559,939.3733261178317
15653,93,2,877.4399999999999,3,2,3,323,8,About to Sleep,0.6570604027737112,0.7937423868844675,1008.8600486820646,2420.654451003745
15654,9,2,922.53,5,2,3,523,10,Potential Loyalists,1.5040475123605976,0.9154048781098442,401.06093074491235,2181.6323689841497
15655,243,1,560.67,2,1,2,212,5,Hibernating,0.19065415530114393,1.0,0.0,0.0
15656,45,4,748.5,4,3,3,433,10,Potential Loyalists,0.9163490976704696,0.9710841514120412,180.2107595446694,610.2253937826666
15657,23,1,30.0,4,1,1,411,6,Promising,,1.0,0.0,0.0
15658,190,8,2117.27,2,4,4,244,10,At Risk,0.8146697901100343,0.9464896986196,263.6040116120686,799.8808598440147
15659,44,3,532.49,4,3,2,432,9,Potential Loyalists,0.32194354983627227,0.9668602875295934,234.27468524726066,280.3178357277616
15660,25,15,2603.69,4,5,4,454,13,Loyal Customers,1.4151132859975697,0.9934643068763801,230.7800601229803,1216.103700024114
15661,317,8,1215.95,2,4,4,244,10,At Risk,0.4621612533847015,0.43096285200780765,131.66080492236793,226.31709205577081
15662,661,2,283.73,1,2,1,121,4,Hibernating,0.0773038191332325,0.4165994976312794,219.87036230521744,63.141197930061736
15663,106,1,138.14,3,1,1,311,5,About to Sleep,0.3424252436554604,1.0,0.0,0.0
15664,51,4,1231.53,4,3,4,434,11,Potential Loyalists,0.45048487002736726,0.977167583524894,299.8222439859605,502.2774016922291
15665,168,5,3987.07,3,4,5,345,12,Loyal Customers,0.5722190601876825,0.9554068963252899,888.5248854526806,1891.153055685123
15666,472,2,632.9399999999999,1,2,3,123,6,Hibernating,0.09735685556789739,0.36596255365254177,278.9634568708601,100.56995696742317
15667,40,1,301.32,4,1,2,412,7,Promising,,1.0,0.0,0.0
15668,218,1,76.32000000000001,2,1,1,211,4,Hibernating,0.20814523584877279,1.0,0.0,0.0
15669,40,4,684.34,4,3,3,433,10,Potential Loyalists,0.9759126803683591,0.9718936101830599,173.12961811369237,623.9410118743062
15670,297,2,325.2,2,2,2,222,6,Hibernating,0.1954338506505664,0.8146114785887616,214.02159905210158,155.03876085762272
15671,19,7,2657.13,5,4,4,544,13,Champions,1.7695651391842748,0.9880983080065057,395.5896532702394,2588.693993237601
15672,725,1,45.300000000000004,1,1,1,111,3,Hibernating,0.0745910409712512,1.0,0.0,0.0
15673,88,9,6204.32,3,5,5,355,13,Loyal Customers,1.0625259738650203,0.981331304316252,699.026484837549,2764.857871074952
15674,73,12,6613.52,3,5,5,355,13,Loyal Customers,1.3011568958653617,0.9866454947503123,568.5255133389003,2755.903412388644
15675,81,4,542.04,3,3,2,332,8,Need Attention,0.6776202303440431,0.9652869280779859,115.85411883315105,290.94433278965465
15676,19,3,3435.76,5,3,5,535,13,Potential Loyalists,0.6648983908723989,0.9675731786118892,1392.0641066754997,3416.8886484118675
15677,49,3,1305.63,4,3,4,434,11,Potential Loyalists,0.43636671363589774,0.9636624156195889,530.542280240982,858.2383852974251
15678,53,3,1825.94,4,3,4,434,11,Potential Loyalists,0.39267570852123584,0.9640983830235933,609.6740387396654,888.3268568097632
15679,24,4,781.28,4,3,3,433,10,Potential Loyalists,1.3001703785326693,0.9745412501962762,214.7176111655874,1027.6039978071094
15680,9,10,4028.69,5,5,5,555,15,Champions,1.0777644915811477,0.9939959214985425,421.59076753563346,1692.682539431195
15681,25,14,2989.7,4,5,5,455,14,Loyal Customers,1.371746593771052,0.9920396197234095,291.9721520546612,1489.6784404786322
15682,599,2,318.24,1,2,2,122,5,Hibernating,0.09403183264425215,0.47457982760258527,235.46706431352635,82.20882376963003
15683,117,2,524.54,3,2,2,322,7,About to Sleep,0.24803778840055088,0.8957585168259649,239.087727279741,219.51139552325694
15684,547,3,173.95,1,3,1,131,5,At Risk,0.18321257218901826,0.6130658222683393,37.37637973593239,25.47075379550474
15685,450,1,55.980000000000004,1,1,1,111,3,Hibernating,0.11426739292747329,1.0,0.0,0.0
15686,420,1,90.0,1,1,1,111,3,Hibernating,0.12130861634772841,1.0,0.0,0.0
15687,9,9,2993.1,5,5,5,555,15,Champions,1.7323669286620087,0.9918072891570642,387.2493088317324,2485.26527851858
15688,419,1,190.57,1,1,1,111,3,Hibernating,0.12180903594201792,1.0,0.0,0.0
15689,120,3,521.03,3,3,2,332,8,Need Attention,0.33434387349086475,0.9537520920213126,141.19299673084834,175.3800910096885
15690,4,2,239.76,5,2,1,521,8,Potential Loyalists,0.8358487723979864,0.9254077165255402,160.38977203750494,488.9533060419892
15691,252,4,571.3,2,3,2,232,7,At Risk,0.38472860060396297,0.9327441563349014,146.2205729157167,209.36127108752584
15692,28,1,191.04,4,1,1,411,6,Promising,,1.0,0.0,0.0
15693,659,1,37.5,1,1,1,111,3,Hibernating,0.08137108338931434,1.0,0.0,0.0
15694,1,23,9963.48,5,5,5,555,15,Champions,2.5547758157116536,0.9978484527779587,440.27231553833724,4191.438307060581
15695,267,4,1131.04,2,3,3,233,8,At Risk,0.2928627010640764,0.9138259019393978,430.5595662741031,468.77801695862127
15696,33,13,3881.2200000000003,4,5,5,455,14,Loyal Customers,1.5110967539010483,0.9929344193677556,314.7573495156549,1771.3730518583911
15697,690,1,246.75,1,1,1,111,3,Hibernating,0.07814246119695238,1.0,0.0,0.0
15698,624,1,46.2,1,1,1,111,3,Hibernating,0.08549223030326701,1.0,0.0,0.0
15699,18,1,309.65,5,1,2,512,8,New Customers,,1.0,0.0,0.0
15700,172,2,696.68,3,2,3,323,8,About to Sleep,0.37240954433652856,0.5950334083873133,9.193792786149505,12.551213297329767
15701,2,4,1529.0,5,3,4,534,12,Potential Loyalists,1.850602594243438,0.9816626087254272,240.21113583763065,1629.2602709208522
15702,476,1,112.57000000000001,1,1,1,111,3,Hibernating,0.108794901107018,1.0,0.0,0.0
15703,265,1,211.5,2,1,1,211,4,Hibernating,0.17853913566251384,1.0,0.0,0.0
15704,140,6,3734.6600000000003,3,4,5,345,12,Loyal Customers,0.6219019160559218,0.9611852433672939,757.271827008296,1750.7645064810918
15705,201,1,143.1,2,1,1,211,4,Hibernating,0.2206030353824891,1.0,0.0,0.0
15706,64,4,1060.56,3,3,3,333,9,Need Attention,1.6748553224264993,0.9190286419970053,217.3540181451366,1334.808825255515
15707,35,4,916.98,4,3,3,433,10,Potential Loyalists,2.086478599895104,0.9542972705593983,269.58318675072877,2057.532495308153
15708,41,9,3887.15,4,5,5,455,14,Loyal Customers,1.5713424788012134,0.9873035091953338,453.1632936229404,2643.2653733821026
15709,284,2,327.85,2,2,2,222,6,Hibernating,0.19002232095882057,0.8341226594204254,165.82682110717167,116.85516564104344
15710,417,1,898.87,1,1,3,113,5,Hibernating,0.12206079834985283,1.0,0.0,0.0
15711,557,2,420.25,1,2,2,122,5,Hibernating,0.1140672256820216,0.5734031941075013,384.21697694556633,162.7182886469706
15712,9,12,3472.4100000000003,5,5,5,555,15,Champions,1.3007444896172404,0.995012674910611,297.4928165512417,1441.7012337557564
15713,143,4,839.64,3,3,3,333,9,Need Attention,0.4026739495384853,0.9640141922005557,212.1413638083904,317.88911148388075
15714,12,5,783.96,5,4,3,543,12,Champions,0.6668771957877929,0.9861353339436255,135.56648577216768,335.9766922998231
15715,556,5,658.02,1,4,3,143,8,At Risk,0.09825391675040532,0.28110194371739344,165.2753847512464,60.331169691026275
15716,146,11,2482.7400000000002,3,5,4,354,12,Loyal Customers,1.1560533339601369,0.9600998909524887,231.25432712608998,995.9458694750695
15717,234,5,607.0,2,4,3,243,9,At Risk,0.5793191397921207,0.9078138156180359,140.41251126964627,302.4277276170337
15718,540,1,293.79,1,1,2,112,4,Hibernating,0.0973228235308076,1.0,0.0,0.0
15719,33,31,10194.32,4,5,5,455,14,Loyal Customers,3.419703344165155,0.9945328778119604,329.27389164022986,4196.441191936199
15720,24,2,739.22,4,2,3,423,9,Potential Loyalists,0.22375899377218605,0.9236701774689843,729.4877567304372,604.981619027699
15721,12,1,471.40000000000003,5,1,2,512,8,New Customers,,1.0,0.0,0.0
15722,36,11,5234.0,4,5,5,455,14,Loyal Customers,1.095346792368218,0.9905527416526155,608.5426253665413,2480.977093010937
15723,365,4,930.7,2,3,3,233,8,At Risk,0.3682951174375061,0.7149398414658523,247.01978956736565,338.041231766839
15724,201,3,310.85,2,3,2,232,7,At Risk,0.4540955940388019,0.883125236526124,121.55793622297315,204.3855663721728
15725,15,1,415.25,5,1,2,512,8,New Customers,,1.0,0.0,0.0
15726,390,1,321.91,2,1,2,212,5,Hibernating,0.12927537531897984,1.0,0.0,0.0
15727,17,15,9371.71,5,5,5,555,15,Champions,1.633995421021745,0.9950555407249287,658.2491619719783,4005.8782121104723
15728,380,2,544.6,2,2,2,222,6,Hibernating,0.1661548017942181,0.5677188703978139,364.115637400696,223.81535542876168
15729,213,3,192.55,2,3,1,231,6,At Risk,0.4457173499540132,0.8724257892177392,66.48665772738468,109.73385205255384
15730,66,5,1726.58,3,4,4,344,11,Loyal Customers,0.8248609016118922,0.9756423125530438,376.9320124648163,1153.3769256017554
15731,554,1,125.3,1,1,1,111,3,Hibernating,0.09528212948100799,1.0,0.0,0.0
15732,212,10,1543.97,2,5,4,254,11,Cannot Lose Them,0.9461882279551336,0.8957466396771572,168.19491322315938,592.5141986766864
15733,283,1,162.3,2,1,1,211,4,Hibernating,0.16931847243438236,1.0,0.0,0.0
15734,115,4,2263.3,3,3,4,334,10,Need Attention,0.5180993173967546,0.9632278857136696,692.3106978138774,1332.3249659253672
15735,421,1,327.68,1,1,2,112,4,Hibernating,0.12105994641240025,1.0,0.0,0.0
15736,435,2,1767.12,1,2,4,124,7,Hibernating,0.11768270116380831,1.0,0.0,0.0
15737,15,8,1188.1200000000001,5,4,3,543,12,Champions,1.9325890301492308,0.9887523796639361,122.88963904812559,877.4699433987812
15738,19,41,13043.32,5,5,5,555,15,Champions,4.145561476059018,0.9969682545312694,356.30681841772355,5504.629119219212
15739,66,1,449.12,3,1,2,312,6,About to Sleep,,1.0,0.0,0.0
15740,49,1,154.88,4,1,1,411,6,Promising,,1.0,0.0,0.0
15741,458,2,208.62,1,2,1,121,4,Hibernating,0.14607991744581575,0.6696518530174532,180.62431322996167,97.88653617265214
15742,619,1,156.87,1,1,1,111,3,Hibernating,0.08611530495460233,1.0,0.0,0.0
15743,16,4,775.96,5,3,3,533,11,Potential Loyalists,1.2937901054289425,0.977629944140087,161.75944948914005,770.4299291008198
15744,78,1,34.8,3,1,1,311,5,About to Sleep,,1.0,0.0,0.0
15745,19,4,1094.59,5,3,3,533,11,Potential Loyalists,1.0699905946868624,0.9777378743324988,281.4877143738206,1111.196152953663
15746,134,1,196.88,3,1,1,311,5,About to Sleep,0.29445651294201736,1.0,0.0,0.0
15747,13,9,2499.81,5,5,4,554,14,Champions,1.0252914357114868,0.9930072821294279,291.0140604872197,1111.0460369043328
15748,40,3,609.8100000000001,4,3,3,433,10,Potential Loyalists,0.2662574633046503,0.9186826148362307,179.28018751340716,176.6100138475272
15749,235,3,44534.3,2,3,5,235,10,At Risk,0.27852499192660934,0.742341223532687,26082.810845807016,26802.75469102346
15750,3,18,6452.99,5,5,5,555,15,Champions,1.8623200017909085,0.9968972378350812,393.94888268750896,2733.7782849212804
15751,461,11,1380.44,1,5,4,154,10,Cannot Lose Them,0.20806991081102613,0.27702340863733205,189.7060345514302,147.00240167608726
15752,40,9,3924.91,4,5,5,455,14,Loyal Customers,1.4760950354359774,0.9881001697014002,424.7573087330151,2328.5839272067565
15753,305,1,79.2,2,1,1,211,4,Hibernating,0.15926676552328534,1.0,0.0,0.0
15754,51,9,3037.61,4,5,5,455,14,Loyal Customers,1.0703219125446597,0.9885315035217653,207.12887424930125,825.2673939199441
15755,10,17,5993.12,5,5,5,555,15,Champions,1.8682448027286551,0.9963296959786575,359.41669721095167,2502.0255345663863
15756,61,4,528.01,3,3,2,332,8,Need Attention,1.0088869734865822,0.9617845445099892,144.4228618477825,537.8154231730622
15757,66,6,2940.36,3,4,5,345,12,Loyal Customers,0.8166733544459879,0.9812025143373522,500.4298904536553,1519.045601485177
15758,25,1,205.25,4,1,1,411,6,Promising,,1.0,0.0,0.0
15759,218,7,830.9300000000001,2,4,3,243,9,At Risk,0.6989358928867891,0.9352273738112858,121.68122455821329,316.7439151894798
15761,443,1,143.05,1,1,1,111,3,Hibernating,0.11606381642067322,1.0,0.0,0.0
15762,65,2,583.75,3,2,2,322,7,About to Sleep,0.8613295902583739,0.8203223642558569,329.53164599096743,1033.0049481768424
15763,32,2,1086.92,4,2,3,423,9,Potential Loyalists,0.9397130209459347,0.8949740213071569,687.9530611648319,2352.8268031805937
15764,88,8,4503.08,3,4,5,345,12,Loyal Customers,0.9129165079856735,0.9730793262312938,754.6625629951089,2558.3584657471392
15765,667,1,370.63,1,1,2,112,4,Hibernating,0.08059409414289555,1.0,0.0,0.0
15766,64,3,831.06,3,3,3,333,9,Need Attention,0.3086569786694101,0.9644002330856752,346.77783110284327,397.92539470139167
15768,116,34,15308.89,3,5,5,355,13,Loyal Customers,2.9687925283569134,0.8084955530684164,465.3549985517596,5148.708899214429
15769,7,46,88612.52,5,5,5,555,15,Champions,4.496453747877271,0.9982858449339871,2231.4074028842506,37391.37940703587
15770,613,1,321.45,1,1,2,112,4,Hibernating,0.08700303103136989,1.0,0.0,0.0
15771,604,3,1006.54,1,3,3,133,7,At Risk,0.10234624192018248,0.32449053548251655,380.0944484164847,144.63863654084022
15772,418,1,280.88,1,1,1,111,3,Hibernating,0.12180903594201792,1.0,0.0,0.0
15773,6,2,774.52,5,2,3,523,10,Potential Loyalists,0.29133713887940516,0.9270250329491485,774.2314010788082,833.8354612347887
15774,69,6,1287.09,3,4,4,344,11,Loyal Customers,0.694085352602982,0.9825464240572961,227.82726614772602,588.4395353839423
15775,245,2,150.5,2,2,1,221,5,Hibernating,0.18466192041995588,0.8626214268702818,131.49712375192638,90.09930032717287
15776,133,1,241.62,3,1,1,311,5,About to Sleep,0.2959364176547523,1.0,0.0,0.0
15777,241,7,1762.61,2,4,4,244,10,At Risk,0.6970082621417566,0.8661854857346006,364.0840262462139,943.4672330450434
15778,431,1,307.95,1,1,2,112,4,Hibernating,0.11862823222691524,1.0,0.0,0.0
15779,463,2,124.08000000000001,1,2,1,121,4,Hibernating,0.1284118527498834,0.5145734490595668,73.13058362766455,34.79577490788298
15780,184,3,475.28000000000003,3,3,2,332,8,Need Attention,0.4999298726987384,0.8823181183898219,165.308246777201,305.7073640160199
15781,25,3,345.46,4,3,2,432,9,Potential Loyalists,0.6244018688533055,0.9661298210043427,145.5800771957878,335.7933915424138
15782,10,4,4014.1,5,3,5,535,13,Potential Loyalists,0.652594740525288,0.9812112141233928,926.6111940675296,2242.149354665091
15783,11,1,246.3,5,1,1,511,7,New Customers,,1.0,0.0,0.0
15784,468,2,848.3299999999999,1,2,3,123,6,Hibernating,0.14312426944473042,0.7079486168636953,467.213712632639,248.23850992482718
15785,33,16,5969.93,4,5,5,455,14,Loyal Customers,1.321057138457815,0.9929200529052387,521.9655110159723,2568.7687654759134
15786,46,5,8501.62,4,4,5,445,13,Loyal Customers,0.5348996754642119,0.976579977549763,2377.5798927706314,4723.252242021925
15787,26,3,933.26,4,3,3,433,10,Potential Loyalists,1.0622954926896837,0.8972727761695488,554.4244640797208,2139.85307541538
15788,509,1,221.82999999999998,1,1,1,111,3,Hibernating,0.10273942783085431,1.0,0.0,0.0
15789,358,6,1962.01,2,4,4,244,10,At Risk,0.43413188876642167,0.7124170994456412,413.49415089994625,667.6255061099816
15790,10,1,218.75,5,1,1,511,7,New Customers,,1.0,0.0,0.0
15791,44,5,3608.34,4,4,5,445,13,Loyal Customers,0.5837095474583871,0.9829498234188092,863.7902903703502,1875.537591276412
15792,400,2,933.84,2,2,3,223,7,Hibernating,0.16352298053349867,0.7496134228430924,557.8634884355902,338.42541475509023
15793,15,8,2399.57,5,4,4,544,13,Champions,0.851704471680675,0.9919890595135153,309.3670409403778,981.434264261471
15794,736,2,777.0,1,2,3,123,6,Hibernating,0.030158621661846716,0.16232610670428002,127.98544395191891,14.338804004958785
15795,150,8,1979.8700000000001,3,4,4,344,11,Loyal Customers,0.7662093041318148,0.9651277095723878,321.0902133680038,915.9196216216534
15796,1,17,5170.63,5,5,5,555,15,Champions,2.1899345197504707,0.996949913034794,316.22524238817766,2577.9053757124702
15797,113,5,2806.08,3,4,4,344,11,Loyal Customers,0.5467425692834236,0.9728880322965583,655.8320192781731,1334.3198544332129
15798,493,3,1535.37,1,3,4,134,8,At Risk,0.21107236966695742,0.6586137390817542,642.3334155342149,504.0363204387528
15799,76,4,1421.34,3,3,4,334,10,Need Attention,0.6596594072753486,0.9677725961493904,314.18623852285987,768.3072921806139
15800,107,7,1227.07,3,4,4,344,11,Loyal Customers,0.46633685834931404,0.9676189163131095,307.78100814301564,533.5818909556094
15801,46,3,1063.95,4,3,3,433,10,Potential Loyalists,1.2901640043202423,0.9374623345881362,509.59273869492273,2406.429073834138
15803,51,4,1929.66,4,4,4,444,12,Loyal Customers,0.4341125070938316,0.9772739861319826,470.5021702015792,759.7620768660211
15804,1,13,4206.39,5,5,5,555,15,Champions,4.3244298831074985,0.9960014452981361,311.5829384446086,4973.670820639558
15805,23,30,10148.93,4,5,5,455,14,Loyal Customers,2.446047737797145,0.9957358260446721,455.88237958621073,4155.20304971409
15806,46,3,784.58,4,3,3,433,10,Potential Loyalists,0.6724762529262321,0.9588997361982562,267.2298202754015,663.2550255690627
15807,50,5,1817.52,4,4,4,444,12,Loyal Customers,0.44006966743316256,0.9773109906907934,502.2522955982438,822.0828663277383
15808,306,21,17180.25,2,5,5,255,12,Cannot Lose Them,0.045489805773927715,0.01963477454482928,823.4920922231504,139.59528321783682
15809,36,7,1274.44,4,4,4,444,12,Loyal Customers,0.9867372242493945,0.9875805692164292,190.2879273242715,697.9206718785856
15810,79,8,2999.04,3,4,5,345,12,Loyal Customers,0.9189537189317406,0.9836243811032247,393.95473461640023,1347.7505622939934
15811,22,7,3392.55,4,4,5,445,13,Loyal Customers,1.3085676455745756,0.9885286985181185,381.45944292796935,1851.1923388073155
15812,107,12,5201.47,3,5,5,355,13,Loyal Customers,1.2990784195464213,0.9764006230418444,453.95585461228416,2196.9015316573855
15813,208,2,1303.9099999999999,2,2,4,224,8,Hibernating,0.3202847882793648,0.6537053828143636,650.2085579350965,765.858893558474
15814,17,6,2634.44,5,4,4,544,13,Champions,0.6186735388793405,0.9857243331858948,612.693505356713,1409.4674939028516
15815,64,5,2100.6,3,4,4,344,11,Loyal Customers,1.2503024527716835,0.965507918831523,438.4143273254917,2025.1175484200014
15816,542,2,144.14999999999998,1,2,1,121,4,Hibernating,0.09700319682987518,1.0,0.0,0.0
15817,421,3,2766.4,1,3,4,134,8,At Risk,0.23479708148759434,0.5971012738631607,1020.8272764706779,889.6415962571499
15818,588,1,340.5,1,1,2,112,4,Hibernating,0.09019076737900442,1.0,0.0,0.0
15819,49,10,3934.79,4,5,5,455,14,Loyal Customers,0.9785695879381019,0.9877852930346905,500.03729547893073,1820.9460399597317
15820,320,1,206.98,2,1,1,211,4,Hibernating,0.15307168487944656,1.0,0.0,0.0
15821,44,2,570.96,4,2,2,422,8,Potential Loyalists,1.0200398659499403,0.8615813665999241,388.0677154848848,1438.2053190905758
15822,3,6,1840.06,5,4,4,544,13,Champions,0.6316862050273367,0.9897663159111207,283.77221343901914,667.483548599131
15823,729,2,3867.17,1,2,5,125,8,Hibernating,0.03137700066866952,0.1676210791302736,90.20461300011459,10.51368502825449
15824,453,2,890.94,1,2,3,123,6,Hibernating,0.13596780405425232,0.5448517437835622,605.2590564950011,304.9297104166347
15825,172,1,532.94,3,1,2,312,6,About to Sleep,0.24745664358264016,1.0,0.0,0.0
15826,56,4,2598.28,4,4,4,444,12,Loyal Customers,0.36414151842521775,0.9641133670275306,908.0886194290874,1227.7595264534177
15827,73,28,3603.14,3,5,5,355,13,Loyal Customers,2.499730579754601,0.9803927789167067,162.2280942412947,1510.7735002541815
15828,375,1,1108.82,2,1,3,213,6,Hibernating,0.13366484280549756,1.0,0.0,0.0
15829,99,2,636.14,3,2,3,323,8,About to Sleep,0.5882103658798692,0.8094187020715294,380.7052971455588,819.231137685419
15830,38,1,576.0,4,1,2,412,7,Promising,,1.0,0.0,0.0
15831,58,3,794.64,4,3,3,433,10,Potential Loyalists,0.5883541615043852,0.9571332015730651,267.4927164830383,581.6851328723287
15832,254,1,836.79,2,1,3,213,6,Hibernating,0.18410988272218,1.0,0.0,0.0
15833,738,1,80.4,1,1,1,111,3,Hibernating,0.07347792093063472,1.0,0.0,0.0
15834,70,7,3761.89,3,4,5,345,12,Loyal Customers,0.8352959299347655,0.9740293083468802,687.1429898468335,2128.931281633423
15835,44,4,954.09,4,4,3,443,11,Loyal Customers,0.8111930192357504,0.9730908508958573,232.38330732922427,697.474878695561
15836,50,1,137.37,4,1,1,411,6,Promising,,1.0,0.0,0.0
15837,65,2,777.01,3,2,3,323,8,About to Sleep,0.2473565659107691,0.9132131557110418,479.12920547128505,438.7866394073708
15838,11,34,73205.5,5,5,5,555,15,Champions,3.2629957397479705,0.9974795701612114,2613.19177104819,31774.159062648916
15839,33,3,1048.49,4,3,3,433,10,Potential Loyalists,1.0744031558797291,0.9562533478565078,412.4197279471623,1626.1642866148325
15840,59,2,355.56,3,2,2,322,7,About to Sleep,0.5592257305535409,0.8897704215094215,142.2985664471217,291.69785516781377
15841,73,9,2742.41,3,5,4,354,12,Loyal Customers,0.9682159549872902,0.986200819587633,313.8564080307332,1131.9012924175165
15842,393,2,548.8,2,2,2,222,6,Hibernating,0.17028583660531146,0.6766592695493718,460.081369866417,290.26911743844676
15843,304,1,118.95000000000002,2,1,1,211,4,Hibernating,0.15969766976244326,1.0,0.0,0.0
15844,46,1,130.73999999999998,4,1,1,411,6,Promising,,1.0,0.0,0.0
15845,18,11,4426.28,5,5,5,555,15,Champions,1.2768293172636158,0.9938332543284446,428.8633681311203,2039.1480374428675
15846,385,1,107.01,2,1,1,211,4,Hibernating,0.1307061164919481,1.0,0.0,0.0
15847,38,5,822.57,4,4,3,443,11,Loyal Customers,0.5840532859755158,0.9835286690384928,194.89762534458794,423.4281017667995
15848,622,1,137.99,1,1,1,111,3,Hibernating,0.08586498797372773,1.0,0.0,0.0
15850,19,6,1006.75,5,4,3,543,12,Champions,0.6364734096384318,0.988514926882874,187.28282438531994,443.83694823184635
15851,527,1,109.73,1,1,1,111,3,Hibernating,0.09962061277201859,1.0,0.0,0.0
15852,187,3,257.26,2,3,1,231,6,At Risk,0.37464987308206543,0.9261104807427242,90.04325333250911,125.18230999206652
15853,52,1,110.8,4,1,1,411,6,Promising,,1.0,0.0,0.0
15854,4,21,5578.28,5,5,5,555,15,Champions,2.1100565104354603,0.9970998784634161,279.9183210726859,2200.8063163579163
15855,137,6,1052.72,3,4,3,343,10,Loyal Customers,0.8946280122374658,0.9500702332047835,148.35468971555804,492.8428393355542
15856,4,52,32274.69,5,5,5,555,15,Champions,4.902280167228281,0.9986404390512237,731.4693702995122,13364.326063369897
15857,19,2,570.48,5,2,2,522,9,Potential Loyalists,0.2780694505921953,0.9239893026564193,364.115637400696,374.4594195851596
15858,16,13,3552.41,5,5,5,555,15,Champions,1.42823035944466,0.9949111331257654,279.6942288281392,1488.2510629972621
15859,432,1,438.46,1,1,2,112,4,Hibernating,0.11839042687154464,1.0,0.0,0.0
15860,41,17,2358.8,4,5,4,454,13,Loyal Customers,1.8666672701444749,0.9929977861404996,136.34952097480854,948.361539429581
15861,12,12,4360.9,5,5,5,555,15,Champions,1.159940788143373,0.9937023448395423,447.6461498519163,1933.4616982273865
15862,8,13,2507.14,5,5,4,554,14,Champions,1.0983880760818967,0.9940573385194728,221.04046397211414,904.3550864774999
15863,26,5,355.1,4,4,2,442,10,Loyal Customers,0.5247986902179197,0.9851870183203574,57.89415908226763,113.10071093236161
15864,22,7,2180.76,4,4,4,444,12,Loyal Customers,1.3290492494590782,0.9884672932497528,333.00270848162785,1641.1054138308814
15865,41,5,2241.42,4,4,4,444,12,Loyal Customers,0.5369586872955144,0.9836685998061944,402.1527783899356,803.7119025892586
15866,101,1,211.89,3,1,1,311,5,About to Sleep,0.35269177608074725,1.0,0.0,0.0
15867,5,31,8869.87,5,5,5,555,15,Champions,3.3744762091351146,0.9980367004758249,286.4103652432747,3601.5331524048866
15868,583,1,94.53,1,1,1,111,3,Hibernating,0.09088452063020412,1.0,0.0,0.0
15869,277,3,321.11,2,3,2,232,7,At Risk,0.18249656222148508,0.8463850725057873,185.67386659755863,125.72047361089103
15870,33,4,857.46,4,4,3,443,11,Loyal Customers,0.4522630781314117,0.9666017818689409,270.24217265457344,452.9504976975914
15871,437,1,33.099999999999994,1,1,1,111,3,Hibernating,0.1172155694457315,1.0,0.0,0.0
15872,15,4,729.25,5,4,3,543,12,Champions,0.3770946672339953,0.9700139384810984,336.2345977757416,470.65684799300504
15873,500,4,313.91999999999996,1,4,2,142,7,At Risk,0.06792846524273723,0.25762047735687205,171.86933221132244,43.23568782682853
15874,64,21,11284.76,3,5,5,355,13,Loyal Customers,1.8184846709355864,0.9878612076048124,719.9571785867017,4877.030733892775
15875,646,1,108.52,1,1,1,111,3,Hibernating,0.08285455053952313,1.0,0.0,0.0
15876,409,2,1449.1399999999999,1,2,4,124,7,Hibernating,0.13657393347406854,0.4703121337324409,874.3263846197102,441.7880582571431
15877,2,2,490.33,5,2,2,522,9,Potential Loyalists,1.691800099807354,0.9267981882059857,308.43734870954336,1884.5475607221674
15878,562,2,330.77,1,2,2,122,5,Hibernating,0.1177534563640119,0.630638019940421,148.1352204595479,64.79709048403197
15879,404,4,1137.8,2,4,3,243,9,At Risk,0.3339165789431299,0.7983921121580525,361.11782156014993,448.72468361545737
15880,369,1,329.03000000000003,2,1,2,212,5,Hibernating,0.13550531899854878,1.0,0.0,0.0
15881,312,5,501.39000000000004,2,4,2,242,8,At Risk,0.28444710441396454,0.5103474510164091,213.94952219433887,225.15793538962066
15882,199,8,1122.38,2,4,3,243,9,At Risk,0.609959955113067,0.950931272639399,195.70627096429268,444.489659746822
15883,2,2,396.48,5,2,2,522,9,Potential Loyalists,1.411582989013995,0.9258350627446482,310.4959196267891,1586.7859797139336
15884,432,2,244.60000000000002,1,2,1,121,4,Hibernating,0.14520223049923484,0.7805641270946182,14.037489062021855,7.57180211507132
15885,93,13,1921.82,3,5,4,354,12,Loyal Customers,1.4838981888538791,0.9789708748918348,151.56353156114744,837.6283191657805
15886,60,4,1052.8700000000001,3,4,3,343,10,Loyal Customers,0.34758882444063166,0.9639086676560324,417.4530949225423,538.952529566098
15887,407,3,1027.15,2,3,3,233,8,At Risk,0.25681087400523117,0.6659752239408591,322.4270698704826,307.38711959220825
15888,81,3,423.49,3,3,2,332,8,Need Attention,0.38791370805994724,0.9588978309339987,189.19346264187143,272.33749988947403
15889,157,8,1407.05,3,4,4,344,11,Loyal Customers,0.8366135823133197,0.9634848392302996,167.1627894187317,520.8743730052145
15890,395,5,535.65,2,4,2,242,8,At Risk,0.2721318503404457,0.7614869199201786,151.24329966863104,152.88453955752308
15891,227,1,509.13,2,1,2,212,5,Hibernating,0.20173801607918165,1.0,0.0,0.0
15892,669,1,128.2,1,1,1,111,3,Hibernating,0.0802656242684186,1.0,0.0,0.0
15893,482,1,305.28000000000003,1,1,2,112,4,Hibernating,0.10780208070484709,1.0,0.0,0.0
15894,253,2,257.6,2,2,1,221,5,Hibernating,0.25726405992948875,0.7495539373290261,133.8099887236554,127.13508988960663
15895,150,1,179.17,3,1,1,311,5,About to Sleep,0.2739145050136915,1.0,0.0,0.0
15897,194,2,208.59,2,2,1,221,5,Hibernating,0.22653585877028207,1.0,0.0,0.0
15898,1,25,4992.7,5,5,5,555,15,Champions,2.6811022423221598,0.9978810521230279,201.49870900442502,2013.1054616580864
15899,369,1,56.25,2,1,1,211,4,Hibernating,0.13581700847386274,1.0,0.0,0.0
15900,24,4,886.5699999999999,4,4,3,443,11,Loyal Customers,0.5144418804407449,0.9798804060219516,266.84061573173466,509.9958413663904
15901,17,6,667.89,5,4,3,543,12,Champions,0.8280469992480521,0.9883603716697499,97.6503073438768,300.52908842160446
15902,380,1,145.01,2,1,1,211,4,Hibernating,0.1321689089621538,1.0,0.0,0.0
15903,10,12,8939.84,5,5,5,555,15,Champions,1.3761529838626643,0.9949742418028272,822.4537251942377,4215.394405379002
15904,8,1,164.68,5,1,1,511,7,New Customers,,1.0,0.0,0.0
15905,543,1,114.69,1,1,1,111,3,Hibernating,0.09684416987153996,1.0,0.0,0.0
15906,20,10,2530.19,4,5,4,454,13,Loyal Customers,1.3267087265518058,0.9906656236418477,355.0099381047492,1748.868239997303
15907,4,3,881.87,5,3,3,533,11,Potential Loyalists,0.8445374965280257,0.9709313628494727,362.847361794644,1128.1881827377301
15908,491,2,758.62,1,2,3,123,6,Hibernating,0.09037736540494118,0.350034606689321,700.9947133876182,234.6687211206033
15909,174,1,191.94,3,1,1,311,5,About to Sleep,0.24642202406009986,1.0,0.0,0.0
15910,1,15,2661.17,5,5,4,554,14,Champions,1.7493533110956618,0.9965873644316807,185.40912519848152,1208.0599926046673
15911,624,8,1683.79,1,4,4,144,9,At Risk,0.0031225900100406573,0.004141765252625345,243.7808664771509,2.834904865595887
15912,178,9,1074.7,3,5,3,353,11,Loyal Customers,0.6151212787658644,0.9589778075447085,133.15933085612207,304.99165144045475
15913,534,1,6.300000000000001,1,1,1,111,3,Hibernating,0.0982944745211417,1.0,0.0,0.0
15914,378,2,205.99,2,2,1,221,5,Hibernating,0.1327632428396258,1.0,0.0,0.0
15915,402,1,364.24,2,1,2,212,5,Hibernating,0.12623549265081194,1.0,0.0,0.0
15916,16,13,3145.2400000000002,5,5,5,555,15,Champions,1.3147636192973298,0.9944565423895768,254.98424107462566,1248.9323509132373
15917,248,5,530.17,2,4,2,242,8,At Risk,0.3838644457849382,0.9353152455422327,151.17489475648023,215.97595093754853
15918,191,3,582.88,2,3,2,232,7,At Risk,0.3216113633698964,0.9362657824855272,185.08023239322034,221.17382825979982
15919,20,2,525.69,4,2,2,422,8,Potential Loyalists,0.317547958291393,0.9230637089279107,381.8072380483198,447.75470641297625
15920,154,8,565.19,3,4,2,342,9,Loyal Customers,0.5124092917012777,0.9655971540915653,116.91425386817228,223.01444889252872
15921,173,4,765.61,3,4,3,343,10,Loyal Customers,0.44466629042692996,0.9523839989729118,236.789114966189,391.5217540373108
15922,373,1,369.5,2,1,2,212,5,Hibernating,0.13427274956574617,1.0,0.0,0.0
15923,373,1,127.08,2,1,1,211,4,Hibernating,0.13457878308954516,1.0,0.0,0.0
15924,731,1,102.82,1,1,1,111,3,Hibernating,0.07403029566066299,1.0,0.0,0.0
15925,194,1,207.15,2,1,1,211,4,Hibernating,0.22653585877028207,1.0,0.0,0.0
15926,542,1,134.44,1,1,1,111,3,Hibernating,0.09700319682987518,1.0,0.0,0.0
15927,647,1,106.54,1,1,1,111,3,Hibernating,0.08273851928885168,1.0,0.0,0.0
15928,656,1,293.53,1,1,2,112,4,Hibernating,0.08170868571805895,1.0,0.0,0.0
15929,644,1,594.0,1,1,2,112,4,Hibernating,0.08308759248642612,1.0,0.0,0.0
15930,67,1,426.63,3,1,2,312,6,About to Sleep,,1.0,0.0,0.0
15931,428,1,239.9,1,1,1,111,3,Hibernating,0.11934741925685605,1.0,0.0,0.0
15932,4,8,2495.87,5,5,4,554,14,Champions,1.9344499971220452,0.992357451394139,319.64420106260746,2288.2962664486945
15933,21,3,1107.46,4,3,3,433,10,Potential Loyalists,1.5204963566785037,0.9582115415698835,383.03012273509586,2127.6126224388277
15934,418,2,2190.66,1,2,4,124,7,Hibernating,0.1089729209521121,0.36137193720220145,706.6860565117681,284.8053211684124
15935,239,1,108.03999999999999,2,1,1,211,4,Hibernating,0.19315093844229075,1.0,0.0,0.0
15936,379,2,282.79,2,2,1,221,5,Hibernating,0.1725910267228547,0.6163438759314512,139.0896176643563,88.84765382969363
15937,64,1,145.35,3,1,1,311,5,About to Sleep,,1.0,0.0,0.0
15938,112,9,734.81,3,5,3,353,11,Loyal Customers,1.2135625592792274,0.9665973620336706,80.02518954322923,361.15396653870266
15939,90,15,9004.84,3,5,5,355,13,Loyal Customers,2.5877913842031797,0.9230871212116345,475.89194813698225,4568.774606646187
15940,311,1,35.8,2,1,1,211,4,Hibernating,0.1563144118841396,1.0,0.0,0.0
15941,637,1,405.0,1,1,2,112,4,Hibernating,0.0839136696563527,1.0,0.0,0.0
15942,134,1,337.44,3,1,2,312,6,About to Sleep,0.2959364176547523,1.0,0.0,0.0
15943,650,2,271.28999999999996,1,2,1,121,4,Hibernating,0.05708201048806583,0.28426451072620057,180.76962411823786,38.30801326856234
15944,277,4,2164.24,2,4,4,244,10,At Risk,0.38297722142815005,0.9203511473552694,558.9651254697269,796.6461989013965
15945,365,4,646.27,2,4,3,243,9,At Risk,0.3515723635750903,0.8577015101949118,185.83391483393603,243.15943560651925
15946,503,3,2304.18,1,3,4,134,8,At Risk,0.129782849219566,0.6080030282513269,1396.0166920125419,672.2743738867584
15947,83,1,1708.24,3,1,4,314,8,About to Sleep,,1.0,0.0,0.0
15948,8,3,1509.0900000000001,5,3,4,534,12,Potential Loyalists,0.47453017130277025,0.9705153983677788,525.2076780276848,923.258318954499
15949,17,2,364.72,5,2,2,522,9,Potential Loyalists,1.0008285770548038,0.9127542581159181,159.08197404301944,579.0943697397581
15950,32,10,7120.91,4,5,5,455,14,Loyal Customers,1.1547354698013623,0.9919006450781739,744.1739853882866,3199.8467523553068
15951,9,3,1013.17,5,3,3,533,11,Potential Loyalists,0.5202324805937584,0.9703917217812942,389.9147171725852,750.7747775758165
15952,34,4,781.91,4,4,3,443,11,Loyal Customers,1.1050363912577204,0.9727976424773853,195.67886009179614,797.4252063754882
15953,15,18,3440.3399999999997,5,5,5,555,15,Champions,1.9774800707129563,0.9960936634944527,182.5666255122305,1345.2549239896855
15954,589,1,187.8,1,1,1,111,3,Hibernating,0.09005328631278696,1.0,0.0,0.0
15955,24,22,8085.9800000000005,4,5,5,455,14,Loyal Customers,2.200573335012561,0.9949052787372938,457.65343895317534,3750.2686774401077
15956,551,2,617.6,1,2,3,123,6,Hibernating,0.12035497220806625,0.6389193221188294,357.0922778006811,159.63837953111647
15957,32,3,921.25,4,3,3,433,10,Potential Loyalists,0.2827354943919137,0.9205231609834318,523.8244128568972,547.6275769704758
15958,74,4,462.12,3,4,2,342,9,Loyal Customers,0.5203367365971551,0.9721318177083614,142.17572301286475,274.8038106118185
15959,682,3,542.89,1,3,2,132,6,At Risk,0.07887266767056618,1.0,0.0,0.0
15960,374,4,410.95,2,4,2,242,8,At Risk,0.16741998088384227,0.25426929749811983,89.79438595073486,55.746628199274895
15961,379,1,451.28999999999996,2,1,2,212,5,Hibernating,0.13246540867576337,1.0,0.0,0.0
15962,449,1,289.48,1,1,2,112,4,Hibernating,0.11448889675646744,1.0,0.0,0.0
15963,20,2,470.76,4,2,2,422,8,Potential Loyalists,1.226200903536586,0.9035011909916603,235.41862735076768,1046.7968837455169
15964,663,1,269.21000000000004,1,1,1,111,3,Hibernating,0.08092526444025787,1.0,0.0,0.0
15965,17,13,2771.94,5,5,4,554,14,Champions,1.1908141970275492,0.9939355780360665,265.23318579947403,1176.6647968207774
15966,451,1,426.53000000000003,1,1,2,112,4,Hibernating,0.11426739292747329,1.0,0.0,0.0
15967,23,12,2966.0,4,5,5,455,14,Loyal Customers,1.1872359815074904,0.9934249199665491,286.28487333231453,1266.2596121104739
15968,388,1,401.8,2,1,2,212,5,Hibernating,0.12984389339853405,1.0,0.0,0.0
15969,3,5,1127.05,5,4,3,543,12,Champions,0.7050325617474045,0.9870318905708287,268.43488604904496,703.0341875752817
15970,304,2,1017.32,2,2,3,223,7,Hibernating,0.1851197572997532,0.8237791507283078,384.8224389800504,264.2134767937494
15971,18,18,5897.88,5,5,5,555,15,Champions,1.8765208604104733,0.9957357663268842,361.3521424829497,2526.5686632582288
15972,456,5,1769.33,1,4,4,144,9,At Risk,0.2177149221054468,0.4398346241923151,378.09699026870953,305.9600757828649
15973,367,2,665.62,2,2,3,223,7,Hibernating,0.17255929286758553,0.5710768720721119,377.2178358269308,240.7267558574537
15974,39,7,3442.15,4,4,5,445,13,Loyal Customers,1.668951187122726,0.9820867241784097,459.43822398226786,2837.055155058659
15975,84,1,371.01,3,1,2,312,6,About to Sleep,,1.0,0.0,0.0
15976,165,6,1680.31,3,4,4,344,11,Loyal Customers,0.780415399308948,0.9437727641029587,307.43867921477505,891.8351131506112
15977,17,2,1054.73,5,2,3,523,10,Potential Loyalists,1.299753309173395,0.9051045693326353,851.0282055327642,4007.946952332992
15978,77,3,3279.42,3,3,5,335,11,Need Attention,0.32439089885085254,0.9619977428574819,1470.0237862484692,1772.1358935711487
15979,603,1,329.22,1,1,2,112,4,Hibernating,0.08830344856574789,1.0,0.0,0.0
15980,89,7,6543.68,3,4,5,345,12,Loyal Customers,0.5139519026893689,0.9695751774674642,1564.0554749080552,2986.210958274026
15981,25,21,9362.77,4,5,5,455,14,Loyal Customers,2.7028138867787397,0.9950460358741076,453.220314052611,4560.415748924931
15982,605,1,324.51,1,1,2,112,4,Hibernating,0.08790925800881981,1.0,0.0,0.0
15983,22,8,3110.37,4,5,5,455,14,Loyal Customers,0.8564752601715918,0.9913305751048477,413.8351427216971,1320.1520802168036
15984,3,30,8393.02,5,5,5,555,15,Champions,2.7596868544150706,0.9979053355438151,339.0042342914781,3486.4315887439525
15985,123,7,2715.28,3,4,4,344,11,Loyal Customers,0.7861049222562405,0.966097008776113,462.3161258959565,1351.0500976617986
15986,30,2,354.42,4,2,2,422,8,Potential Loyalists,0.3072997330180655,0.9200810413876966,208.0517433920889,236.19013934609293
15987,12,8,1535.99,5,5,4,554,14,Champions,1.3372621215915064,0.9901098594200322,246.56845899365314,1222.600246860188
15988,19,3,736.39,5,3,3,533,11,Potential Loyalists,0.32155495058759714,0.9697284531361076,258.1215620816508,308.48838528350086
15989,376,2,368.31,2,2,2,222,6,Hibernating,0.15218425939687977,0.819118280886881,280.7435152522432,158.71586077061113
15990,44,7,1997.75,4,4,4,444,12,Loyal Customers,0.8289684143861799,0.9874417465609981,310.6161434568604,958.2673804669375
15991,534,1,150.55,1,1,1,111,3,Hibernating,0.0982944745211417,1.0,0.0,0.0
15992,4,3,896.6,5,3,3,533,11,Potential Loyalists,0.4483282389171435,0.9713216118510885,317.4156109124057,527.4546343147748
15993,9,7,2768.97,5,4,4,544,13,Champions,3.798797411886003,0.9817276415262062,390.72253594092047,5409.743835129586
15994,55,3,1175.68,4,3,3,433,10,Potential Loyalists,0.32966910073526057,0.9652393361730983,432.08765048099207,529.311815680079
15995,414,1,694.54,1,1,3,113,5,Hibernating,0.12282237362526108,1.0,0.0,0.0
15996,88,7,1386.4,3,4,4,344,11,Loyal Customers,1.2549506558708492,0.9668832329597348,177.8759313348455,827.9900316521165
15998,37,16,8274.14,4,5,5,455,14,Loyal Customers,1.632798848044599,0.9933222958613708,548.0705508273339,3334.4057070627946
15999,736,1,20.4,1,1,1,111,3,Hibernating,0.07366112737804592,1.0,0.0,0.0
16000,3,3,12393.7,5,3,5,535,13,Potential Loyalists,,1.0,0.0,0.0
16001,381,1,583.39,2,1,2,212,5,Hibernating,0.1318737347434386,1.0,0.0,0.0
16002,625,1,169.21,1,1,1,111,3,Hibernating,0.08536869620497321,1.0,0.0,0.0
16003,30,10,5613.83,4,5,5,455,14,Loyal Customers,0.8527411482864937,0.9907212986665453,766.1578741022952,2433.4765580145868
16004,475,5,2146.39,1,4,4,144,9,At Risk,0.25577567697443904,0.5812432639389203,599.9479834967858,570.8407851672703
16005,12,10,2365.07,5,5,4,554,14,Champions,1.5028949986043023,0.9925338834678183,270.71457888751866,1510.8815027175638
16006,211,2,332.82,2,2,2,222,6,Hibernating,0.2698808803751343,0.8189117031947029,127.25888951053807,126.89713123316308
16007,48,7,3053.06,4,4,5,445,13,Loyal Customers,0.9721461523549945,0.9859607831389319,463.44109698010243,1674.7962223057493
16008,24,15,5339.13,4,5,5,455,14,Loyal Customers,1.8888208092705474,0.9944127491986744,365.35800271744256,2569.0663773811716
16009,22,4,972.11,4,4,3,443,11,Loyal Customers,1.433862074673566,0.9744230541060064,189.04714642780266,996.5992961187872
16010,246,11,1694.86,2,5,4,254,11,Cannot Lose Them,0.2545945470087326,0.1392923004921248,179.78535327815982,169.88506200158926
16011,8,29,5599.31,5,5,5,555,15,Champions,3.206944154681709,0.9977545977510558,194.83714164507543,2328.5901431366187
16012,35,5,2978.59,4,4,5,445,13,Loyal Customers,0.6939509775366749,0.9831109235076867,524.581574655524,1352.4157971242746
16013,4,84,56078.44,5,5,5,555,15,Champions,5.499134061578546,0.9988248111794323,1146.6847282556275,23500.73703326798
16014,38,5,1100.28,4,4,3,443,11,Loyal Customers,0.5558807973718852,0.9838426886541491,224.01821329896188,463.37620137869294
16015,4,3,704.26,5,3,3,533,11,Potential Loyalists,2.04173882894387,0.9696885862591734,223.01396435348346,1657.0280762742748
16016,3,11,2083.4,5,5,4,554,14,Champions,1.8523664824486639,0.9942685929370869,205.24249060127005,1410.8371053141946
16017,47,5,1545.58,4,4,4,444,12,Loyal Customers,0.5365538981587435,0.9829270560472328,251.82143509868143,502.8917401403754
16018,39,4,698.13,4,4,3,443,11,Loyal Customers,0.4042880634855462,0.9789359236108564,179.07834312392347,269.4410426222038
16019,47,27,17329.16,4,5,5,455,14,Loyal Customers,2.5613851003127093,0.9916361558672664,755.1618079844973,7207.451459170042
16020,17,3,851.01,5,3,3,533,11,Potential Loyalists,1.0462415531295923,0.9118999523757865,406.7522738690624,1546.861455386647
16021,395,2,487.03,2,2,2,222,6,Hibernating,0.16948758236966338,0.6928172175399876,414.47796942907877,260.3413711983451
16022,260,1,602.63,2,1,2,212,5,Hibernating,0.18072642592044869,1.0,0.0,0.0
16023,46,3,719.81,4,3,3,433,10,Potential Loyalists,0.6924456288934886,0.9583937551762804,298.8595202567067,763.5316196926763
16024,12,3,478.71,5,3,2,532,10,Potential Loyalists,0.2895813468678715,0.9253242940102332,302.05577886608154,323.36343642473247
16025,30,1,439.65999999999997,4,1,2,412,7,Promising,,1.0,0.0,0.0
16026,43,1,236.09,4,1,1,411,6,Promising,,1.0,0.0,0.0
16027,92,15,2048.36,3,5,4,354,12,Loyal Customers,1.688237544441452,0.9784100446588632,140.13295360699655,881.2491266477286
16028,596,1,82.2,1,1,1,111,3,Hibernating,0.08923712577762925,1.0,0.0,0.0
16029,39,106,109620.87,4,5,5,455,14,Loyal Customers,7.72179371680469,0.9796848124058285,1545.5503350470406,44479.46594255881
16030,310,1,331.24,2,1,2,212,5,Hibernating,0.15714670008696946,1.0,0.0,0.0
16031,92,2,547.9,3,2,2,322,7,About to Sleep,0.41920441901124356,0.8781167645223491,297.84176310607256,459.31775737372595
16032,456,6,1965.72,1,4,4,144,9,At Risk,0.016405693025022636,0.01893728411249933,323.2515502711443,19.705309786187772
16033,6,27,10608.81,5,5,5,555,15,Champions,4.029194211563183,0.9975315096858554,431.5576241101027,6464.04919823195
16034,196,6,911.3199999999999,2,4,3,243,9,At Risk,0.887019846705548,0.8252240283757667,146.57467972506907,482.2566336166163
16035,560,1,217.73,1,1,1,111,3,Hibernating,0.0942183625088695,1.0,0.0,0.0
16036,87,4,2556.84,3,4,4,344,11,Loyal Customers,0.4667769232883316,0.9713691648562163,605.7905444675719,1051.2372374784236
16037,270,5,1509.34,2,4,4,244,10,At Risk,0.5256506158778939,0.8939611663410955,303.0235890739288,592.5486731564438
16038,8,3,471.78000000000003,5,3,2,532,10,Potential Loyalists,0.8720636540723834,0.9697178325861182,86.82277478895801,278.6417907695223
16039,424,2,456.4,1,2,2,122,5,Hibernating,0.15665854822112257,0.728654998133094,383.393548578668,222.84884417976616
16040,65,7,2416.9,3,4,4,344,11,Loyal Customers,0.8750380652917487,0.9838870022591479,351.1340753238774,1143.023197680301
16041,31,3,3166.4,4,3,5,435,12,Potential Loyalists,0.6569810494824966,0.9084671707354847,521.0513967389603,1252.4127759781968
16042,22,8,2245.32,4,5,4,454,13,Loyal Customers,0.9709161737003735,0.9872118086537272,332.55774918533047,1198.560910492551
16043,38,8,1856.5900000000001,4,5,4,454,13,Loyal Customers,1.2479869954314617,0.9880382685404808,195.70296851226794,907.2966219653983
16044,435,1,340.84000000000003,1,1,2,112,4,Hibernating,0.11768270116380831,1.0,0.0,0.0
16045,120,8,3434.9300000000003,3,5,5,355,13,Loyal Customers,1.0231856922838984,0.9608566976676867,423.94104834109396,1611.5502884472326
16046,562,1,235.78,1,1,1,111,3,Hibernating,0.09391878001933342,1.0,0.0,0.0
16048,373,4,818.7900000000001,2,4,3,243,9,At Risk,0.2873527766969435,0.7379656271859989,340.386167054673,363.07221421092424
16049,40,6,1852.15,4,4,4,444,12,Loyal Customers,0.8636519575724729,0.985046243305638,336.9797996157186,1081.3115017280898
16050,174,3,300.7,3,3,2,332,8,Need Attention,0.46617220185774205,0.90856226636979,117.09417769747296,202.12047409044806
16051,682,1,188.44,1,1,1,111,3,Hibernating,0.07897809879543752,1.0,0.0,0.0
16052,54,1,362.06,4,1,2,412,7,Promising,,1.0,0.0,0.0
16053,33,6,3634.84,4,4,5,445,13,Loyal Customers,0.6112032553909287,0.9840322263727134,785.6814554506343,1785.7266418267338
16054,145,4,2111.88,3,4,4,344,11,Loyal Customers,0.4627222382822629,0.9587125631047222,588.5353492564554,1012.3897883538078
16055,221,1,134.8,2,1,1,211,4,Hibernating,0.20596466944583672,1.0,0.0,0.0
16056,45,1,650.75,4,1,3,413,8,Promising,,1.0,0.0,0.0
16057,16,10,3854.85,5,5,5,555,15,Champions,0.7750669303267418,0.9905174206132024,586.9156536808862,1693.705079337551
16058,406,1,62.7,2,1,1,211,4,Hibernating,0.1249005254487107,1.0,0.0,0.0
16059,66,12,3053.57,3,5,5,355,13,Loyal Customers,1.6306292029824676,0.984649737147457,264.13366718331736,1602.2521838058608
16060,401,3,541.95,2,3,2,232,7,At Risk,0.2315145467269053,0.5412965072595317,109.56329674954314,94.08072005320882
16061,431,1,89.65,1,1,1,111,3,Hibernating,0.11862823222691524,1.0,0.0,0.0
16062,10,8,2863.45,5,5,4,554,14,Champions,0.9883921062119003,0.9908869606617551,398.88361265396344,1465.460598996623
16063,260,1,335.32,2,1,2,212,5,Hibernating,0.18072642592044869,1.0,0.0,0.0
16064,725,1,109.31,1,1,1,111,3,Hibernating,0.0745910409712512,1.0,0.0,0.0
16065,365,8,1992.13,2,5,4,254,11,Cannot Lose Them,0.10337664353334501,0.1071427684750926,323.6949986273313,124.23320753109194
16066,17,5,1521.04,5,4,4,544,13,Champions,2.180479496638129,0.9807362925831775,315.84177086445476,2528.374047532072
16067,563,3,3269.11,1,3,5,135,9,At Risk,0.13922580312715357,0.43093505999843446,773.2009568940946,400.18062558114866
16068,594,1,115.73,1,1,1,111,3,Hibernating,0.08950752982197797,1.0,0.0,0.0
16069,418,1,457.7,1,1,2,112,4,Hibernating,0.12206079834985283,1.0,0.0,0.0
16070,22,2,852.15,4,2,3,423,9,Potential Loyalists,1.3753523211000445,0.8927896233161785,204.63693751759888,1018.8071459536374
16071,45,4,1076.8,4,4,3,443,11,Loyal Customers,0.4470811093655005,0.9779364909873913,288.8342659034099,480.24248472088084
16072,288,4,4180.09,2,4,5,245,11,At Risk,0.3362847968977707,0.8636304959652731,1334.8787045101653,1666.305975366832
16073,297,1,122.39999999999999,2,1,1,211,4,Hibernating,0.16233292881858924,1.0,0.0,0.0
16074,390,1,252.5,2,1,1,211,4,Hibernating,0.12927537531897984,1.0,0.0,0.0
16075,503,2,736.9300000000001,1,2,3,123,6,Hibernating,0.11137314978484895,0.4702051933808048,328.0664278675161,135.44924171290222
16076,3,10,2234.73,5,5,4,554,14,Champions,2.8406707811351137,0.9932968665647697,246.99947886178208,2590.0114673202715
16077,626,1,2300.4,1,1,4,114,6,Hibernating,0.08536869620497321,1.0,0.0,0.0
16078,284,2,362.99,2,2,2,222,6,Hibernating,0.17291100056308928,0.851805716830664,100.37637517944651,64.42872283871874
16079,17,3,1352.0,5,3,4,534,12,Potential Loyalists,2.18775234512089,0.9563241030955576,464.16098781268437,3691.234633584376
16080,82,4,602.5600000000001,3,4,2,342,9,Loyal Customers,0.6184745586136657,0.9675065335521911,106.02332878055026,243.2192949986022
16081,56,8,4278.96,4,5,5,455,14,Loyal Customers,0.9210800833316716,0.9872371866919347,612.8003766775081,2101.3081557605137
16082,670,1,106.75,1,1,1,111,3,Hibernating,0.08015672870124683,1.0,0.0,0.0
16083,101,4,2351.42,3,4,4,344,11,Loyal Customers,0.6956140859194808,0.957088829151742,582.1371964792409,1500.260292473976
16084,299,1,436.18,2,1,2,212,5,Hibernating,0.1614448869087613,1.0,0.0,0.0
16085,23,12,2324.71,4,5,4,454,13,Loyal Customers,1.385384069082061,0.9937243007447245,191.46477753457714,987.8658515748638
16086,59,10,2687.73,3,5,4,354,12,Loyal Customers,1.072101864393312,0.9887734184622643,272.70821005859926,1089.1678559169213
16087,389,5,1739.92,2,4,4,244,10,At Risk,0.40117954125929156,0.7215282536663695,365.2168634466398,545.2617885813702
16088,576,2,1437.43,1,2,4,124,7,Hibernating,0.06312561489887857,0.27794337732584556,866.9881847617636,202.9641163483547
16089,386,2,263.49,2,2,1,221,5,Hibernating,0.1730974727880758,0.6669284829060481,136.26816458366062,87.36631825756906
16090,624,1,180.56,1,1,1,111,3,Hibernating,0.08549223030326701,1.0,0.0,0.0
16091,155,2,315.06,3,2,2,322,7,About to Sleep,0.42235159001767025,0.7457496882363798,195.56711624102792,303.1919917337602
16092,115,6,1587.94,3,4,4,344,11,Loyal Customers,0.6307465216362769,0.9688340609356707,292.28078174133054,685.3135831658276
16093,107,1,17.0,3,1,1,311,5,About to Sleep,0.3424252436554604,1.0,0.0,0.0
16094,12,11,3695.56,5,5,5,555,15,Champions,1.295666399277328,0.9936781709007493,381.26248336519274,1838.1023566211425
16095,456,1,447.05,1,1,2,112,4,Hibernating,0.11295617413277576,1.0,0.0,0.0
16096,264,4,1584.97,2,4,4,244,10,At Risk,0.4219217257532763,0.9100810000264535,358.04260321756175,561.7572233201117
16097,240,1,185.04999999999998,2,1,1,211,4,Hibernating,0.19252062212463708,1.0,0.0,0.0
16098,88,14,4010.7,3,5,5,355,13,Loyal Customers,1.5307425688808025,0.9819993523160816,300.9323145321239,1716.1821453453927
16099,50,7,1573.2,4,4,4,444,12,Loyal Customers,0.8317974832218009,0.9866458711785085,247.24304265066388,765.3396467225573
16100,463,1,582.64,1,1,2,112,4,Hibernating,0.11167472562306198,1.0,0.0,0.0
16101,71,4,3229.16,3,4,5,345,12,Loyal Customers,0.5116853101075527,0.9730747434862477,852.6183973757261,1620.8045425630169
16102,42,3,1842.14,4,3,4,434,11,Potential Loyalists,1.1741211828150668,0.9466290044248599,551.0262764193511,2371.299535528175
16103,7,22,6191.71,5,5,5,555,15,Champions,2.425004177840209,0.9971332526890977,302.3811224318132,2731.7544496244404
16104,62,9,2774.46,3,5,4,354,12,Loyal Customers,0.8528803698075793,0.9871696554639446,305.93448410981694,971.8479539025396
16105,249,5,2386.19,2,4,4,244,10,At Risk,0.5630693745253498,0.8984746894181972,469.00649691691007,981.964299295597
16106,66,1,108.38,3,1,1,311,5,About to Sleep,,1.0,0.0,0.0
16107,18,7,3204.1600000000003,5,4,5,545,14,Champions,2.388895759900404,0.9867673197680934,459.15500183619474,4043.1145056539876
16108,85,4,2235.92,3,4,4,344,11,Loyal Customers,0.459741540129454,0.972097478867708,676.7682824391392,1156.8398462367975
16109,219,3,939.48,2,3,3,233,8,At Risk,0.2924753174655045,0.9334150995341621,337.1492574981446,366.651247131955
16110,45,4,1781.59,4,4,4,444,12,Loyal Customers,0.5476565687775372,0.9765681381650597,468.76461875599705,953.267282668396
16111,428,1,549.33,1,1,2,112,4,Hibernating,0.11934741925685605,1.0,0.0,0.0
16112,143,4,195.73999999999998,3,4,1,341,8,Loyal Customers,0.749535788623944,0.9173566806881333,45.09578654310327,125.08755226953949
16113,183,1,161.38,3,1,1,311,5,About to Sleep,0.23653354894883954,1.0,0.0,0.0
16114,171,1,135.75000000000003,3,1,1,311,5,About to Sleep,0.24955222925825696,1.0,0.0,0.0
16115,10,12,2553.8,5,5,4,554,14,Champions,1.6346013348254447,0.9948399575031224,218.77449817096968,1330.405118995811
16116,212,1,612.78,2,1,3,213,6,Hibernating,0.2126481454511656,1.0,0.0,0.0
16117,190,3,654.4,2,3,3,233,8,At Risk,0.33996671704697307,0.9328166640999515,287.3194721423153,362.77864506511537
16118,653,1,4376.25,1,1,5,115,7,Hibernating,0.08216320573954396,1.0,0.0,0.0
16119,8,8,1720.81,5,5,4,554,14,Champions,0.8683105916670089,0.9924274898145461,225.77556520920436,730.1302424741563
16120,59,6,2967.51,3,4,5,345,12,Loyal Customers,0.2791151616576219,0.9124817765996303,1589.7403245660566,1640.7698512632992
16121,57,5,1450.04,4,4,4,444,12,Loyal Customers,0.5095816966771275,0.9752691117256644,460.9863334659983,872.7630124760443
16122,73,6,895.62,3,4,3,343,10,Loyal Customers,1.0140487080375464,0.9752818771685757,162.66936842836094,612.031948241927
16123,52,1,307.78,4,1,2,412,7,Promising,,1.0,0.0,0.0
16124,317,4,1772.49,2,4,4,244,10,At Risk,0.37030895096752525,0.8966595051345654,464.70915244920064,640.4352083380419
16125,367,14,4292.35,2,5,5,255,12,Cannot Lose Them,0.07592862210982726,0.0487713814494454,281.1776254205094,79.53932791877597
16126,29,15,14644.6,4,5,5,455,14,Loyal Customers,1.6361962809125141,0.9941486390320332,1046.8960953013536,6382.416241506669
16127,39,2,801.31,4,2,3,423,9,Potential Loyalists,0.1737558541104631,0.922404537890749,799.1401091774816,515.7689451407172
16128,18,11,3801.05,5,5,5,555,15,Champions,1.4992580685228134,0.9928108935107957,394.32756483540743,2197.532044416355
16129,407,3,1396.05,2,3,4,234,9,At Risk,0.2302605314357764,0.5508871932803455,521.8502743759894,445.76889101479156
16130,422,4,987.48,1,4,3,143,8,At Risk,0.2973812793998345,0.6161432172595572,277.16683796841176,306.41478977667845
16131,52,12,9957.42,4,5,5,455,14,Loyal Customers,0.8497224198117334,0.9884473299193871,1266.2431671262414,4007.6441933559568
16132,544,2,664.1999999999999,1,2,3,123,6,Hibernating,0.10660197278696039,0.49511521681496945,380.8263895524556,150.625429020895
16133,4,56,22992.260000000002,5,5,5,555,15,Champions,6.541504552429747,0.9988078856494026,456.59702963658646,11121.364283037863
16134,22,5,2145.34,4,4,4,444,12,Loyal Customers,0.6826177610002366,0.9849753101541899,324.7313785866364,823.6292375493048
16135,263,2,819.45,2,2,3,223,7,Hibernating,0.19430240242453056,0.8450896661468448,631.1849408116078,454.7651270568495
16136,60,4,946.8,3,4,3,343,10,Loyal Customers,0.44136843825482225,0.9761713361591865,252.34214674487166,414.2387100278276
16137,680,1,422.7,1,1,2,112,4,Hibernating,0.07908381226192542,1.0,0.0,0.0
16138,379,3,910.35,2,3,3,233,8,At Risk,0.28287763960267065,0.77498964726044,217.8929653088912,228.91633146481524
16139,19,5,1111.15,5,4,3,543,12,Champions,0.5159562043306348,0.9858247003394879,198.45503672650182,381.2081412709204
16140,66,3,1433.46,3,3,4,334,10,Need Attention,0.45347944978630783,0.9597153786917423,399.2037165090862,670.8404137101976
16141,88,2,955.94,3,2,3,323,8,About to Sleep,0.278874367961666,0.9023386177651186,755.7284813049756,779.2291773711837
16142,250,1,535.34,2,1,2,212,5,Hibernating,0.1870278887373049,1.0,0.0,0.0
16143,3,12,4555.08,5,5,5,555,15,Champions,1.3160490898273294,0.9954288423223134,393.35811088867086,1928.5819392442695
16144,247,1,175.2,2,1,1,211,4,Hibernating,0.18882358654346307,1.0,0.0,0.0
16145,9,19,6805.4400000000005,5,5,5,555,15,Champions,2.5808442762611428,0.9966727499680784,334.1099508457969,3208.949502136771
16146,157,4,946.38,3,4,3,343,10,Loyal Customers,0.600507979505446,0.9357502059781722,261.10067999907864,581.5496714676337
16147,134,5,2398.91,3,4,4,344,11,Loyal Customers,0.5507855521454508,0.9682528153885988,451.6585620588919,925.6390413545093
16148,296,2,386.62,2,2,2,222,6,Hibernating,0.22118536343146733,0.7438751957450087,96.88891386081843,79.26784402566143
16149,5,3,422.22,5,3,2,532,10,Potential Loyalists,0.47003199037225263,0.9711482296718724,155.66324215952508,271.0711924333736
16150,43,10,4002.17,4,5,5,455,14,Loyal Customers,1.0948677484587341,0.9908713903250236,414.42769017419926,1690.1366550687326
16152,269,1,1829.04,2,1,4,214,7,Hibernating,0.17640422904487194,1.0,0.0,0.0
16153,50,11,5133.49,4,5,5,455,14,Loyal Customers,1.513322471658836,0.9885424152490064,380.752349289449,2143.233485631769
16155,382,5,796.9,2,4,3,243,9,At Risk,0.31991436687167807,0.5869926881498906,202.4167377952345,240.50884568953293
16156,9,20,6188.18,5,5,5,555,15,Champions,1.9761361277119445,0.9966603659096483,350.1626615784494,2578.4630148366678
16157,16,3,656.69,5,3,3,533,11,Potential Loyalists,1.6828557983073855,0.9617070602508632,269.50277707059485,1654.653282231364
16158,522,9,628.32,1,5,3,153,9,Cannot Lose Them,0.03361222849785408,0.038953384715478795,71.1112642449976,8.902680528485886
16159,282,4,1232.79,2,4,4,244,10,At Risk,0.3778745808936589,0.9195721413172648,325.1919106119846,457.3320572477884
16160,65,2,1025.44,3,2,3,323,8,About to Sleep,0.8262242745132369,0.831373736037297,275.11271833154154,827.9108890843897
16161,2,43,12580.06,5,5,5,555,15,Champions,5.105812204917809,0.9987869950100298,302.89541537655026,5760.8535405931225
16162,252,1,37.4,2,1,1,211,4,Hibernating,0.18526607362430278,1.0,0.0,0.0
16163,232,6,2407.98,2,4,4,244,10,At Risk,0.5932778052215073,0.9342474561372529,334.8019294178095,739.6545839214039
16164,17,3,822.48,5,3,3,533,11,Potential Loyalists,2.1445177847839902,0.9554458814513759,318.1111904617781,2480.427064370698
16165,505,1,79.9,1,1,1,111,3,Hibernating,0.10327832640057238,1.0,0.0,0.0
16166,428,2,435.83,1,2,2,122,5,Hibernating,0.15035177318167356,0.7628615377480739,241.8001971942295,134.988776562567
16167,414,5,1386.1200000000001,1,4,4,144,9,At Risk,0.32616023836009483,0.7957056867674869,319.9155578515714,388.34507220585226
16168,11,66,10360.67,5,5,5,555,15,Champions,6.247613774813402,0.9982824233391403,185.59162803497802,4321.52771805699
16169,8,4,1822.97,5,4,4,544,13,Champions,2.3078138964158956,0.9781938027113891,438.5291003220801,3698.2763542453004
16170,51,20,6869.0,4,5,5,455,14,Loyal Customers,2.4205221416213623,0.9898274220654198,348.07588223414547,3137.664329522091
16171,59,1,73.2,3,1,1,311,5,About to Sleep,,1.0,0.0,0.0
16172,95,8,1884.55,3,5,4,354,12,Loyal Customers,1.009309983839774,0.9731019871778273,322.2368339351364,1208.568207950949
16173,16,6,1418.32,5,4,4,544,13,Champions,3.0805639274492442,0.9826644416169044,205.69214773282152,2322.993431394487
16174,126,7,2246.75,3,4,4,344,11,Loyal Customers,0.8681611140472124,0.9674586794146122,351.30572510937634,1134.5242980932476
16175,94,7,1836.44,3,4,4,344,11,Loyal Customers,0.9316540063836477,0.9760003634418757,266.1399675362386,921.9410207883573
16176,421,4,2052.69,1,4,4,144,9,At Risk,0.3006356447153299,0.6256268906266219,469.9501171964655,525.24400278517
16177,50,8,2247.31,4,5,4,454,13,Loyal Customers,0.8306363707136735,0.986655258575132,327.72619407539145,1013.0682243877295
16178,138,2,612.6,3,2,3,323,8,About to Sleep,0.28066774153765517,0.8780091724070382,244.11306216595852,253.23179222339408
16179,61,1,215.83,3,1,1,311,5,About to Sleep,,1.0,0.0,0.0
16180,100,13,16249.87,3,5,5,355,13,Loyal Customers,1.5493459385859532,0.9668348607620091,1448.840782391486,8346.875544866929
16181,73,1,305.54,3,1,2,312,6,About to Sleep,,1.0,0.0,0.0
16182,72,9,9971.65,3,5,5,355,13,Loyal Customers,1.0887790140825206,0.984613316045317,1211.4190838040922,4909.239977465082
16183,67,4,1077.81,3,4,3,343,10,Loyal Customers,0.6762628396164234,0.9695200194848519,222.02523588071364,556.4872483395532
16184,64,6,1158.79,3,4,3,343,10,Loyal Customers,1.7668005333495642,0.956232595269249,210.17429163203875,1370.0221271647813
16185,17,3,644.72,5,3,3,533,11,Potential Loyalists,0.3686192906310606,0.9698008000625306,291.9804028235431,399.59872707169586
16186,23,26,8718.43,4,5,5,455,14,Loyal Customers,2.556298368043176,0.9959356213957711,381.78561232659985,3636.752379980713
16187,32,15,6911.4400000000005,4,5,5,455,14,Loyal Customers,2.71680040002939,0.9869945950091177,634.9836618718115,6385.514952161067
16188,45,5,1087.66,4,4,3,443,11,Loyal Customers,0.8688530881696002,0.9799796913223449,257.6058225991777,829.9456778599479
16189,16,2,215.48,5,2,1,521,8,Potential Loyalists,0.9097462353719883,0.9154162494108117,90.44679781390819,299.70117038840806
16190,40,8,2723.55,4,5,4,454,13,Loyal Customers,0.8636371407336229,0.9895928370274546,370.6989057097325,1192.3607392114639
16191,3,24,15677.82,5,5,5,555,15,Champions,1.8858194476650754,0.996895604213826,968.8544814626881,6807.633905379171
16192,736,1,351.3,1,1,2,112,4,Hibernating,0.07366112737804592,1.0,0.0,0.0
16193,237,2,630.43,2,2,3,223,7,Hibernating,0.2521837566676628,0.8041324132922462,385.24626240418917,359.1525982107947
16194,375,1,308.59999999999997,2,1,2,212,5,Hibernating,0.13366484280549756,1.0,0.0,0.0
16195,723,1,323.25,1,1,2,112,4,Hibernating,0.07477984918294449,1.0,0.0,0.0
16196,489,1,93.3,1,1,1,111,3,Hibernating,0.10644220790005221,1.0,0.0,0.0
16197,469,9,2016.71,1,5,4,154,10,Cannot Lose Them,0.057966002359927,0.05859628346425145,243.18262430189873,52.503861138876886
16198,75,2,1030.04,3,2,3,323,8,About to Sleep,0.2694597561562011,0.908036238294784,489.66424487130735,488.05397705123147
16199,392,7,942.75,2,4,3,243,9,At Risk,0.27493521447068986,0.31923285235456184,151.1277452605508,154.6055065519418
16200,4,12,5608.1,5,5,5,555,15,Champions,0.965784203251886,0.9936418040777982,585.7641689271436,2107.33922972625
16201,3,5,2112.12,5,4,4,544,13,Champions,0.8621811099035012,0.9868593281169793,488.0429606160129,1560.487698072504
16202,361,9,2501.9900000000002,2,5,4,254,11,Cannot Lose Them,0.5165360438376546,0.6911630275015911,377.4119409859051,726.0451589279241
16203,59,6,943.84,3,4,3,343,10,Loyal Customers,0.8788783617638332,0.981692576322492,137.88392081923595,450.1739992292795
16204,23,3,918.71,4,3,3,433,10,Potential Loyalists,0.2911948475298328,0.9695239288621222,388.3921099700219,420.6568566710897
16205,31,7,1813.51,4,4,4,444,12,Loyal Customers,0.9762231229271249,0.9884659166402564,274.14056403834263,994.8394305626861
16206,55,13,2577.12,4,5,4,454,13,Loyal Customers,1.3869601260652253,0.9895660287745518,206.9721541638265,1069.0562076524911
16207,25,1,394.38,4,1,2,412,7,Promising,,1.0,0.0,0.0
16208,45,10,3440.45,4,5,5,455,14,Loyal Customers,1.1992334042560995,0.9901032087713029,353.57552379480285,1578.5163070052854
16209,89,9,4146.78,3,5,5,355,13,Loyal Customers,1.2465274054378732,0.9768514828905754,433.59217061016057,2009.7235605000847
16210,2,33,33730.97,5,5,5,555,15,Champions,3.3248632911879565,0.998312767107901,1148.2891871712368,14228.35689821346
16211,89,3,1090.59,3,3,3,333,9,Need Attention,0.45330222551744526,0.953650848200883,465.9355372142329,782.6304850200574
16212,19,4,1293.71,5,4,4,544,13,Champions,0.43918071598900715,0.9806755002986591,366.7622096573055,599.124068025806
16213,79,1,159.0,3,1,1,311,5,About to Sleep,,1.0,0.0,0.0
16214,171,4,2038.25,3,4,4,344,11,Loyal Customers,0.608183795276916,0.923679871174363,377.39276880705813,851.1195189172718
16215,81,1,242.35,3,1,1,311,5,About to Sleep,,1.0,0.0,0.0
16216,267,1,914.9300000000001,2,1,3,213,6,Hibernating,0.1769331480774722,1.0,0.0,0.0
16217,235,2,304.25,2,2,2,222,6,Hibernating,0.28287399519139383,0.6590040281460922,151.2957322795546,157.64873756681985
16218,30,13,3968.67,4,5,5,455,14,Loyal Customers,1.6644915204492403,0.9924027165454639,356.4777487669523,2207.1290262196258
16219,501,1,40.8,1,1,1,111,3,Hibernating,0.10418917179659691,1.0,0.0,0.0
16221,37,9,2018.47,4,5,4,454,13,Loyal Customers,1.3997257521000006,0.9890909539423612,224.36924978393338,1166.8792673145522
16222,318,2,1272.05,2,2,4,224,8,Hibernating,0.1602064238695469,0.8451024278883967,941.1815024674383,560.0462910227805
16223,375,2,1087.05,2,2,3,223,7,Hibernating,0.14088509405872307,0.4350568786506156,614.3046592901927,319.8327928541252
16224,57,5,1616.54,4,4,4,444,12,Loyal Customers,0.9058069896050376,0.976257653792096,339.5334510743503,1139.9596979107396
16225,45,15,2859.31,4,5,4,454,13,Loyal Customers,1.5373392390492424,0.9912816249699177,226.74143296239896,1298.0511738540404
16226,203,5,672.1700000000001,2,4,3,243,9,At Risk,0.7479199177929016,0.8525048063018014,90.70284950532675,251.57293087496944
16227,225,3,1027.22,2,3,3,233,8,At Risk,0.3615708380757135,0.9073930859076517,389.2574766534931,522.3386357332967
16228,385,3,885.71,2,3,3,233,8,At Risk,0.12832464666298504,0.40057522677622104,534.0930489617466,253.30962755217047
16229,87,6,2867.86,3,4,4,344,11,Loyal Customers,0.7911495936306367,0.9769595943603653,507.933285302969,1493.9374597625788
16230,190,2,542.03,2,2,2,222,6,Hibernating,0.3521618999186084,0.6738416514346538,326.69808366958216,422.75721249540663
16231,379,4,1074.47,2,4,3,243,9,At Risk,0.353053281500451,0.710030589310363,279.69354210720115,367.0128772567952
16232,44,7,2712.97,4,4,4,444,12,Loyal Customers,0.8157914861412068,0.9849511047438056,422.2938756557891,1280.5275946030654
16233,71,9,1818.31,3,5,4,354,12,Loyal Customers,0.9588211061007551,0.9864778595942145,195.2131833316875,697.2335566652771
16234,476,3,333.18,1,3,2,132,6,At Risk,0.16308197917434084,0.42700588535104644,134.4672354188063,81.41374315850453
16235,41,8,2043.71,4,5,4,454,13,Loyal Customers,1.272762656285612,0.9873319544626324,200.9931788046944,950.1702364282281
16236,78,1,432.2,3,1,2,312,6,About to Sleep,,1.0,0.0,0.0
16237,437,1,136.65,1,1,1,111,3,Hibernating,0.1172155694457315,1.0,0.0,0.0
16238,423,1,63.66,1,1,1,111,3,Hibernating,0.12081229463947804,1.0,0.0,0.0
16239,57,6,1492.2,4,4,4,444,12,Loyal Customers,0.9467211550532879,0.9812112490731832,255.56143810663656,898.2488853036283
16240,24,2,3718.8,4,2,5,425,11,Potential Loyalists,0.9495400215146533,0.904333166088955,2297.973484783422,7941.347389715749
16241,10,16,3989.81,5,5,5,555,15,Champions,2.767817535388891,0.9954807469513209,261.31278466564044,2685.115221340534
16242,8,14,7404.65,5,5,5,555,15,Champions,1.6232573933350138,0.9953746296988424,582.7896023631612,3521.6998013516586
16243,34,2,409.1,4,2,2,422,8,Potential Loyalists,1.1053490305431464,0.8815088606802772,239.57209690732822,961.3446108790058
16244,212,2,1522.75,2,2,4,224,8,Hibernating,0.27649711400282173,0.8111568414522694,568.9071159445791,580.9822205144125
16245,24,3,1413.66,4,3,4,434,11,Potential Loyalists,0.7195081201561792,0.9657355521300054,527.6394679483254,1400.2211588250184
16246,460,2,821.35,1,2,3,123,6,Hibernating,0.1452697699316395,0.7156376407948478,796.9604458533391,429.771296379301
16247,170,1,114.56,3,1,1,311,5,About to Sleep,0.24955222925825696,1.0,0.0,0.0
16248,62,1,152.94,3,1,1,311,5,About to Sleep,,1.0,0.0,0.0
16249,53,5,1800.07,4,4,4,444,12,Loyal Customers,1.3385105465755596,0.9697061661126861,258.4892943457515,1277.3738497454126
16250,261,3,565.24,2,3,2,232,7,At Risk,0.4092786353702507,0.77199131231587,215.31877327578064,326.2054536697807
16251,512,1,128.31,1,1,1,111,3,Hibernating,0.10202958899386398,1.0,0.0,0.0
16252,383,1,295.09000000000003,2,1,2,212,5,Hibernating,0.13157987714426617,1.0,0.0,0.0
16253,67,7,7222.2,3,4,5,345,12,Loyal Customers,0.7419813873499793,0.9853936719872923,1183.827782753336,3271.2129638948522
16254,378,3,967.44,2,3,3,233,8,At Risk,0.27780690405306363,0.8099055793553451,444.3999562053166,458.7374192734749
16255,17,15,4530.0,5,5,5,555,15,Champions,1.7541276461205761,0.9953174520842865,306.3878831285521,2001.7142105843698
16256,267,3,1579.37,2,3,4,234,9,At Risk,0.32399306801099653,0.8971192816606888,582.3273561411103,700.7687403395939
16257,177,1,21.95,3,1,1,311,5,About to Sleep,0.24336954780307563,1.0,0.0,0.0
16258,45,15,11942.52,4,5,5,455,14,Loyal Customers,1.6042993648960067,0.9907924733960402,946.341693938794,5652.055487844885
16259,410,3,340.94,1,3,2,132,6,At Risk,0.1617242459876164,0.7272639917370678,226.1550582231618,135.6637788388513
16260,51,1,1035.45,4,1,3,413,8,Promising,,1.0,0.0,0.0
16261,17,6,1041.16,5,4,3,543,12,Champions,0.9926549604235005,0.9878619240193408,185.0800879244471,681.8551358271337
16262,378,1,755.15,2,1,3,213,6,Hibernating,0.1327632428396258,1.0,0.0,0.0
16263,423,1,348.16,1,1,2,112,4,Hibernating,0.12056565478438827,1.0,0.0,0.0
16264,438,2,823.53,1,2,3,123,6,Hibernating,0.09560956238180561,0.32796239977802366,326.6375374661337,115.53739867148187
16265,9,12,6685.17,5,5,5,555,15,Champions,2.022184690985006,0.9940728784324221,666.7398042980732,5004.167517955645
16266,74,14,1757.95,3,5,4,354,12,Loyal Customers,1.401658894685035,0.9853550120837169,148.66984949928428,775.9791119224913
16267,591,1,186.66,1,1,1,111,3,Hibernating,0.08977957831606222,1.0,0.0,0.0
16268,71,2,617.65,3,2,3,323,8,About to Sleep,,1.0,0.0,0.0
16269,438,1,717.57,1,1,3,113,5,Hibernating,0.1172155694457315,1.0,0.0,0.0
16270,353,1,1141.24,2,1,3,213,6,Hibernating,0.1406707393714743,1.0,0.0,0.0
16271,16,8,3367.82,5,5,5,555,15,Champions,0.9671996238254941,0.9917495350808359,396.30024186596404,1426.5554041949833
16272,117,1,411.7,3,1,2,312,6,About to Sleep,0.3235922394140974,1.0,0.0,0.0
16273,648,2,318.34000000000003,1,2,2,122,5,Hibernating,0.044595459784065275,0.2158001429352066,97.10688019323268,16.07312489275015
16274,373,1,331.55,2,1,2,212,5,Hibernating,0.13427274956574617,1.0,0.0,0.0
16275,197,3,2151.11,2,3,4,234,9,At Risk,0.31670921425492854,0.9352428958530888,799.0743253290185,940.454530469357
16276,177,3,2629.3900000000003,3,3,4,334,10,Need Attention,0.3339387791373528,0.9386275070578555,863.0238278366757,1070.5649957027235
16277,734,1,188.69,1,1,1,111,3,Hibernating,0.07384524999089408,1.0,0.0,0.0
16278,100,3,1117.84,3,3,3,333,9,Need Attention,0.4041259264733245,0.9533266835235897,471.69734576493994,707.084415424792
16279,21,9,5698.28,4,5,5,455,14,Loyal Customers,1.1699703108035338,0.9919533441239782,666.6592514924383,2901.826499435084
16280,725,1,238.05,1,1,1,111,3,Hibernating,0.0745910409712512,1.0,0.0,0.0
16281,72,3,3424.02,3,3,5,335,11,Need Attention,0.30830658447622317,0.9633054247225594,1449.3207098970693,1661.1984876579884
16282,340,3,1307.58,2,3,4,234,9,At Risk,0.2696970432776042,0.8832821991484456,570.3053316460513,572.0138462784769
16283,6,8,4348.62,5,5,5,555,15,Champions,0.9585402066861207,0.9926085841955504,512.5090651326074,1828.4717146369467
16284,31,3,1018.48,4,3,3,433,10,Potential Loyalists,0.5043703077050058,0.9661276100011976,447.12750435954865,834.9040475755942
16285,646,1,176.9,1,1,1,111,3,Hibernating,0.08285455053952313,1.0,0.0,0.0
16286,477,2,328.95,1,2,2,122,5,Hibernating,0.1391634431942736,0.6426134831231674,72.28293677938687,37.32028711099678
16287,170,5,1006.98,3,4,3,343,10,Loyal Customers,0.5334191197262628,0.9593633930589391,204.93731463035678,406.8226117459041
16288,470,1,129.85,1,1,1,111,3,Hibernating,0.11001070972049877,1.0,0.0,0.0
16289,462,1,136.31,1,1,1,111,3,Hibernating,0.11167472562306198,1.0,0.0,0.0
16290,465,4,1957.7,1,4,4,144,9,At Risk,0.15125456652672345,0.2894803869583119,376.3028180020902,211.46594025677453
16292,122,5,1253.76,3,4,4,344,11,Loyal Customers,0.6067469209558748,0.9681697780505627,247.056438075001,557.38938034524
16293,22,15,4279.2,4,5,5,455,14,Loyal Customers,1.0889410103211645,0.9930260725945131,448.3724283379459,1818.756247308674
16294,477,1,126.05000000000001,1,1,1,111,3,Hibernating,0.108794901107018,1.0,0.0,0.0
16295,10,4,1328.55,5,4,4,544,13,Champions,2.5031611593637475,0.9770838176077038,345.50816896042994,3156.948257511776
16296,626,4,1313.67,1,4,4,144,9,At Risk,0.05705355557534676,0.13624125342222998,333.12944196115075,70.72697350011593
16297,269,1,301.9,2,1,2,212,5,Hibernating,0.17640422904487194,1.0,0.0,0.0
16298,23,7,1085.7,4,4,3,443,11,Loyal Customers,1.1695231901358791,0.9889353986973513,155.47906732294808,674.997658918452
16299,477,1,193.65,1,1,1,111,3,Hibernating,0.10859487584937264,1.0,0.0,0.0
16300,430,3,1367.32,1,3,4,134,8,At Risk,0.2490425251684278,0.7708424237108024,525.7389474472842,486.7294301674215
16301,737,1,107.33,1,1,1,111,3,Hibernating,0.07356941006169464,1.0,0.0,0.0
16302,127,1,233.22,3,1,1,311,5,About to Sleep,0.3067288500458548,1.0,0.0,0.0
16303,26,7,7928.27,4,4,5,445,13,Loyal Customers,0.8521897343990337,0.9894947803730042,1255.3782793407004,3980.7169175174517
16304,695,1,381.66,1,1,2,112,4,Hibernating,0.07762911145405793,1.0,0.0,0.0
16305,139,1,361.21999999999997,3,1,2,312,6,About to Sleep,0.28868242388143756,1.0,0.0,0.0
16306,214,7,1124.72,2,4,3,243,9,At Risk,0.8919041609781798,0.7422709615355518,109.16280570177797,361.3744232997695
16307,429,3,1194.92,1,3,3,133,7,At Risk,0.23911089105485295,0.6420803103684974,417.765284169111,370.9338764780216
16308,38,7,5120.0,4,4,5,445,13,Loyal Customers,0.7510572153516977,0.9886704760434378,714.6969034998377,1998.9339486076408
16309,106,2,706.57,3,2,3,323,8,About to Sleep,0.4216646845822876,0.8634540264136085,455.3829844788208,706.1904063215279
16310,414,2,460.08,1,2,2,122,5,Hibernating,0.1577661863655927,0.7486235899171504,331.0574103178672,193.82240972620735
16311,18,2,616.26,5,2,3,523,10,Potential Loyalists,1.1883121143551334,0.907627699586317,264.4686957653121,1140.2077900302418
16312,432,1,171.15,1,1,1,111,3,Hibernating,0.11839042687154464,1.0,0.0,0.0
16313,3,2,274.15000000000003,5,2,1,521,8,Potential Loyalists,1.2112356086446814,0.925136566269708,133.47092998434437,586.5357962621031
16314,390,3,1491.4,2,3,4,234,9,At Risk,0.23139415249217957,0.519718133453385,599.1253284082379,514.011160804838
16315,331,2,402.71,2,2,2,222,6,Hibernating,0.19186327009708215,0.7739853805331672,278.58807040948,198.06336860848873
16316,64,13,5744.91,3,5,5,355,13,Loyal Customers,1.8480174505000597,0.9820199679467314,439.21424014801255,3016.7271551134886
16317,120,5,2192.51,3,4,4,344,11,Loyal Customers,0.625166880447042,0.9677233738393178,476.16052700676926,1106.6449741174315
16318,35,1,328.15,4,1,2,412,7,Promising,,1.0,0.0,0.0
16319,218,1,404.40000000000003,2,1,2,212,5,Hibernating,0.20814523584877279,1.0,0.0,0.0
16320,172,6,5628.99,3,4,5,345,12,Loyal Customers,0.6534231257249068,0.9570762307306546,996.6258069525287,2423.863522601876
16321,72,7,604.5500000000001,3,4,3,343,10,Loyal Customers,0.5118059154881055,0.9803375165027285,107.72667046815215,205.26867270484877
16322,1,2,326.75,5,2,2,522,9,Potential Loyalists,1.3711528535340387,0.9270746481683169,142.11692783677648,705.7820524656407
16323,196,2,353.66,2,2,2,222,6,Hibernating,0.20323784260820274,0.8757724939031317,255.7379332280522,192.71494146744004
16324,128,3,408.59000000000003,3,3,2,332,8,Need Attention,0.48281324677097476,0.7844085350057463,311.10138166127314,550.7425056994213
16325,47,12,3597.5,4,5,5,455,14,Loyal Customers,1.3007461277709174,0.9912939675876649,317.49685206964915,1538.6122540973242
16326,6,24,4626.25,5,5,5,555,15,Champions,2.7322771283050167,0.9974933340113394,200.27303700791182,2038.279657545265
16327,14,16,10129.04,5,5,5,555,15,Champions,1.7773550525358848,0.9957933975342302,636.3307507042128,4213.8167208663735
16328,563,1,310.83,1,1,2,112,4,Hibernating,0.09376970240868368,1.0,0.0,0.0
16329,428,4,1664.92,1,4,4,144,9,At Risk,0.3175111442605445,0.7746052197240418,501.9975019035758,593.2147637654315
16330,18,7,625.38,5,4,3,543,12,Champions,0.5684629500441033,0.9857630962502462,150.98542018944187,319.334382354808
16331,432,6,2037.7,1,4,4,144,9,At Risk,0.2950476592434511,0.6337249027308782,553.5719922659241,607.3445170441852
16332,28,11,1997.49,4,5,4,454,13,Loyal Customers,1.4563219725616217,0.9923118086432811,192.69976687438108,1044.1432808124648
16333,8,22,26626.8,5,5,5,555,15,Champions,3.034962733605836,0.9949179345463907,2168.2202074552592,24376.796640376102
16334,492,1,263.73,1,1,1,111,3,Hibernating,0.1056804401948627,1.0,0.0,0.0
16335,552,7,2753.52,1,4,4,144,9,At Risk,0.03455558755605539,0.04612253486056136,423.70417163710545,54.52827010564796
16336,421,4,3517.69,1,4,5,145,10,At Risk,0.2554490652823691,0.7436559967463529,949.4290480799777,901.1750239045778
16337,37,1,151.05,4,1,1,411,6,Promising,,1.0,0.0,0.0
16338,157,1,214.79999999999998,3,1,1,311,5,About to Sleep,0.26409147643239195,1.0,0.0,0.0
16339,284,1,94.05,2,1,1,211,4,Hibernating,0.1683524837790575,1.0,0.0,0.0
16340,107,3,1496.24,3,3,4,334,10,Need Attention,0.370210224493661,0.9538535321964895,621.0333457113063,853.4553088187461
16341,25,7,3850.79,4,4,5,445,13,Loyal Customers,0.746423975869206,0.9877176081769244,640.7626454896191,1778.9555674409578
16342,75,4,322.41,3,4,2,342,9,Loyal Customers,1.2624470540549253,0.9347450493533689,66.93726825824079,311.0107914845476
16343,16,3,614.12,5,3,3,533,11,Potential Loyalists,0.2917068143564748,0.9242866575110824,402.3566194987082,433.862268734201
16344,158,4,842.42,3,4,3,343,10,Loyal Customers,0.4302756367743609,0.9581755388606927,225.42602394426632,360.7708196999961
16345,44,2,1178.79,4,2,3,423,9,Potential Loyalists,0.2496557607479172,0.9183515671213881,689.200312955869,637.0135790397435
16346,385,1,224.51,2,1,1,211,4,Hibernating,0.1307061164919481,1.0,0.0,0.0
16347,11,11,3442.96,5,5,5,555,15,Champions,1.2310796036119644,0.9937290620356899,365.39539456900104,1674.3606228623041
16348,32,8,1742.08,4,5,4,454,13,Loyal Customers,1.1957578380380334,0.9871618537052931,243.2281541678444,1079.4252866353668
16349,291,1,53.5,2,1,1,211,4,Hibernating,0.16551961936931198,1.0,0.0,0.0
16350,21,9,2253.89,4,5,4,454,13,Loyal Customers,1.38537531624976,0.9902324233661852,285.0329526110499,1465.7131959119051
16351,333,13,3330.0299999999997,2,5,5,255,12,Cannot Lose Them,0.30558072854256296,0.21447853473340428,263.5862489420549,300.0975041208113
16352,18,2,494.44,5,2,2,522,9,Potential Loyalists,1.3245831744524321,0.9045241988869265,355.0579253648147,1703.6378202395026
16353,4,38,9795.460000000001,5,5,5,555,15,Champions,3.5712974639439397,0.9982871860661052,301.21676242905534,4008.893961416025
16354,63,5,1119.46,3,4,3,343,10,Loyal Customers,0.6261384634390922,0.9796871181896842,239.13133057319132,556.6727447410628
16355,375,1,416.35,2,1,2,212,5,Hibernating,0.13366484280549756,1.0,0.0,0.0
16356,198,6,415.87,2,4,2,242,8,At Risk,0.631076756898435,0.9271716583617896,83.97225853660646,196.92808935576048
16357,33,4,868.37,4,4,3,443,11,Loyal Customers,0.7210918375645057,0.9768000869856565,234.4712001049746,626.3105654053269
16358,1,5,2919.65,5,4,5,545,14,Champions,0.9018904176942839,0.9871052858518004,530.9174785421952,1775.0566625126532
16359,7,16,2697.75,5,5,4,554,14,Champions,1.9351509371785474,0.9962993394983364,170.17696994157026,1226.3452274023048
16360,5,6,3450.41,5,4,5,545,14,Champions,3.3021308673934744,0.9883485589145284,673.2524902403483,8143.588319021777
16361,10,4,891.21,5,4,3,543,12,Champions,2.374238276554617,0.977410611061573,198.1595598134927,1718.5807372664372
16362,32,6,922.16,4,4,3,443,11,Loyal Customers,0.6411887897494994,0.9777040269365549,252.55801362507634,600.5159140193385
16363,53,1,109.36000000000001,4,1,1,411,6,Promising,,1.0,0.0,0.0
16364,12,2,705.79,5,2,3,523,10,Potential Loyalists,0.6797558765781108,0.9216865651997485,439.7862824705118,1093.4296300904289
16365,18,15,3167.34,5,5,5,555,15,Champions,1.5432572175835615,0.9950506107988711,231.74061344197432,1332.4342941731397
16366,19,4,1548.1299999999999,5,4,4,544,13,Champions,0.40972271648476344,0.9808891635800412,462.9362129904702,705.8427522285075
16367,37,3,1350.48,4,3,4,434,11,Potential Loyalists,0.5148648472255865,0.9646879204001408,440.5496221643023,839.5562843800479
16368,2,3,621.44,5,3,3,533,11,Potential Loyalists,0.4645366502087902,0.9714551814931711,264.8692314109959,455.9008403491903
16369,18,7,2654.48,5,4,4,544,13,Champions,0.8779925615731875,0.990140480252516,418.12555360839093,1365.7195927707664
16370,82,4,1301.91,3,4,4,344,11,Loyal Customers,1.0704674036581614,0.9423654957121501,365.7111856668007,1443.7139749432263
16371,449,1,157.2,1,1,1,111,3,Hibernating,0.11471126159373925,1.0,0.0,0.0
16372,33,5,1290.31,4,4,4,444,12,Loyal Customers,0.47950868490718873,0.9789196532858375,418.6587309393036,746.2149275081279
16373,382,2,309.49,2,2,2,222,6,Hibernating,0.14349133234224629,0.4585102501673185,143.42472583126204,76.08216725205057
16374,66,5,1709.55,3,4,4,344,11,Loyal Customers,0.6286784424922,0.9791603482205664,330.3876888220969,772.2020753663816
16375,470,2,104.0,1,2,1,121,4,Hibernating,0.11001070972049877,1.0,0.0,0.0
16376,9,2,974.96,5,2,3,523,10,Potential Loyalists,1.6712747887188888,0.9155540576900223,141.01498693401555,851.1463245539109
16377,267,2,1308.48,2,2,4,224,8,Hibernating,0.18563069475773344,0.84971316722235,823.298044353395,566.966652509196
16378,247,3,362.95,2,3,2,232,7,At Risk,0.41827379618540195,0.6559421403039567,121.83178643926152,188.27373095087427
16379,4,4,2157.4,5,4,4,544,13,Champions,2.2644063736634568,0.9804922769223376,595.3015373704126,4927.370439323248
16380,61,1,1743.1499999999999,3,1,4,314,8,About to Sleep,,1.0,0.0,0.0
16381,396,2,247.85,2,2,1,221,5,Hibernating,0.13100476414274984,0.42476400581202756,57.146385917285784,27.680643377602255
16382,408,2,353.1,2,2,2,222,6,Hibernating,0.1640658611067825,0.6772587795929782,194.98587268792323,118.56733020508452
16383,75,7,2887.99,3,4,5,345,12,Loyal Customers,0.7987386123746808,0.9834344708087561,417.33081510153096,1240.8069079798602
16384,90,4,1358.95,3,4,4,344,11,Loyal Customers,0.4876290739000293,0.9703041912305194,369.0588917106309,668.819730956044
16385,60,5,881.35,3,4,3,343,10,Loyal Customers,0.5907281701618582,0.9806717942183595,202.51430188161743,444.9596980907869
16386,29,3,1068.16,4,3,3,433,10,Potential Loyalists,0.5113498046072218,0.9666599426602132,167.7400366978416,317.5078830811104
16387,323,5,882.46,2,4,3,243,9,At Risk,0.48584227228359445,0.8146659427714913,194.98126764012153,352.36758103817454
16388,654,1,186.05,1,1,1,111,3,Hibernating,0.08204910214822064,1.0,0.0,0.0
16389,53,4,1382.07,4,4,4,444,12,Loyal Customers,0.9161903904102402,0.9681304021718525,448.05201466029064,1516.874479928107
16390,537,3,467.5,1,3,2,132,6,At Risk,0.17087724000507595,0.531762448170338,151.9279252093519,96.51240423347107
16391,401,4,1048.86,2,4,3,243,9,At Risk,0.29815150450031846,0.5669963413659546,316.34136852359205,350.40152773491945
16392,270,3,755.45,2,3,3,233,8,At Risk,0.337871153344284,0.8846653180123715,310.4652924230072,389.4390024023038
16393,2,23,5297.77,5,5,5,555,15,Champions,2.535353237194898,0.9977232448500027,227.2740898208259,2147.3160294519703
16394,57,5,1555.34,4,4,4,444,12,Loyal Customers,1.1516292088680673,0.9717939962278234,325.84486664592765,1387.6292813505565
16395,61,14,3517.56,3,5,5,355,13,Loyal Customers,1.3011976087754769,0.9891572037542383,302.8217452964251,1467.9833238700746
16396,476,1,137.8,1,1,1,111,3,Hibernating,0.108794901107018,1.0,0.0,0.0
16397,628,1,123.13,1,1,1,111,3,Hibernating,0.08500022756169692,1.0,0.0,0.0
16398,154,2,1705.8,3,2,4,324,9,About to Sleep,0.37933475119075827,0.8098806129491015,653.3448512737239,911.948489166279
16399,19,3,628.42,5,3,3,533,11,Potential Loyalists,0.5100331369397068,0.9684388930334696,224.5091865344179,423.8878592535943
16400,95,9,3059.85,3,5,5,355,13,Loyal Customers,0.9617383602259377,0.9820719933730935,319.91072905675503,1146.0344287350058
16401,1,23,6847.45,5,5,5,555,15,Champions,2.9939884367644995,0.9975489198662687,340.9212770962468,3797.49148383101
16402,265,2,293.45,2,2,2,222,6,Hibernating,0.25029068148657574,0.7292365899708159,110.79032217257206,102.41045304402674
16403,312,1,177.5,2,1,1,211,4,Hibernating,0.1559015687959518,1.0,0.0,0.0
16404,70,1,443.05,3,1,2,312,6,About to Sleep,,1.0,0.0,0.0
16405,302,2,167.25,2,2,1,221,5,Hibernating,0.1786507087974014,0.44977256391524345,198.70340957965527,130.8829205826828
16406,19,3,528.36,5,3,2,532,10,Potential Loyalists,0.3229328381301995,0.9698313163475419,179.701814145317,215.68021653013886
16407,13,14,2761.65,5,5,4,554,14,Champions,2.1008309373050835,0.9941834811046607,228.9686492598663,1786.2059844065739
16408,591,1,231.93,1,1,1,111,3,Hibernating,0.08977957831606222,1.0,0.0,0.0
16409,36,12,5652.74,4,5,5,455,14,Loyal Customers,1.3171323697413895,0.9924813788888913,475.1256221598859,2331.342147143202
16410,734,1,130.32,1,1,1,111,3,Hibernating,0.07375307373468708,1.0,0.0,0.0
16411,19,4,756.39,4,4,3,443,11,Loyal Customers,0.6542593699994367,0.9797368047130983,148.77558746502476,360.90209324776384
16412,54,5,593.19,4,4,2,442,10,Loyal Customers,0.5578543573705608,0.9820106624321521,138.17507986412218,286.8160285766945
16413,57,2,522.03,4,2,2,422,8,Potential Loyalists,0.3085951445401219,0.9115349227205849,321.97547980060654,367.0079977598956
16414,22,5,551.21,4,4,2,442,10,Loyal Customers,0.5443247273347984,0.985472083471619,111.2997647804786,225.46902453007857
16415,44,3,696.76,4,3,3,433,10,Potential Loyalists,0.3119652092496117,0.966907173678371,285.49015269750913,331.0896431315833
16416,27,9,2957.88,4,5,5,455,14,Loyal Customers,0.9500620557880451,0.9907234673255099,340.4915265849636,1204.077625574023
16417,493,1,35.7,1,1,1,111,3,Hibernating,0.1056804401948627,1.0,0.0,0.0
16418,45,5,1028.74,4,4,3,443,11,Loyal Customers,0.844086002617986,0.9802500443474667,245.52473853804173,768.6712725504905
16419,113,8,1463.7,3,5,4,354,12,Loyal Customers,0.7976498828889181,0.9754361119735023,215.11363580097841,638.6752411401408
16420,396,1,75.0,2,1,1,211,4,Hibernating,0.127599328600515,1.0,0.0,0.0
16421,376,3,526.27,2,3,2,232,7,At Risk,0.25397889191582745,0.5672565162592572,120.14486910692524,113.13148202823413
16422,17,107,61656.42,5,5,5,555,15,Champions,10.569669671668818,0.9960021782816019,689.1466400446362,27141.10954813278
16423,25,1,346.12,4,1,2,412,7,Promising,,1.0,0.0,0.0
16424,191,2,443.06,2,2,2,222,6,Hibernating,0.2785879586082207,0.8359850014397134,166.20220756855178,171.0558732784892
16425,302,1,302.7,2,1,2,212,5,Hibernating,0.16013091477021021,1.0,0.0,0.0
16426,2,10,1863.76,5,5,4,554,14,Champions,1.7442226560051366,0.9914252129743151,264.18315998155106,1704.331837050601
16427,263,2,241.06,2,2,1,221,5,Hibernating,0.23459210518376425,0.5496723053808255,163.41708220992513,141.22507438506648
16428,414,3,638.49,1,3,3,133,7,At Risk,0.15473333327638458,0.5837158656427497,271.45572764325794,155.54371597928238
16429,106,1,284.55,3,1,1,311,5,About to Sleep,0.3424252436554604,1.0,0.0,0.0
16430,57,6,1102.94,4,4,3,443,11,Loyal Customers,0.6720473546213375,0.9843553491008317,207.56747839800488,519.2072147672704
16431,213,3,623.28,2,3,3,233,8,At Risk,0.30646361532044686,0.7448155332510458,354.0407491468815,399.8744785732791
16432,64,1,287.4,3,1,2,312,6,About to Sleep,,1.0,0.0,0.0
16433,28,2,384.52,4,2,2,422,8,Potential Loyalists,0.29009726857251444,0.9211332736442405,227.59605786523383,244.06883800718524
16434,29,12,2673.69,4,5,4,454,13,Loyal Customers,1.3790227985803185,0.9931052844350372,203.48604269141842,1045.0945114715491
16435,512,3,1003.0699999999999,1,3,3,133,7,At Risk,0.06556185913279168,0.25480300869448474,720.0062212704171,174.85690637074498
16436,668,3,319.14,1,3,2,132,6,At Risk,0.0627088520246294,0.20931172396234496,85.3768456469555,19.913635866300968
16437,381,2,301.25,2,2,2,222,6,Hibernating,0.15717691098478412,0.5212242115726138,227.16012520040528,132.0455693172681
16438,6,5,798.35,5,4,3,543,12,Champions,2.8193236046163546,0.9849911012980797,156.2130636602926,1611.6471932095742
16439,722,1,310.70000000000005,1,1,2,112,4,Hibernating,0.0748746122973658,1.0,0.0,0.0
16440,8,6,3856.9700000000003,5,4,5,545,14,Champions,0.903111588064022,0.9892432273289785,755.1806101401872,2533.166952259258
16441,67,5,1013.18,3,4,3,343,10,Loyal Customers,0.5935001938847768,0.9796082979446796,206.7879004190379,456.46307534511845
16442,2,5,891.98,5,4,3,543,12,Champions,0.523189399775954,0.9871599688778893,193.582873011669,377.03178289587584
16443,521,1,162.24,1,1,1,111,3,Hibernating,0.10063895203659827,1.0,0.0,0.0
16444,46,17,3625.88,4,5,5,455,14,Loyal Customers,2.0246651118548553,0.9906523669099263,220.88379240047075,1664.8478284799767
16445,34,4,583.16,4,4,2,442,10,Loyal Customers,0.4852135646390592,0.9659744866964214,232.85614112688697,418.4445092213319
16446,1,2,168472.5,5,2,5,525,12,Potential Loyalists,0.5120551593131543,0.928211352942467,204008.36471834333,383585.4178855809
16447,136,3,727.1,3,3,3,333,9,Need Attention,0.31394952868028225,0.952045435002298,303.3835258297903,354.02120425283874
16448,198,2,361.12,2,2,2,222,6,Hibernating,0.2381963318755736,0.8570210401389676,226.05818429764435,199.30630289326837
16449,198,2,707.69,2,2,3,223,7,Hibernating,0.32712168019151305,0.7576951576291481,356.8500929868875,429.9674003112486
16450,150,3,1505.73,3,3,4,334,10,Need Attention,0.31463065009651564,0.9488465130757979,603.0906795400933,705.2498081987283
16451,88,3,1013.15,3,3,3,333,9,Need Attention,0.2874863978910665,0.961986848436452,388.42497199597653,415.34954294861757
16452,631,2,332.17,1,2,2,122,5,Hibernating,0.07811637806608067,0.39739838174099895,172.17206322856447,49.93979135119337
16453,531,2,251.71,1,2,1,121,4,Hibernating,0.0753423266881669,0.30999988691092795,128.28817496916093,35.82251888361423
16454,64,2,7.45,3,2,1,321,6,About to Sleep,0.20196948265392586,0.9163736758654066,11.61564092408568,8.702533934950653
16455,64,11,3995.57,3,5,5,355,13,Loyal Customers,1.2541447182212766,0.9863691859226147,350.5741014711016,1636.2627817070522
16456,99,13,6000.94,3,5,5,355,13,Loyal Customers,1.491896547828411,0.9734123923430495,489.09500843366106,2715.875116776217
16457,218,1,208.36,2,1,1,211,4,Hibernating,0.20741325908044167,1.0,0.0,0.0
16458,3,30,5690.89,5,5,5,555,15,Champions,4.2534280165282645,0.9982121389163491,193.5273038887225,3063.015782656727
16459,730,1,71.78999999999999,1,1,1,111,3,Hibernating,0.07421627134814736,1.0,0.0,0.0
16460,28,3,811.23,4,3,3,433,10,Potential Loyalists,1.5606019362944683,0.9507605960373887,304.566558764156,1735.5987301987366
16461,178,3,1539.83,3,3,4,334,10,Need Attention,0.3165059347961037,0.941262389424616,435.11095686881544,511.7940163317589
16462,74,3,136.0,3,3,1,331,7,Need Attention,0.6515824353748733,0.9481955390148219,57.88776093593029,139.24269765966207
16463,21,4,1422.4,4,4,4,444,12,Loyal Customers,1.1958882083999414,0.9764006974281861,391.6470605031978,1725.759379293752
16464,20,3,1298.66,4,3,4,434,11,Potential Loyalists,1.114225654723846,0.9636918592711978,504.9920550612783,2064.2168896435874
16465,421,2,746.24,1,2,3,123,6,Hibernating,0.11947765745552347,0.4082320823471205,355.1547992903322,156.97917362460902
16466,34,15,3767.09,4,5,5,455,14,Loyal Customers,1.8543364846738526,0.993128849751899,238.5408912123941,1646.8906414372923
16467,509,7,2869.16,1,4,4,144,9,At Risk,0.09480868001933748,0.12686095210074094,470.6177745118117,166.17427444868736
16468,74,3,787.52,3,3,3,333,9,Need Attention,0.41987959111210443,0.9588712671707705,377.70099752612447,588.0846813194904
16469,24,5,803.9,4,4,3,443,11,Loyal Customers,0.5569789221913611,0.9796490931034659,222.6303709055498,460.3905423780022
16470,52,11,2416.85,4,5,4,454,13,Loyal Customers,1.0853962414979914,0.9897935303085972,252.5956212824497,1021.2812921781465
16471,275,4,1189.98,2,4,3,243,9,At Risk,0.4154577856306785,0.9049764841114962,307.9791810166462,475.8399130231048
16472,434,2,789.6,1,2,3,123,6,Hibernating,0.1543556958598081,0.6858442191021759,286.08369039639246,163.77654351047775
16473,165,4,470.83,3,4,2,342,9,Loyal Customers,0.6816109784983031,0.9088153895697857,113.17170743650908,285.7059862273348
16474,7,7,1810.49,5,4,4,544,13,Champions,2.4009056628622143,0.987858078863296,305.1986433594566,2694.864166606189
16475,88,4,544.3,3,4,2,342,9,Loyal Customers,0.9240435850677415,0.9483339312651117,84.22077387987589,287.48348145219364
16476,432,1,350.35,1,1,2,112,4,Hibernating,0.11862823222691524,1.0,0.0,0.0
16477,64,11,4094.37,3,5,5,355,13,Loyal Customers,1.717849650704601,0.9824139611788266,364.6549578605421,2327.783657183984
16478,25,3,331.0,4,3,2,432,9,Potential Loyalists,1.753561315951054,0.9506076674770759,72.18274222618248,461.4644920908478
16479,10,2,300.83,5,2,2,522,9,Potential Loyalists,,1.0,0.0,0.0
16480,76,1,769.29,3,1,3,313,7,About to Sleep,,1.0,0.0,0.0
16481,682,1,453.38,1,1,2,112,4,Hibernating,0.07887266767056618,1.0,0.0,0.0
16482,16,1,220.62,5,1,1,511,7,New Customers,,1.0,0.0,0.0
16483,192,1,139.35,2,1,1,211,4,Hibernating,0.22829014037605502,1.0,0.0,0.0
16484,174,2,404.3,3,2,2,322,7,About to Sleep,0.3827787147289938,0.6553094503712692,148.08678349678917,207.98626234811255
16485,77,5,2287.19,3,4,4,344,11,Loyal Customers,0.5146515136194426,0.9796474810959817,436.93751804497623,837.1616768668345
16486,538,1,134.36,1,1,1,111,3,Hibernating,0.09780623464187257,1.0,0.0,0.0
16487,577,2,209.4,1,2,1,121,4,Hibernating,0.09744141027701367,0.47348587243020707,134.28224911055298,48.56654093465323
16488,33,3,498.8,4,3,2,432,9,Potential Loyalists,1.0744031558797291,0.9562533478565078,155.23603582211524,612.0931670900239
16489,380,2,303.7,2,2,2,222,6,Hibernating,0.16183006825872545,0.5442556046014627,238.2400804314633,142.6069259178365
16490,436,1,205.41000000000003,1,1,1,111,3,Hibernating,0.11744867049483318,1.0,0.0,0.0
16491,47,2,1533.16,4,2,4,424,10,Potential Loyalists,0.2855052813480778,0.9161311081117469,890.2621453673303,939.6899089081166
16492,541,1,385.56,1,1,2,112,4,Hibernating,0.0973228235308076,1.0,0.0,0.0
16493,80,7,2132.09,3,4,4,344,11,Loyal Customers,0.8551903872170457,0.9815576609948597,286.70189534115264,912.2412399134294
16494,297,1,826.53,2,1,3,213,6,Hibernating,0.16278062792521963,1.0,0.0,0.0
16495,3,3,648.26,5,3,3,533,11,Potential Loyalists,0.4050066958046095,0.9272218538954101,490.95993362510325,732.2967441458663
16496,9,6,2330.77,5,4,4,544,13,Champions,0.7205349510318719,0.9863800845384554,491.7807256976712,1316.068022213572
16497,50,23,6695.28,4,5,5,455,14,Loyal Customers,1.8568624319072806,0.9914982762056908,404.6630224302447,2799.8585901807373
16498,161,2,100.97,3,2,1,321,6,About to Sleep,0.40290912133517764,0.6139916735395319,16.277698589612818,24.026596816240218
16499,360,8,2578.34,2,5,4,254,11,Cannot Lose Them,0.14605919169158732,0.12941568586000696,345.47115128281945,187.60726165945826
16500,5,9,843.9100000000001,5,5,3,553,13,Champions,1.125822418570244,0.9926323651543942,102.5595207216594,429.27866024597535
16501,383,1,1191.23,2,1,3,213,6,Hibernating,0.13128732736839993,1.0,0.0,0.0
16502,620,2,258.55,1,2,1,121,4,Hibernating,0.08598996422174446,1.0,0.0,0.0
16503,107,11,3614.34,3,5,5,355,13,Loyal Customers,1.3974969668370985,0.9656312697723185,379.0417254359914,1969.583846686571
16504,25,1,465.88,4,1,2,412,7,Promising,,1.0,0.0,0.0
16505,32,1,777.6,4,1,3,413,8,Promising,,1.0,0.0,0.0
16506,20,2,90.30000000000001,4,2,1,421,7,Potential Loyalists,1.2828179295137336,0.9019641044048243,46.97462373795384,218.37543176932823
16507,572,1,142.71,1,1,1,111,3,Hibernating,0.09244901052669878,1.0,0.0,0.0
16508,630,1,240.95,1,1,1,111,3,Hibernating,0.08475634452596517,1.0,0.0,0.0
16509,297,1,363.7,2,1,2,212,5,Hibernating,0.16278062792521963,1.0,0.0,0.0
16510,372,6,1757.25,2,4,4,244,10,At Risk,0.45635616246154287,0.6773950779405568,233.19216238215665,396.1295023703841
16511,22,6,1758.49,4,4,4,444,12,Loyal Customers,0.7058796900801222,0.9881488156838599,302.96067969271843,795.733363474958
16513,5,4,874.59,5,4,3,543,12,Champions,3.0027071301279866,0.9797950608580219,272.428383007853,2978.753588174573
16515,52,10,3179.06,4,5,5,455,14,Loyal Customers,1.4192810698860385,0.9872167757421078,284.5246817135181,1501.5703201867477
16516,30,1,101.69999999999999,4,1,1,411,6,Promising,,1.0,0.0,0.0
16517,277,1,162.7,2,1,1,211,4,Hibernating,0.17178271459109357,1.0,0.0,0.0
16518,61,4,959.37,3,4,3,343,10,Loyal Customers,0.5165616602727949,0.9744985100961727,285.95722043445227,548.7431223207208
16519,25,4,436.96,4,4,2,442,10,Loyal Customers,0.45242590374590974,0.9800030308515927,97.8557753459201,164.63764384055392
16520,186,6,2148.38,3,4,4,344,11,Loyal Customers,0.6770711720259963,0.9464901526333587,388.24367290408435,978.1043729370235
16521,415,3,1136.36,1,3,3,133,7,At Risk,0.15699707175891228,0.7512930522284804,1269.8747317481361,739.8960592367885
16522,436,2,433.36,1,2,2,122,5,Hibernating,0.104278939209432,0.36049895573735613,373.2702233620948,144.01569650964888
16523,2,28,11916.33,5,5,5,555,15,Champions,2.838729037913233,0.9978773125825081,504.25766043668057,5332.264739785488
16524,446,2,306.19,1,2,2,122,5,Hibernating,0.14690680325994085,0.7453822955923238,252.57742140804544,137.7745146639959
16525,2,48,24151.3,5,5,5,555,15,Champions,5.346048798345293,0.9988750308313555,505.7578190266151,10077.110465594576
16526,172,2,717.21,3,2,3,323,8,About to Sleep,0.20339240145237655,0.8859897358918938,356.07510158274795,268.5559322187211
16527,81,2,1232.94,3,2,4,324,9,About to Sleep,0.27579013008178105,0.9053125726434643,280.6345320860361,286.204574817947
16528,4,1,244.41,5,1,1,511,7,New Customers,,1.0,0.0,0.0
16529,190,4,1986.8,2,4,4,244,10,At Risk,0.5153072143160444,0.9314126994317479,573.7077717473131,1097.8823973667868
16530,668,1,48.349999999999994,1,1,1,111,3,Hibernating,0.08037481622191868,1.0,0.0,0.0
16531,22,11,2298.33,4,5,4,454,13,Loyal Customers,1.8826764836056147,0.9922503777217876,194.61105859237358,1360.6400379000015
16532,18,5,8756.64,5,4,5,545,14,Champions,0.6032759060627275,0.985666016086633,2064.5878370899673,4632.098055484527
16533,19,3,1082.81,4,3,3,433,10,Potential Loyalists,1.7265236119585996,0.9576856376742228,395.5943706584057,2490.822671429707
16534,642,1,635.9,1,1,3,113,5,Hibernating,0.08332194957632989,1.0,0.0,0.0
16535,5,2,952.04,5,2,3,523,10,Potential Loyalists,0.3068466295006873,0.9269605146293339,723.4573548669762,820.171877172084
16536,110,1,548.12,3,1,2,312,6,About to Sleep,0.33463404644692923,1.0,0.0,0.0
16537,641,1,10.55,1,1,1,111,3,Hibernating,0.08343962478506803,1.0,0.0,0.0
16538,541,3,395.07,1,3,2,132,6,At Risk,0.09553949405622089,0.4232260413786167,208.2212727617444,73.77890499709395
16539,3,10,3289.66,5,5,5,555,15,Champions,1.448838239902984,0.994437277310126,352.5739166471426,1899.265564341882
16540,414,1,205.75,1,1,1,111,3,Hibernating,0.12282237362526108,1.0,0.0,0.0
16541,735,1,424.03,1,1,2,112,4,Hibernating,0.07366112737804592,1.0,0.0,0.0
16542,54,2,257.32,4,2,1,421,7,Potential Loyalists,0.29204158772653116,0.9135898245499213,149.32192604713663,161.17697258744835
16543,592,1,292.21,1,1,2,112,4,Hibernating,0.08977957831606222,1.0,0.0,0.0
16544,520,4,376.70000000000005,1,4,2,142,7,At Risk,0.12616956692584705,0.6156204057078346,138.03611372435404,64.64539197330254
16545,165,2,689.82,3,2,3,323,8,About to Sleep,0.2897270697098347,0.855802000681444,415.33772551804617,444.4819149067286
16546,291,5,5307.07,2,4,5,245,11,At Risk,0.460826122107775,0.7096849518233891,1049.6305441750033,1793.8613667290676
16547,546,1,104.25999999999999,1,1,1,111,3,Hibernating,0.0963702037457416,1.0,0.0,0.0
16548,599,1,30.15,1,1,1,111,3,Hibernating,0.08870119173165267,1.0,0.0,0.0
16549,10,34,12781.8,5,5,5,555,15,Champions,4.015596955229604,0.9975335674150219,422.63764189973585,6318.935153547154
16550,109,18,8807.68,3,5,5,355,13,Loyal Customers,1.9131181392544936,0.9648773674845276,491.6613000415145,3504.9516253854863
16551,96,7,2237.12,3,4,4,344,11,Loyal Customers,0.74321514522034,0.9808287630336512,334.34500980422933,925.3792176756607
16552,243,2,379.73,2,2,2,222,6,Hibernating,0.2622559431415188,0.7711375107904603,348.90643109445693,337.9684384230693
16553,163,33,16584.01,3,5,5,355,13,Loyal Customers,1.6509678130891092,0.8558484777378846,1080.1336531953018,6640.972664218196
16554,42,8,2841.72,4,5,4,454,13,Loyal Customers,0.8645408445779513,0.9893736164560568,355.99004075931396,1146.2386402002257
16555,35,6,1915.68,4,4,4,444,12,Loyal Customers,0.4054875543158429,0.9667167275486613,158.60439348246203,238.57442465068667
16556,67,17,8012.58,3,5,5,355,13,Loyal Customers,1.8586562159796858,0.9874962382160954,494.7032475293758,3426.0529631457466
16557,24,2,281.85,4,2,1,421,7,Potential Loyalists,0.6731239799207518,0.9126943221585389,223.2851681797074,549.7321377184484
16558,1,38,13304.11,5,5,5,555,15,Champions,4.003958543378686,0.9986556983790404,373.5950515244875,5574.822357077926
16559,397,1,175.0,2,1,1,211,4,Hibernating,0.12732420702629432,1.0,0.0,0.0
16560,27,8,3048.38,4,5,5,455,14,Loyal Customers,0.8583220423560904,0.9909767489049469,375.7766871756838,1201.310395241685
16561,6,2,511.12,5,2,2,522,9,Potential Loyalists,1.1109776311883137,0.9234244597426311,302.5522577343585,1220.9646582857272
16562,477,1,223.85999999999999,1,1,1,111,3,Hibernating,0.108794901107018,1.0,0.0,0.0
16563,54,6,4412.56,4,4,5,445,13,Loyal Customers,0.624922657740255,0.9853069263084834,803.551708170436,1869.9344375228202
16564,569,1,87.8,1,1,1,111,3,Hibernating,0.09288508611382804,1.0,0.0,0.0
16565,364,4,773.05,2,4,3,243,9,At Risk,0.36243196755730833,0.6826298739398211,163.40145329922166,220.00005769797662
16566,15,5,614.66,5,4,3,543,12,Champions,1.156786024407989,0.9844304193292805,136.82112020517184,585.3199742993628
16567,194,2,865.6,2,2,3,223,7,Hibernating,0.3010840294650007,0.8105493280536961,377.48423912210365,419.370017423037
16568,428,2,1020.9000000000001,1,2,3,123,6,Hibernating,0.15476918517732524,0.7333641540401806,662.7295128082266,380.6293365393299
16569,3,5,1455.23,5,4,4,544,13,Champions,0.5251012655330509,0.9870081001591707,270.9938175280264,529.7169436130432
16570,15,20,7434.31,5,5,5,555,15,Champions,2.183973195963214,0.9956931093142137,430.1612343339138,3497.212192192364
16571,27,10,4248.74,4,5,5,455,14,Loyal Customers,1.239826290579497,0.9922289253688359,435.5996711257587,2010.1283735813602
16572,127,3,1009.6,3,3,3,333,9,Need Attention,0.6382754849747093,0.9074607387409819,367.3494593504246,865.3505428245367
16573,85,2,663.61,3,2,3,323,8,About to Sleep,0.3741377040976439,0.8917090612670913,453.6998000229552,625.4464887207065
16574,71,3,1301.78,3,3,4,334,10,Need Attention,0.31847815441247534,0.9631140073380797,391.3661233189135,463.266917198227
16576,420,2,540.87,1,2,2,122,5,Hibernating,0.15527625539276255,0.6107658263248006,384.05955681660043,220.92712381177543
16577,667,1,380.0,1,1,2,112,4,Hibernating,0.08059409414289555,1.0,0.0,0.0
16578,626,1,156.6,1,1,1,111,3,Hibernating,0.08524551874228362,1.0,0.0,0.0
16579,426,1,295.05,1,1,2,112,4,Hibernating,0.12007538610385204,1.0,0.0,0.0
16581,183,1,105.84,3,1,1,311,5,About to Sleep,0.23748646160932513,1.0,0.0,0.0
16582,113,1,313.62,3,1,2,312,6,About to Sleep,0.3290202054615156,1.0,0.0,0.0
16583,374,2,297.95,2,2,2,222,6,Hibernating,0.16153637543465582,0.8001056986309563,287.161412817774,172.20337264628185
16584,80,5,3156.17,3,4,5,345,12,Loyal Customers,0.5648611922900219,0.9781693664042541,582.3966976213976,1223.953895407353
16585,594,2,341.59,1,2,2,122,5,Hibernating,0.09940639155951568,0.5070398743701904,309.9510037957535,114.40861864190539
16586,249,3,1462.78,2,3,4,234,9,At Risk,0.3123535083029234,0.9145409513152013,623.5144286708789,723.6930260392338
16587,232,1,225.15,2,1,1,211,4,Hibernating,0.1976816266039703,1.0,0.0,0.0
16588,386,4,1361.28,2,4,4,244,10,At Risk,0.3339541185217571,0.648276594634266,406.3153919531727,504.1874660698312
16589,71,4,612.36,3,4,3,343,10,Loyal Customers,0.6200944312764816,0.9700405705032177,163.8225706556866,376.79602982694394
16590,401,2,605.9,2,2,3,223,7,Hibernating,0.11931410097307577,0.3836564056477859,354.6098834592965,156.42448702620678
16591,69,1,213.5,3,1,1,311,5,About to Sleep,,1.0,0.0,0.0
16592,4,28,7807.91,5,5,5,555,15,Champions,2.016956930233046,0.996938430266756,445.6843312050049,3349.248415006061
16593,51,8,1071.1399999999999,4,5,3,453,12,Loyal Customers,0.8529962315790649,0.9885417258684374,145.80416968644568,463.23582479990466
16594,75,1,181.09,3,1,1,311,5,About to Sleep,,1.0,0.0,0.0
16595,61,5,1757.75,3,4,4,344,11,Loyal Customers,0.5441170309682418,0.9812006866786981,329.0415706283529,666.2944919677988
16596,16,4,458.98,5,4,2,542,11,Champions,0.4067399890270533,0.9811647917206381,129.91731525828985,196.65398083194106
16597,4,1,90.04,5,1,1,511,7,New Customers,,1.0,0.0,0.0
16598,286,1,145.04999999999998,2,1,1,211,4,Hibernating,0.1678736163048378,1.0,0.0,0.0
16599,386,1,172.8,2,1,1,211,4,Hibernating,0.1307061164919481,1.0,0.0,0.0
16600,4,13,2153.41,5,5,4,554,14,Champions,1.4439723247237979,0.9957349175680895,156.19154216099727,840.2040721417076
16601,41,3,675.83,4,3,3,433,10,Potential Loyalists,0.3360376843075714,0.9670179188950166,335.3418460706415,418.6770477727672
16602,36,2,763.33,4,2,3,423,9,Potential Loyalists,0.30201751958065287,0.9184519557159496,643.9359712578419,718.5827991124506
16603,75,2,482.47,3,2,2,322,7,About to Sleep,0.776527754987664,0.8127170821628125,229.5214271348931,649.527437752689
16604,563,2,432.45,1,2,2,122,5,Hibernating,0.057832665294257735,0.24571505891935677,156.744890589911,33.60672579283373
16605,724,1,60.48,1,1,1,111,3,Hibernating,0.0746853257102891,1.0,0.0,0.0
16606,404,2,357.66,2,2,2,222,6,Hibernating,0.13240394910592065,0.44351496974077304,149.41879997265409,73.17365075787485
16607,18,25,5706.87,5,5,5,555,15,Champions,3.245911730261832,0.9961622033864825,237.5933666516052,2870.3602018802794
16608,454,2,1286.6200000000001,1,2,4,124,7,Hibernating,0.14703320480992865,0.7184068793491886,732.6240500690647,399.84520000471764
16609,15,7,5493.46,5,4,5,545,14,Champions,1.8712395599376082,0.9886181684290404,847.8851215620048,5863.939205838341
16610,219,1,75.66,2,1,1,211,4,Hibernating,0.2066864216184004,1.0,0.0,0.0
16611,186,6,1785.13,3,4,4,344,11,Loyal Customers,0.6839189779231118,0.9453142660791077,311.197629299463,791.8703541346983
16612,33,9,3245.43,4,5,5,455,14,Loyal Customers,0.9647554458120123,0.9913449559359246,349.89993550667214,1257.4461585013182
16613,70,1,618.59,3,1,3,313,7,About to Sleep,,1.0,0.0,0.0
16614,183,3,1179.79,3,3,3,333,9,Need Attention,0.3472763944472613,0.9339879760827003,487.63542835292225,628.8409055142405
16615,626,1,291.5,1,1,2,112,4,Hibernating,0.08524551874228362,1.0,0.0,0.0
16616,15,2,500.42,5,2,2,522,9,Potential Loyalists,0.6173151046178338,0.9199867661743153,356.02666461998916,804.9146459162002
16617,236,1,151.85,2,1,1,211,4,Hibernating,0.1957140934396816,1.0,0.0,0.0
16618,31,5,2647.59,4,4,4,444,12,Loyal Customers,0.8306542413808274,0.9762343939121216,680.5547998460085,2091.191983064601
16619,264,4,1938.33,2,4,4,244,10,At Risk,0.41746990061482014,0.9131655110177106,335.05808867773374,520.2005633328256
16620,4,6,1758.93,5,4,4,544,13,Champions,0.6277518477584267,0.9897676711482167,194.8380239491415,455.4576448496212
16621,52,4,813.48,4,4,3,443,11,Loyal Customers,0.9326899172569869,0.9685507620229067,231.551689020239,797.8859578975058
16622,544,1,225.4,1,1,1,111,3,Hibernating,0.09684416987153996,1.0,0.0,0.0
16623,246,4,1015.24,2,4,3,243,9,At Risk,0.4556841212520744,0.9095085815407933,279.8067837492758,473.8664381999711
16624,81,2,810.5699999999999,3,2,3,323,8,About to Sleep,0.49759870014958235,0.8752723393804733,469.6355607705752,857.7607956323499
16625,275,5,1654.03,2,4,4,244,10,At Risk,0.5680427295636791,0.8237175521060773,362.72589133277944,765.6070786641887
16626,1,17,4413.1,5,5,5,555,15,Champions,4.524198380327597,0.9970235166591948,228.80605123885002,3830.8836397385494
16627,79,1,322.8,3,1,2,312,6,About to Sleep,,1.0,0.0,0.0
16628,30,7,2318.1,4,4,4,444,12,Loyal Customers,0.8397892510052055,0.9891157196474609,385.14648032048586,1203.6169740339997
16629,74,2,408.63,3,2,2,322,7,About to Sleep,0.7616764263953664,0.8227942175225358,223.58789919694942,620.9129075895416
16630,407,1,106.80000000000001,2,1,1,211,4,Hibernating,0.12463691571027861,1.0,0.0,0.0
16631,482,7,1892.52,1,4,4,144,9,At Risk,0.10508797585169884,0.14773018626790532,317.2276980681741,124.04722589385719
16632,486,2,406.4,1,2,2,122,5,Hibernating,0.1289063842680159,0.5589297824586826,249.07785084872768,119.05557021166125
16633,17,6,2883.1,5,4,4,544,13,Champions,1.681451472080301,0.9860600771479578,505.4632365152358,3138.4444120776107
16634,223,6,1649.81,2,4,4,244,10,At Risk,0.6306977130381967,0.931224048535459,279.68378537006134,656.5878632995813
16635,407,1,473.0,2,1,2,212,5,Hibernating,0.1249005254487107,1.0,0.0,0.0
16636,438,4,3802.04,1,4,5,145,10,At Risk,0.2882334436984547,0.6225926475627478,882.6769757439015,946.0903914692385
16637,32,4,1154.47,4,4,3,443,11,Loyal Customers,1.1054648275722723,0.9731748081888906,302.4055689457872,1232.8328074841363
16638,23,15,2380.13,4,5,4,454,13,Loyal Customers,2.2511283415627763,0.9935217589549895,175.92428006346185,1471.7361568901295
16639,31,4,1747.98,4,4,4,444,12,Loyal Customers,0.6789916510191335,0.9775598903443158,446.31446321470867,1123.2061545400966
16640,398,1,179.4,2,1,1,211,4,Hibernating,0.12732420702629432,1.0,0.0,0.0
16641,106,2,554.5,3,2,2,322,7,About to Sleep,0.1770225426084634,0.9100596016654334,284.31574125569904,186.89985303243742
16642,5,3,1077.45,5,3,3,533,11,Potential Loyalists,0.483736914440631,0.971130301373633,379.02095556863435,679.0853481629684
16643,246,2,923.11,2,2,3,223,7,Hibernating,0.24497069596024892,0.8008568740484677,594.8087817798065,538.802443458682
16644,178,2,833.78,3,2,3,323,8,About to Sleep,0.375887333569241,0.6990467249317595,139.33180247814988,192.3756567148374
16645,736,1,160.39,1,1,1,111,3,Hibernating,0.07366112737804592,1.0,0.0,0.0
16646,449,1,678.8,1,1,3,113,5,Hibernating,0.11448889675646744,1.0,0.0,0.0
16647,170,4,541.9,3,4,2,342,9,Loyal Customers,0.5103572186961649,0.944180871200891,142.06955897341984,269.3112857355478
16648,43,3,672.8,4,3,3,433,10,Potential Loyalists,0.35276964366069213,0.9664702451872755,232.0345904780219,304.00371240511964
16649,520,1,306.58000000000004,1,1,2,112,4,Hibernating,0.10063895203659827,1.0,0.0,0.0
16650,72,7,1916.11,3,4,4,344,11,Loyal Customers,0.8541927023658482,0.9792919509762544,265.73795622455424,843.402383847404
16651,587,1,136.2,1,1,1,111,3,Hibernating,0.09046699325793352,1.0,0.0,0.0
16652,59,16,17550.39,3,5,5,355,13,Loyal Customers,1.4881634453061752,0.9880010178102174,1487.6885914357895,8241.185212456952
16653,16,2,1212.66,5,2,4,524,11,Potential Loyalists,1.0008285770548038,0.9127542581159181,119.2667906553487,434.1580960440282
16654,141,8,1484.07,3,5,4,354,12,Loyal Customers,0.9769593203893057,0.9592192667789025,178.44935272331585,648.6545234431696
16655,18,13,6423.26,5,5,5,555,15,Champions,1.5279835516242966,0.9946398589328512,517.3311151469405,2943.771041819688
16656,22,30,16833.170000000002,4,5,5,455,14,Loyal Customers,3.1018577830557623,0.9962182421855922,613.7044485909754,7094.123798080158
16657,10,4,874.43,5,4,3,543,12,Champions,1.0123695035447418,0.9804961095116357,234.51366572075258,876.470230866709
16658,368,5,680.83,2,4,3,243,9,At Risk,0.41373309244056067,0.6749929917462559,144.8141870721026,222.82055933703347
16659,189,1,39.12,2,1,1,211,4,Hibernating,0.23097321470220913,1.0,0.0,0.0
16660,16,7,1879.55,5,4,4,544,13,Champions,0.6634505743969428,0.9887069527983666,360.90114458685304,891.307018918814
16661,540,4,932.76,1,4,3,143,8,At Risk,0.1839466738011622,0.43981515947901034,231.49152939788684,158.4601633227957
16662,394,1,151.05,2,2,1,221,5,Hibernating,0.12815315705728378,1.0,0.0,0.0
16663,729,1,165.0,1,2,1,121,4,Hibernating,0.07421627134814736,1.0,0.0,0.0
16664,569,1,109.2,1,2,1,121,4,Hibernating,0.09288508611382804,1.0,0.0,0.0
16665,362,1,135.39999999999998,2,2,1,221,5,Hibernating,0.1377177068861177,1.0,0.0,0.0
16666,19,2,217.71,4,2,1,421,7,Potential Loyalists,0.20090804498186035,0.9250353343695279,148.54693464299703,110.72201176678749
16667,68,2,567.1800000000001,3,2,2,322,7,About to Sleep,0.38411338696638575,0.9000153299108667,448.61391893328914,634.7944996528734
16668,15,13,862.42,5,5,3,553,13,Champions,1.4998996132972027,0.9943628518498875,67.20716514537051,375.23275111327166
16669,24,2,1344.48,4,2,4,424,10,Potential Loyalists,0.9443667301975778,0.905762788667737,759.5307828815354,2610.7506692588495
16670,17,20,8030.150000000001,5,5,5,555,15,Champions,1.9947240447122119,0.9959921785527406,436.8247309665632,3246.676751438144
16671,28,3,1692.27,4,3,4,434,11,Potential Loyalists,1.0034495466193845,0.9603485460358161,171.47535364801476,632.0566966322793
16672,2,20,8134.9400000000005,5,5,5,555,15,Champions,4.795232877339239,0.9968845780104403,413.8398124972874,7344.222923455188
16673,679,1,171.13,1,2,1,121,4,Hibernating,0.07918980920607879,1.0,0.0,0.0
16674,55,2,304.24,4,2,2,422,8,Potential Loyalists,0.7931925292354802,0.8675103910418774,233.50536732179813,675.403673830031
16675,442,2,608.86,1,2,3,123,6,Hibernating,0.12035128023058744,0.4386714387211052,369.9280729317428,164.81246927751255
16676,34,6,2361.9,4,4,4,444,12,Loyal Customers,1.0391036409106773,0.9850875183115869,403.7063440903807,1556.254619301396
16677,411,2,880.62,1,2,3,123,6,Hibernating,0.15746784143274586,0.757771172869688,752.0835998573817,439.53864088841715
16678,3,12,3109.99,5,5,5,555,15,Champions,3.014241271674958,0.9953200563793284,258.77979805399104,2887.303055611334
16679,366,3,663.31,2,3,3,233,8,At Risk,0.29304276970182946,0.7501266363452262,262.8153547888332,285.87465640599976
16680,43,3,821.45,4,3,3,433,10,Potential Loyalists,0.3854666914305499,0.9657492526522552,156.03567845367724,223.21657944159531
16681,73,7,1921.84,3,4,4,344,11,Loyal Customers,0.8347867858044667,0.9832237450108275,304.51227708451927,945.9592570411892
16682,5,5,1028.0,5,4,3,543,12,Champions,1.6429592168375033,0.9862498611442883,132.30966388982768,800.8574559413076
16683,534,1,320.25,1,2,2,122,5,Hibernating,0.09845830673919884,1.0,0.0,0.0
16684,4,55,147142.77,5,5,5,555,15,Champions,3.910015518756319,0.9983515133062665,4316.151428725236,62892.84017209298
16685,61,2,324.24,3,2,2,322,7,About to Sleep,,1.0,0.0,0.0
16686,47,16,4881.07,4,5,5,455,14,Loyal Customers,1.528230706668412,0.9915793844023136,368.0719044117209,2095.7667268167784
16687,391,1,157.63,2,2,1,221,5,Hibernating,0.12927537531897984,1.0,0.0,0.0
16688,1,4,1260.86,5,4,4,544,13,Champions,2.5965807281503706,0.981889326637428,382.47448749515553,3623.589952747946
16689,76,2,422.59999999999997,3,2,2,322,7,About to Sleep,0.8044972798441694,0.7932694759974145,160.00227633543517,468.70628862810736
16690,72,4,353.03,3,4,2,342,9,Loyal Customers,0.6187592970562195,0.969832648158444,110.02925186893908,252.5294165671173
16691,418,2,178.83,1,2,1,121,4,Hibernating,0.16006645730205554,0.6725615097527416,177.57278457616212,105.3639083919843
16692,256,4,1764.6999999999998,2,4,4,244,10,At Risk,0.524459214532864,0.8060875896842413,423.6625959984747,824.0235824530827
16693,69,5,1179.48,3,4,3,343,10,Loyal Customers,0.5697674987609449,0.9798671832137347,255.42066762836214,541.4240523282746
16694,723,1,98.30000000000001,1,2,1,121,4,Hibernating,0.07477984918294449,1.0,0.0,0.0
16695,562,2,191.9,1,2,1,121,4,Hibernating,0.09406833262778865,1.0,0.0,0.0
16696,135,4,657.9000000000001,3,4,3,343,10,Loyal Customers,0.9195400476420853,0.8738129140979093,221.59704092161908,752.0975300027362
16697,241,1,112.75,2,2,1,221,5,Hibernating,0.19189441278420152,1.0,0.0,0.0
16698,227,2,1998.0,2,2,4,224,8,Hibernating,0.2882242028903959,0.6153593715600687,992.5852291951336,1052.6971798453044
16699,380,7,994.6,2,4,3,243,9,At Risk,0.46286999373666804,0.617808549410302,147.77199195404717,254.73689673795258
16700,9,25,8830.77,5,5,5,555,15,Champions,2.4251819563835673,0.9971967692915518,404.1024147513307,3652.038194171043
16701,9,26,9916.73,5,5,5,555,15,Champions,2.758505584159362,0.9974781871197086,400.5026536495926,4117.138583680032
16702,415,4,1109.53,1,4,3,143,8,At Risk,0.32594398069916214,0.7892349554924244,315.55575463169953,382.77964343826164
16704,618,2,664.16,1,2,3,123,6,Hibernating,0.07665628488021488,0.37917196758732946,152.02228672093543,43.260877107504726
16705,1,42,43515.05,5,5,5,555,15,Champions,2.901138489909792,0.9981103168186455,1622.0785253724775,17536.201856751297
16706,37,3,531.35,4,3,2,432,9,Potential Loyalists,1.2686993832376032,0.9484522762284716,133.37183455365286,619.5720328416292
16707,400,4,533.41,2,4,2,242,8,At Risk,0.3358195292002217,0.7192565594433424,130.5153726804963,162.97747020415704
16708,46,1,656.63,4,2,3,423,9,Potential Loyalists,,1.0,0.0,0.0
16709,85,14,9056.01,3,5,5,355,13,Loyal Customers,1.2993492280329948,0.9840361135403823,721.5532444137515,3492.8136147841615
16710,19,22,5921.35,4,5,5,455,14,Loyal Customers,2.3164341116837854,0.996104613831311,279.7404397580126,2414.6995778243363
16711,3,9,2868.48,5,5,4,554,14,Champions,0.9658506416120323,0.9937101588218638,323.54102159262,1164.04796778804
16712,9,13,4225.22,5,5,5,555,15,Champions,1.8549093329148472,0.9934986028227101,408.7273671426625,2813.3986867596973
16713,19,32,14115.56,4,5,5,455,14,Loyal Customers,3.4884022135891577,0.9968100022984092,454.44968058367266,5907.506471329798
16714,317,3,1482.33,2,3,4,234,9,At Risk,0.16922480382271676,0.8347817090308958,1353.5132571917618,850.2700889317384
16715,78,2,625.52,3,2,3,323,8,About to Sleep,0.21670814699261826,0.9120103471756494,369.83119900622535,297.0984034470477
16716,267,3,2149.6800000000003,2,3,4,234,9,At Risk,0.31119579896009847,0.9046425382277774,495.6099466512392,573.0746937924832
16717,24,14,6663.68,4,5,5,455,14,Loyal Customers,1.3090126544246978,0.9938502536701497,580.1856047846362,2829.426287640929
16718,369,5,3006.08,2,4,5,245,11,At Risk,0.4250812341041127,0.8091490051638961,617.3722462631245,977.0027411703397
16719,15,14,3508.62,5,5,5,555,15,Champions,1.5475520933178422,0.9953014008276752,246.9755120187967,1423.960849819079
16720,26,3,566.74,4,3,2,432,9,Potential Loyalists,0.29442214199438027,0.9691852853753713,224.75565172907739,246.10466311211295
16721,262,1,292.47,2,2,2,222,6,Hibernating,0.1796261129241667,1.0,0.0,0.0
16722,17,22,8189.56,5,5,5,555,15,Champions,2.4262950112067316,0.9964094980161164,377.1027519049671,3409.5710082209425
16723,91,4,1231.36,3,4,4,344,11,Loyal Customers,0.4002783915017334,0.9728762432357736,286.1553933080828,426.2895714250483
16724,405,1,147.35,2,2,1,221,5,Hibernating,0.12543110703408036,1.0,0.0,0.0
16725,302,13,1686.81,2,5,4,254,11,Cannot Lose Them,0.5964730421446695,0.4494524627422423,137.24345869014593,304.9654324942608
16726,26,7,2063.88,4,4,4,444,12,Loyal Customers,1.0556553011213412,0.986259559893086,361.6678543615689,1416.2299035424935
16727,364,4,1377.77,2,4,4,244,10,At Risk,0.3634260317461064,0.8313980079294305,303.1062516061237,409.8011270650632
16728,46,4,1048.28,4,4,3,443,11,Loyal Customers,0.9707914253577673,0.9697452108678092,292.8295725878542,1049.82361213085
16729,38,21,7202.01,4,5,5,455,14,Loyal Customers,5.327833641505564,0.9688553622851828,375.9397339125562,7407.072584530857
16730,52,3,743.11,4,3,3,433,10,Potential Loyalists,0.5970895074776466,0.9588508880329168,306.5930503646899,676.5184997425856
16731,648,1,170.3,1,2,1,121,4,Hibernating,0.08262281269239789,1.0,0.0,0.0
16732,32,4,4387.64,4,4,5,445,13,Loyal Customers,0.40511707230847327,0.9797121429099194,1273.434955728866,1919.9213587907946
16733,530,1,259.68,1,2,1,121,4,Hibernating,0.09911913650487614,1.0,0.0,0.0
16734,52,3,646.76,4,3,3,433,10,Potential Loyalists,0.7315000405351144,0.8787485687202027,421.452892066335,1125.7084689452033
16735,79,14,6217.41,3,5,5,355,13,Loyal Customers,1.299688828064594,0.9855322835102088,543.401309327764,2631.142878533791
16736,506,5,2956.56,1,4,5,145,10,At Risk,0.2209014843420267,0.4220709776880116,453.30788357394533,372.80275095398133
16737,53,2,835.1999999999999,4,2,3,423,9,Potential Loyalists,0.21304940520421523,0.9180515130735987,510.1530801182474,402.9920691742606
16738,298,1,3.75,2,2,1,221,5,Hibernating,0.16233292881858924,1.0,0.0,0.0
16739,177,2,786.43,3,2,3,323,8,About to Sleep,0.21787967776132738,0.8789367825181743,395.5996631938663,319.39082856672155
16740,395,1,226.91,2,2,1,221,5,Hibernating,0.12787564268553162,1.0,0.0,0.0
16741,625,1,173.06,1,2,1,121,4,Hibernating,0.08536869620497321,1.0,0.0,0.0
16742,493,13,2334.97,1,5,4,154,10,Cannot Lose Them,0.0013899235817415832,0.0009609045959277884,179.1497895181913,0.9276457863805061
16743,29,14,4212.15,4,5,5,455,14,Loyal Customers,1.712479078574483,0.9929497758919771,330.4112381004201,2105.5908642002873
16744,11,7,1291.91,5,4,4,544,13,Champions,2.494458003368685,0.9886947643693338,203.51525979481724,1870.3681946399124
16745,87,17,7180.7,3,5,5,355,13,Loyal Customers,3.236414167970518,0.8104201693200063,438.8457788387593,5262.487804993037
16746,5,42,18045.05,5,5,5,555,15,Champions,4.570725704603049,0.9985590695749438,443.97439465580476,7562.906247475918
16747,38,2,836.06,4,2,3,423,9,Potential Loyalists,0.9953210501609974,0.8809235814815296,435.3906281001577,1575.528209146016
16748,18,14,3637.33,5,5,5,555,15,Champions,1.541315027898429,0.995052478834721,276.28047097009886,1586.5368027838617
16749,591,2,4157.88,1,2,5,125,8,Hibernating,0.10626997444950832,0.5627216571962427,2201.28119787632,868.9005320905998
16750,45,5,623.93,4,4,3,443,11,Loyal Customers,1.3751295828757049,0.9732509599392585,133.02323722359878,675.1719647440013
16751,31,1,1764.72,4,2,4,424,10,Potential Loyalists,,1.0,0.0,0.0
16752,373,1,207.5,2,2,1,221,5,Hibernating,0.13457878308954516,1.0,0.0,0.0
16753,58,1,223.92000000000002,4,2,1,421,7,Potential Loyalists,,1.0,0.0,0.0
16754,372,29,65500.07,2,5,5,255,12,Cannot Lose Them,0.0007161072739438139,0.00030085957451361127,3540.357633809524,9.440031419988898
16755,114,7,2864.68,3,4,4,344,11,Loyal Customers,0.7367002398272411,0.9771502006686724,456.72444087353017,1253.051645236672
16756,215,7,1312.3700000000001,2,4,4,244,10,At Risk,0.7775920319863756,0.914560845487115,178.94874249421366,517.8075616850805
16757,319,2,270.48,2,2,1,221,5,Hibernating,0.20992694421646715,0.6679805160705569,133.83420720503477,103.8601733862744
16758,65,1,369.34000000000003,3,2,2,322,7,About to Sleep,,1.0,0.0,0.0
16759,8,3,789.79,5,3,3,533,11,Potential Loyalists,1.4458059568925707,0.9190052734231795,453.65136306019645,2373.561200602348
16760,430,1,228.0,1,2,1,121,4,Hibernating,0.11886699553253288,1.0,0.0,0.0
16761,97,1,316.62,3,2,2,322,7,About to Sleep,0.3635955427893526,1.0,0.0,0.0
16762,20,3,1207.24,4,3,3,433,10,Potential Loyalists,1.1036414402377233,0.9637840801924675,491.1680961430421,1988.8854040952517
16763,199,2,964.6999999999999,2,2,3,223,7,Hibernating,0.16510971662711643,0.8897959476277603,745.3750805152986,457.18574007958534
16764,4,13,2790.9500000000003,5,5,4,554,14,Champions,5.468316159502112,0.995186599043822,221.37689811031646,4456.597473256465
16765,294,2,454.75,2,2,2,222,6,Hibernating,0.2273514398013973,0.6822347766903218,45.642607262088944,38.33601931992441
16766,273,2,1145.6,2,2,3,223,7,Hibernating,0.1738064324440506,1.0,0.0,0.0
16767,31,15,8052.41,4,5,5,455,14,Loyal Customers,1.5908078809430808,0.9924518882377191,672.031802403346,3977.919788281395
16768,48,9,1698.57,4,5,4,454,13,Loyal Customers,0.9680096038366182,0.98971842272958,188.77040439264098,680.6577314438749
16769,260,4,1117.05,2,4,3,243,9,At Risk,0.2790963789661604,0.9222378930163087,397.78517238871257,412.9080316091215
16770,58,9,1778.93,4,5,4,454,13,Loyal Customers,1.4236329522666835,0.984052590379308,206.2165092825263,1090.6045688759534
16771,33,10,3921.1,4,5,5,455,14,Loyal Customers,1.0849685873667847,0.9919005552150063,421.65988296098107,1704.187026460072
16772,423,3,3698.0499999999997,1,3,5,135,9,At Risk,0.2475370760939192,0.8138125717270196,1536.2407685469936,1414.2765860903953
16773,57,3,421.24,4,3,2,432,9,Potential Loyalists,0.2893465952958365,0.9657908369972965,157.28991244427792,169.2781300704555
16774,68,8,1567.48,3,5,4,354,12,Loyal Customers,0.9358089155355586,0.9853675970515458,178.21641352738789,620.809680375421
16775,10,16,2820.84,5,5,4,554,14,Champions,2.770323260607715,0.9956543528326492,183.21975996894244,1885.4195317893793
16776,60,2,592.51,3,2,2,322,7,About to Sleep,0.28300124249796504,0.9118939337727109,454.3779175015773,475.41981740676863
16777,80,5,1292.18,3,4,4,344,11,Loyal Customers,0.588059874589042,0.97764549234863,286.9564268662691,627.6523817234338
16778,74,2,245.94,3,2,1,321,6,About to Sleep,0.39344377582603757,0.8954676955428642,189.45194969273905,274.49186084075023
16779,2,53,32809.03,5,5,5,555,15,Champions,5.6900421911227,0.9989348634162313,635.5342504530736,13477.672571622325
16780,100,3,596.4,3,3,2,332,8,Need Attention,0.4801797545862781,0.9479169790080116,233.28334746429684,414.8295853572675
16781,372,2,623.0,2,2,3,223,7,Hibernating,0.16226220127710408,0.7993468907314252,381.3713053834913,229.71574700166911
16782,10,38,9636.12,5,5,5,555,15,Champions,4.031098219594832,0.9978872422736901,271.59054889717095,4079.997058868103
16783,437,1,391.95,1,2,2,122,5,Hibernating,0.11744867049483318,1.0,0.0,0.0
16784,20,5,892.33,4,4,3,443,11,Loyal Customers,0.6022758681546635,0.9854693836679254,179.19117053641693,401.37005338465104
16785,410,1,533.78,1,2,2,122,5,Hibernating,0.1241130229591661,1.0,0.0,0.0
16786,394,1,51.839999999999996,2,2,1,221,5,Hibernating,0.12843187955950816,1.0,0.0,0.0
16787,398,4,1017.53,2,4,3,243,9,At Risk,0.3406433189250387,0.7896308235381405,275.9141023029616,349.683773140917
16788,123,5,1927.28,3,4,4,344,11,Loyal Customers,0.5535424511657893,0.9704573826098665,396.938204027762,817.5507250960889
16789,8,1,80.8,5,2,1,521,8,Potential Loyalists,,1.0,0.0,0.0
16790,4,6,1545.6200000000001,5,4,4,544,13,Champions,4.969359707349651,0.9881050794118187,183.40990392871475,3320.568117055523
16791,29,15,3944.88,4,5,5,455,14,Loyal Customers,1.4139144782932729,0.9936282527803942,308.11002787753694,1623.1020593674502
16792,282,5,623.46,2,4,3,243,9,At Risk,0.3905954162882361,0.9125447176372626,147.16543286677663,213.87397507140275
16793,57,1,243.84,4,2,1,421,7,Potential Loyalists,,1.0,0.0,0.0
16794,1,15,2050.68,5,5,4,554,14,Champions,1.7785337844721352,0.9962437816126024,142.16190477829613,941.1819750664357
16795,365,3,2062.41,2,3,4,234,9,At Risk,0.2723278364048361,0.8520287879323752,798.7018890348664,808.640082991076
16796,89,1,305.62,3,2,2,322,7,About to Sleep,,1.0,0.0,0.0
16797,393,5,1802.02,2,4,4,244,10,At Risk,0.40148130233245477,0.7680584140811284,425.7477471956204,636.3680331351911
16798,554,3,841.16,1,3,3,133,7,At Risk,0.17580054267009151,0.5838515759759981,348.3113923140581,227.74771438448752
16799,432,2,452.78000000000003,1,2,2,122,5,Hibernating,0.11135632327205745,0.3872073460793063,261.5382595184093,107.76203005726148
16800,11,1,1162.65,5,2,3,523,10,Potential Loyalists,,1.0,0.0,0.0
16801,163,4,1594.23,3,4,4,344,11,Loyal Customers,0.8091582664874637,0.8304286207641004,299.3905102255511,894.8963096758132
16802,679,2,582.61,1,2,2,122,5,Hibernating,0.06376668569205958,0.340224342195361,396.20512522835037,93.84785377945761
16803,65,1,332.3,3,2,2,322,7,About to Sleep,,1.0,0.0,0.0
16804,23,3,536.99,4,3,2,432,9,Potential Loyalists,0.4089947580972663,0.9198795795861796,511.77571837066466,770.6942403456452
16805,174,4,1076.34,3,4,3,343,10,Loyal Customers,0.39895500065008954,0.9575357199933253,286.2827901554167,425.0336394532992
16806,103,4,736.21,3,4,3,343,10,Loyal Customers,1.000842867149333,0.9236823057228385,181.32902076015606,669.626385474564
16807,143,6,2123.88,3,4,4,344,11,Loyal Customers,0.7134656435443264,0.9637277858574095,384.084790423396,1019.400225709955
16808,99,2,288.42,3,2,2,322,7,About to Sleep,0.38615829603870006,0.878886134982161,152.10705140576323,216.30294383261798
16809,23,9,1727.43,4,5,4,454,13,Loyal Customers,1.1540257630453112,0.9917678071625444,187.8030930763264,806.4007566907898
16810,192,2,842.0400000000001,2,2,3,223,7,Hibernating,0.2604426420583178,0.8479426491464099,379.30062522555585,365.2707472248928
16811,5,2,547.07,5,3,2,532,10,Potential Loyalists,1.683562736479817,0.922285614049958,285.7688501384608,1737.5419019877172
16812,361,4,2392.0,2,4,4,244,10,At Risk,0.08371285685751484,0.11365295392940888,455.0694576676007,141.12002028130695
16813,8,10,1652.18,5,5,4,554,14,Champions,3.214660892348589,0.9927833648475387,165.963401248401,1969.3216510741697
16814,14,36,11914.95,5,5,5,555,15,Champions,4.7661471735923655,0.9971478054376639,319.18455268188416,5663.571938456418
16815,454,2,406.02,1,3,2,132,6,At Risk,0.13721905141201016,0.5535480536206085,213.83996044175638,108.73092475931723
16816,103,4,417.06,3,4,2,342,9,Loyal Customers,0.741304112507676,0.9523516890456233,122.07887034593895,335.06402926799893
16817,3,13,2560.7,5,5,4,554,14,Champions,2.289416580632331,0.9957913665439772,194.41047055153498,1652.8157073701557
16818,11,11,3349.57,5,5,5,555,15,Champions,3.534553109088105,0.9927704821420729,284.8458070441136,3716.8507265980015
16819,465,2,182.59,1,3,1,131,5,At Risk,0.1110448499963557,1.0,0.0,0.0
16820,96,1,497.61,3,2,2,322,7,About to Sleep,0.3658580343353406,1.0,0.0,0.0
16821,382,1,113.35,2,2,1,221,5,Hibernating,0.1318737347434386,1.0,0.0,0.0
16822,686,1,181.39,1,2,1,121,4,Hibernating,0.0784537440776623,1.0,0.0,0.0
16823,227,7,2243.09,2,4,4,244,10,At Risk,0.6940157680070732,0.9286438866604468,353.1664087841845,912.843005589038
16824,16,3,686.24,5,3,3,533,11,Potential Loyalists,0.5059754039175922,0.9692021917995279,254.31504407524258,476.3839560682723
16825,39,5,1826.89,4,4,4,444,12,Loyal Customers,0.6878903273983122,0.9827332693892391,383.5214570598236,980.1791521376496
16826,51,1,341.7,4,2,2,422,8,Potential Loyalists,,1.0,0.0,0.0
16827,393,5,387.18,2,4,2,242,8,At Risk,0.32722121717237035,0.5104246536404687,89.50310532876652,108.88372323612867
16828,112,1,113.5,3,2,1,321,6,About to Sleep,0.3308703655676753,1.0,0.0,0.0
16829,157,2,513.32,3,3,2,332,8,Need Attention,0.28434472376015507,0.8647080076600812,243.28963379906025,255.6058406252197
16830,39,4,1207.5,4,4,4,444,12,Loyal Customers,0.40738502703557383,0.9790067295631296,322.30424873908254,488.62864749684354
16831,565,1,91.8,1,2,1,121,4,Hibernating,0.09362109753545857,1.0,0.0,0.0
16832,184,5,417.61,3,4,2,342,9,Loyal Customers,0.7297745218476605,0.9102020333885399,81.10750991458026,219.6709393091658
16833,1,6,2409.04,5,4,4,544,13,Champions,0.6015475036671333,0.9871486956625797,548.8639785776256,1227.9382284890298
16834,228,2,898.96,2,3,3,233,8,At Risk,0.17648378616019691,0.8753255796232735,505.1398544727195,330.95322663338385
16835,128,6,1456.66,3,4,4,344,11,Loyal Customers,0.7751520962305676,0.9648191717654402,240.10912786324178,691.9709588057683
16836,40,4,782.37,4,4,3,443,11,Loyal Customers,0.5037777292224981,0.9779406590299834,200.05281851692737,374.4773938830394
16837,31,11,3170.98,4,5,5,455,14,Loyal Customers,2.4795351384245037,0.9848518805669981,386.66032117079135,3543.8074904925174
16838,197,4,1159.61,2,4,3,243,9,At Risk,0.42774729255795346,0.9460455481723828,290.9150810765306,462.82106597392186
16839,9,44,21758.25,5,5,5,555,15,Champions,5.1237005683323895,0.9981858966844447,525.0874246290393,10021.52851586288
16840,603,2,139.85,1,3,1,131,5,At Risk,0.08720414984390824,0.4325157832821315,43.341851531049585,14.031199033821167
16841,37,12,4006.06,4,5,5,455,14,Loyal Customers,1.3688649056016686,0.9923147535822876,343.2907515809167,1750.208149351393
16842,101,3,1264.19,3,3,4,334,10,Need Attention,0.6099885178578923,0.9361701226990685,409.3033124858008,922.2207156110869
16843,43,35,19571.43,4,5,5,455,14,Loyal Customers,3.0003797744615333,0.9922750984807803,729.6781120637634,8158.365857605603
16844,563,2,614.34,1,3,3,133,7,At Risk,0.06899091135985483,0.29960297608465924,382.26738919452765,97.7924684483295
16845,618,1,253.88,1,2,1,121,4,Hibernating,0.08624101176973226,1.0,0.0,0.0
16846,50,3,842.41,4,3,3,433,10,Potential Loyalists,0.3279951636906551,0.96582628968307,268.5059622833052,327.26673686994775
16847,43,2,614.89,4,3,3,433,10,Potential Loyalists,0.20083586107458876,0.9206611618660004,238.71234081836087,177.85757692305947
16848,53,4,1411.62,4,4,4,444,12,Loyal Customers,0.46299074220146597,0.9624112139985603,363.3238611709858,623.2477622872392
16849,187,1,124.57,2,2,1,221,5,Hibernating,0.23372024470622052,1.0,0.0,0.0
16850,334,1,332.41,2,2,2,222,6,Hibernating,0.14770962975463814,1.0,0.0,0.0
16851,4,3,342.45,5,3,2,532,10,Potential Loyalists,2.0048523506622082,0.9690084448137575,128.73828889405388,939.4896233637643
16852,10,2,144.91000000000003,5,3,1,531,9,Potential Loyalists,0.5706824591942022,0.92333294631392,43.03912051380756,90.05363641268418
16854,417,2,1408.96,1,3,4,134,8,At Risk,0.1572505333442289,0.744066994181652,147.54186766575356,86.09611318074944
16855,24,2,328.4,4,3,2,432,9,Potential Loyalists,1.2384100389614656,0.895796317729587,219.0469339383191,983.4430948289049
16856,15,3,358.49,5,3,2,532,10,Potential Loyalists,0.4572571579929042,0.9696233122556391,97.71105938858308,165.56906786341824
16857,443,1,352.8,1,2,2,122,5,Hibernating,0.11606381642067322,1.0,0.0,0.0
16858,369,10,4292.59,2,5,5,255,12,Cannot Lose Them,0.32408500438735005,0.2940475576400648,453.0371530290285,546.9036154249139
16859,145,7,1932.41,3,4,4,344,11,Loyal Customers,0.6919832631529286,0.9646172155184689,347.78211868489075,895.4494064096239
16860,453,3,1610.62,1,3,4,134,8,At Risk,0.23642119530456424,0.718920271984789,600.9327398357411,528.0787788893435
16861,60,5,946.59,3,4,3,343,10,Loyal Customers,0.7163574371700048,0.9789516125947779,212.47296269358807,565.3003150918152
16862,547,4,662.33,1,4,3,143,8,At Risk,0.15346959098432564,0.35715051808833853,177.08953678498838,101.1180350345463
16863,31,3,834.27,4,3,3,433,10,Potential Loyalists,0.48744714386279253,0.9663423019069807,277.4060943126768,500.77573235905425
16864,434,2,409.25,1,3,2,132,6,At Risk,0.15435643197907448,0.6868829794287079,364.7574271572491,208.81932172876736
16865,402,1,130.95,2,2,1,221,5,Hibernating,0.12623549265081194,1.0,0.0,0.0
16866,141,3,207.73999999999998,3,3,1,331,7,Need Attention,0.7568265240945594,0.7148095874416414,56.12964254735903,156.01807325556595
16867,690,1,76.74000000000001,1,2,1,121,4,Hibernating,0.07814246119695238,1.0,0.0,0.0
16868,394,3,384.56,2,3,2,232,7,At Risk,0.27229804870285546,0.7494223191446955,111.92388561394877,113.19262494917476
16869,23,4,817.12,4,4,3,443,11,Loyal Customers,1.3389400106758507,0.9750900603835055,207.8275650056113,1023.9346354751765
16870,469,1,450.15999999999997,1,2,2,122,5,Hibernating,0.11021599300261543,1.0,0.0,0.0
16871,22,6,2812.34,4,4,4,444,12,Loyal Customers,1.2304880697370686,0.9825227433268334,596.2159731365915,2711.3390917222337
16872,77,6,1213.13,3,4,4,344,11,Loyal Customers,0.9414927609265865,0.9757923787919769,228.22512635514616,797.7369769805105
16873,5,12,14617.39,5,5,5,555,15,Champions,1.4255253325721462,0.9953381195597252,1215.6481183851743,6452.814289388819
16874,379,1,209.89000000000001,2,2,1,221,5,Hibernating,0.13246540867576337,1.0,0.0,0.0
16875,67,11,4234.53,3,5,5,355,13,Loyal Customers,1.0014607229869952,0.9866390632563016,459.20355860605684,1712.6004535522277
16876,404,1,136.01,2,2,1,221,5,Hibernating,0.12569809321525804,1.0,0.0,0.0
16877,12,6,846.62,5,4,3,543,12,Champions,1.8438963899018577,0.9870843056177325,160.0894936458711,1088.9476763190567
16878,84,1,13.3,3,2,1,321,6,About to Sleep,,1.0,0.0,0.0
16880,31,8,1813.21,4,5,4,454,13,Loyal Customers,1.0616438982389338,0.9881099940911731,256.6374354110191,1012.1684923679571
16881,67,1,432.0,3,2,2,322,7,About to Sleep,,1.0,0.0,0.0
16882,67,3,705.12,3,3,3,333,9,Need Attention,0.5971307104659284,0.9539194823920603,382.7946115490879,844.67403981114
16883,187,19,2246.06,2,5,4,254,11,Cannot Lose Them,1.5122465477162794,0.7607951192531757,127.23320087953202,716.9535310059313
16884,38,4,1070.97,4,4,3,443,11,Loyal Customers,0.3640830433189608,0.9670046217570215,359.7090383159795,486.2704430882522
16885,15,4,683.35,5,4,3,543,12,Champions,0.7171104178521783,0.9801260389077554,160.6978090946907,426.91553771820884
16886,456,1,134.0,1,2,1,121,4,Hibernating,0.11295617413277576,1.0,0.0,0.0
16887,35,3,658.17,4,3,3,433,10,Potential Loyalists,0.28829192154190214,0.968299958092069,242.10680143310768,259.62124365893396
16888,401,3,434.2,2,3,2,232,7,At Risk,0.2581701279023807,0.8271721426922553,130.24446508363982,125.03148929514944
16889,195,6,2526.65,2,4,4,244,10,At Risk,0.7472064056934444,0.9241638273408113,450.3575255989695,1251.037127151495
16890,477,3,277.91,1,3,1,131,5,At Risk,0.18216622347910774,0.4929779627870237,66.16899147649019,44.76250807952543
16891,2,11,1727.94,5,5,4,554,14,Champions,1.1937100863233567,0.995107951913714,145.93723659838605,648.9969600615104
16892,1,7,754.75,5,4,3,543,12,Champions,0.633365805471069,0.989909579018083,136.94936376951472,322.9810911357815
16893,367,2,249.47,2,3,1,231,6,At Risk,0.13349016869066438,0.3952018794568051,181.18133830168705,89.33820802957109
16894,502,3,1306.96,1,3,4,134,8,At Risk,0.09486699789343275,0.38206145216503845,25.056898089631453,8.808164836757712
16895,65,5,1102.9,3,4,3,343,10,Loyal Customers,0.5631207115353215,0.9805306638230424,249.9342558057043,523.6583073656317
16896,555,1,103.95,1,2,1,121,4,Hibernating,0.09497575164776721,1.0,0.0,0.0
16897,299,2,289.78,2,3,2,232,7,At Risk,0.18922259164883323,0.48019837903239937,97.4096112104747,67.96547303999489
16898,26,5,885.21,4,4,3,443,11,Loyal Customers,0.6439793289060871,0.9845492881197562,181.99057361505749,435.6523260044751
16899,8,8,1695.77,5,5,4,554,14,Champions,1.4812800684006149,0.9921272413771,210.05583205004191,1154.3071221766077
16900,17,3,882.16,5,3,3,533,11,Potential Loyalists,1.7985290422226794,0.9598888336337663,72.93856882313837,478.1520097830251
16901,729,1,204.26,1,2,1,121,4,Hibernating,0.07421627134814736,1.0,0.0,0.0
16902,116,1,1706.88,3,2,4,324,9,About to Sleep,0.3235922394140974,1.0,0.0,0.0
16903,29,3,1041.75,4,3,3,433,10,Potential Loyalists,0.48158092054133583,0.9668020168398729,336.22364376709004,599.7212409757311
16904,4,20,4656.56,5,5,5,555,15,Champions,3.3317314898559647,0.9967514969693173,265.4951463192823,3284.265964993159
16905,5,17,4704.27,5,5,5,555,15,Champions,1.656198167036709,0.9962563726697208,324.4736154306238,2002.222903713664
16906,82,7,1410.07,3,4,4,344,11,Loyal Customers,0.7788734488157805,0.9786320286915543,221.9836943512431,642.850504035994
16907,29,9,1470.89,4,5,4,454,13,Loyal Customers,1.3068876963660097,0.9905988290530563,175.05298433895913,850.4637499254433
16908,722,1,252.59,1,2,1,121,4,Hibernating,0.0748746122973658,1.0,0.0,0.0
16909,72,1,379.14,3,2,2,322,7,About to Sleep,,1.0,0.0,0.0
16910,4,8,1508.96,5,5,4,554,14,Champions,4.3988879790016275,0.9914363384925128,205.23150014947137,3309.712891003676
16911,636,2,255.25,1,3,1,131,5,At Risk,0.05830398535954039,0.2840920957288117,144.81728851057534,31.340348725536693
16912,29,15,4460.51,4,5,5,455,14,Loyal Customers,1.0855085249827947,0.9923941772676057,462.3258129798411,1869.4729562732123
16913,290,3,423.90999999999997,2,3,2,232,7,At Risk,0.17581628496114723,0.8448886592359912,141.83841530091382,92.55222379422469
16914,36,1,183.76,4,2,1,421,7,Potential Loyalists,,1.0,0.0,0.0
16915,9,11,1543.18,5,5,4,554,14,Champions,1.5054345835505965,0.9943789617106685,126.92303895874089,710.7736226921035
16916,24,4,896.12,4,4,3,443,11,Loyal Customers,0.6714915663040658,0.9790081795135096,276.81295783692866,689.0180478261855
16917,277,2,1851.88,2,3,4,234,9,At Risk,0.1813019855367669,0.8481422009799376,478.57218039955967,321.9461567611892
16918,50,16,3206.54,4,5,5,455,14,Loyal Customers,1.5220704335940964,0.991297780474155,233.00992843087232,1321.4175075070573
16919,156,24,4909.66,3,5,5,355,13,Loyal Customers,0.769610479174218,0.2137759967899339,228.3940502707016,653.3393814381759
16920,411,1,355.45,1,2,2,122,5,Hibernating,0.12359351935798644,1.0,0.0,0.0
16921,61,3,409.21,3,3,2,332,8,Need Attention,0.34649807417498224,0.9637827736177049,148.61433759226279,191.27092230678403
16922,573,1,611.08,1,2,3,123,6,Hibernating,0.09244901052669878,1.0,0.0,0.0
16923,12,32,13157.130000000001,5,5,5,555,15,Champions,3.469276405207971,0.9973101367919329,453.9612622378241,5866.6111110665615
16924,21,3,829.89,4,3,3,433,10,Potential Loyalists,1.5406190014812107,0.9579708004285927,308.0663645283212,1733.5443100162913
16925,540,1,125.65,1,2,1,121,4,Hibernating,0.0973228235308076,1.0,0.0,0.0
16926,371,5,1169.6100000000001,2,4,3,243,9,At Risk,0.30376179663474795,0.42816038690920677,201.00089909680614,226.82058797319684
16927,116,3,543.05,3,3,2,332,8,Need Attention,0.5258040598260838,0.9367834481376124,179.99757237890842,350.1340150802247
16928,80,26,3798.08,3,5,5,355,13,Loyal Customers,3.0178230648877133,0.9650594995470524,148.61837513848187,1670.6091247381255
16929,4,7,1295.39,5,4,4,544,13,Champions,2.7054794711170724,0.9909621492472875,183.65537961259372,1828.9474064793528
16930,26,3,378.89,4,3,2,432,9,Potential Loyalists,1.0085549915812841,0.8994279964025176,214.4938594389991,786.5839243969336
16931,5,23,5032.22,5,5,5,555,15,Champions,4.212366959543083,0.9971425969186539,231.39369269367256,3618.429537187051
16932,53,3,412.55,4,3,2,432,9,Potential Loyalists,0.3626173430804128,0.9646286265209413,164.86460942681387,221.97683383487768
16933,1,9,3099.3,5,5,5,555,15,Champions,0.861093564701159,0.9929268948699456,373.2890723663401,1197.2019811715681
16934,55,6,2083.14,4,4,4,444,12,Loyal Customers,0.5997777145943617,0.9813817985934621,445.5605159501446,993.8707759748379
16935,382,3,530.86,2,3,2,232,7,At Risk,0.17583728459821846,0.35741773620777967,148.17617724620143,96.51447444016176
16936,26,2,548.29,4,3,2,432,9,Potential Loyalists,0.30507139019382096,0.9215976506338558,321.61220257991613,362.497136105896
16937,499,1,196.25,1,2,1,121,4,Hibernating,0.10437327332577204,1.0,0.0,0.0
16938,9,9,6995.360000000001,5,5,5,555,15,Champions,1.0680604853086388,0.9932981688418446,784.5485611629165,3119.425972647867
16939,489,3,433.85,1,3,2,132,6,At Risk,0.20528172979196124,0.6130669294750336,148.66910763552045,113.42225339675865
16940,52,8,6427.66,4,5,5,455,14,Loyal Customers,0.8559891004670541,0.9882832480340672,845.9798369333264,2697.139336219981
16941,612,1,33.0,1,2,1,121,4,Hibernating,0.08713134594473325,1.0,0.0,0.0
16942,13,9,1904.99,5,5,4,554,14,Champions,2.3413957114453705,0.9903364808582847,239.28896862580402,2069.3299105565793
16943,212,3,816.73,2,3,3,233,8,At Risk,0.49966324048668503,0.8003056025236642,202.31636500640948,373.5720395939309
16944,610,1,101.36,1,2,1,121,4,Hibernating,0.08738911506823152,1.0,0.0,0.0
16945,22,33,8548.16,4,5,5,455,14,Loyal Customers,2.556599342776173,0.9960528813609923,377.71337046477305,3598.385287767679
16946,383,5,1222.04,2,4,4,244,10,At Risk,0.3976821650175495,0.6753793194201887,148.04487073708836,219.01591422040372
16947,236,4,946.71,2,4,3,243,9,At Risk,0.42939203830445777,0.9274993301957707,156.44063111294892,249.7986056125763
16948,139,7,868.77,3,4,3,343,10,Loyal Customers,0.8037074767607417,0.966743566521075,130.72201876044073,391.0204922391608
16949,4,6,1286.27,5,4,4,544,13,Champions,1.3236156430819899,0.9895238987023501,251.88330337658078,1234.1786145844992
16950,57,10,3533.77,4,5,5,455,14,Loyal Customers,1.1478536131631616,0.9886310036974085,356.0988033398699,1522.0764496176168
16951,135,3,1277.75,3,3,4,334,10,Need Attention,0.590489277468144,0.9111861716573134,124.68530569298619,271.96978663907856
16952,109,5,795.83,3,4,3,343,10,Loyal Customers,0.40266973228396397,0.9701225605690917,194.78708216045868,291.8934241578371
16953,30,1,20.8,4,2,1,421,7,Potential Loyalists,,1.0,0.0,0.0
16954,1,20,6081.88,5,5,5,555,15,Champions,2.219723890761652,0.9973608176246197,316.53207352247045,2617.2428340670704
16955,185,6,1120.31,3,4,3,343,10,Loyal Customers,0.6530510583452689,0.9513996085091299,168.59582776805635,409.7888542618016
16956,18,1,308.74,5,2,2,522,9,Potential Loyalists,,1.0,0.0,0.0
16957,239,2,416.64,2,3,2,232,7,At Risk,0.2765757227698332,0.6424746345444332,369.92807293174286,376.8660074996931
16958,435,1,778.49,1,2,3,123,6,Hibernating,0.11768270116380831,1.0,0.0,0.0
16959,87,1,117.35000000000001,3,2,1,321,6,About to Sleep,,1.0,0.0,0.0
16960,39,8,1988.93,4,5,4,454,13,Loyal Customers,0.9580887989648688,0.9893600843288601,226.88019510687522,809.0413294242713
16961,116,3,794.56,3,3,3,333,9,Need Attention,0.3807667066738063,0.9507881569457276,348.44831742220225,492.3803864836459
16962,410,1,251.04,1,2,1,121,4,Hibernating,0.1241130229591661,1.0,0.0,0.0
16963,187,1,110.55000000000001,2,2,1,221,5,Hibernating,0.23279732100354314,1.0,0.0,0.0
16964,733,2,207.85,1,3,1,131,5,At Risk,0.07384524999089408,1.0,0.0,0.0
16965,227,1,192.07,2,2,1,221,5,Hibernating,0.20173801607918165,1.0,0.0,0.0
16966,8,7,2154.97,5,4,4,544,13,Champions,1.9480568206406799,0.9901585910566687,300.2948418548111,2161.210340749981
16967,189,1,319.02,2,2,2,222,6,Hibernating,0.23097321470220913,1.0,0.0,0.0
16968,4,2,439.43,5,3,2,532,10,Potential Loyalists,0.801859374878813,0.9255270073032027,229.84837663351448,672.6016618200706
16969,39,3,650.41,4,3,3,433,10,Potential Loyalists,0.8939627014660281,0.9566395475444484,140.61791127664276,462.4040057524088
16970,626,1,71.4,1,2,1,121,4,Hibernating,0.08524551874228362,1.0,0.0,0.0
16971,38,1,357.21,4,2,2,422,8,Potential Loyalists,,1.0,0.0,0.0
16972,383,2,749.0,2,3,3,233,8,At Risk,0.16751803016752803,0.5858642493585599,576.0878956735598,357.10136582471694
16973,386,1,127.0,2,2,1,221,5,Hibernating,0.13041743818660237,1.0,0.0,0.0
16974,523,2,365.5,1,3,2,132,6,At Risk,0.09449316154296189,0.39893973890748646,338.9889629696082,118.74633766145813
16975,423,3,926.12,1,3,3,133,7,At Risk,0.19938860073491813,0.47535933855771995,336.73300516938633,249.06755333590667
16976,267,1,251.51999999999998,2,2,1,221,5,Hibernating,0.1769331480774722,1.0,0.0,0.0
16977,395,4,496.0,2,4,2,242,8,At Risk,0.26979762898247267,0.7854271241078259,196.8941307239,197.38457592678364
16978,78,3,768.88,3,3,3,333,9,Need Attention,0.18647140565353404,0.914855266567885,421.4286735849556,291.7069097763533
16979,4,9,2859.74,5,5,4,554,14,Champions,1.50450145796131,0.9935948127714123,326.83908038708233,1826.0670216940732
16980,255,3,1422.8300000000002,2,3,4,234,9,At Risk,0.4026758995969368,0.8302969357808536,565.3103037009517,843.3428328501072
16982,61,1,384.06,3,2,2,322,7,About to Sleep,,1.0,0.0,0.0
16983,13,11,3490.5299999999997,5,5,5,555,15,Champions,1.8671092922019186,0.9937817279962117,338.3538333301482,2346.2526436673925
16984,88,9,10350.53,3,5,5,355,13,Loyal Customers,1.0816209434008173,0.9809170158834507,1100.85425030946,4431.931897209223
16985,17,23,10923.16,5,5,5,555,15,Champions,1.8812438453420741,0.9957318501422749,653.7863596967871,4582.702514036353
16986,30,11,4888.75,4,5,5,455,14,Loyal Customers,0.6814734217639337,0.9874518232169032,476.7261252834537,1209.117664316402
16987,3,11,2499.45,5,5,4,554,14,Champions,1.0782204465634204,0.9944164376653919,265.724152979213,1067.331055945337
16988,5,2,382.67,5,3,2,532,10,Potential Loyalists,0.3109856217303393,0.9269432734419359,157.1929324954292,180.58437050004767
16989,7,6,1133.25,5,4,3,543,12,Champions,2.344997041496823,0.9879137596082227,57.864286601865274,499.17834357713275
16990,219,2,344.0,2,3,2,232,7,At Risk,0.2531527792454038,0.8276056964627888,221.22659726246167,207.08950392879325
16991,421,1,1041.21,1,2,3,123,6,Hibernating,0.12105994641240025,1.0,0.0,0.0
16992,11,13,5476.5,5,5,5,555,15,Champions,1.5519314818844625,0.9952404616720212,453.69491238945847,2621.880488443447
16993,464,2,1950.9499999999998,1,3,4,134,8,At Risk,0.1401954619518049,0.6031759695033739,1495.3003564272353,777.2699629690043
16996,30,9,2123.61,4,5,4,454,13,Loyal Customers,1.4146368969188994,0.988560266667858,252.95180473413106,1327.9687725958324
16997,288,3,702.0,2,3,3,233,8,At Risk,0.294708656636304,0.4806646005244274,172.90485177704,188.3427741354255
16998,150,5,402.0,3,4,2,342,9,Loyal Customers,0.6078682822689244,0.9398291349469724,105.70129786090062,238.29784858653355
16999,23,2,484.82,4,3,2,432,9,Potential Loyalists,0.9707657632461572,0.9049438910466842,293.8699321598573,1037.9426044935406
17000,396,2,406.3,2,3,2,232,7,At Risk,0.11911955155128692,0.37823514511320977,264.31127563634624,116.38652428778116
17001,1,19,6640.8,5,5,5,555,15,Champions,2.3017796887239315,0.9972022970131484,360.5918736925015,3089.9582623566544
17002,86,7,2571.55,3,4,4,344,11,Loyal Customers,0.7066131122192316,0.9794584558573918,488.8049125180988,1285.10554448196
17003,402,4,828.21,2,4,3,243,9,At Risk,0.26528265097182313,0.7134686095361829,376.5672576306907,370.95537985198456
17004,46,4,2324.36,4,4,4,444,12,Loyal Customers,0.6563614006625135,0.9749044185215174,622.2707421907403,1514.2535315482419
17005,471,2,622.36,1,3,3,133,7,At Risk,0.1384780471283588,0.6069347539603229,353.9559844620538,181.76602920357612
17006,5,8,1635.27,5,5,4,554,14,Champions,0.965379484585197,0.9926854121853782,213.77699907933106,768.0956852332367
17007,51,7,1120.1,4,4,3,443,11,Loyal Customers,0.9965504613042616,0.981948666285908,185.17540859914152,684.8267936905496
17008,429,1,81.36,1,2,1,121,4,Hibernating,0.1191067225922326,1.0,0.0,0.0
17009,551,1,242.06,1,2,1,121,4,Hibernating,0.09559049135019786,1.0,0.0,0.0
17010,18,1,195.36,5,2,1,521,8,Potential Loyalists,,1.0,0.0,0.0
17011,30,3,671.7,4,3,3,433,10,Potential Loyalists,0.3233711841304014,0.9684424209564809,187.79134953447502,225.69054214823282
17012,725,1,360.61,1,2,2,122,5,Hibernating,0.0745910409712512,1.0,0.0,0.0
17014,8,3,583.4300000000001,5,3,2,532,10,Potential Loyalists,1.7694705615861093,0.9666576411301283,218.5721138452863,1410.1581570950675
17015,29,3,1838.6100000000001,4,3,4,434,11,Potential Loyalists,0.9201411781328683,0.961536632867425,723.9243489751677,2449.528456467315
17016,577,1,552.4,1,2,2,122,5,Hibernating,0.09187390901606185,1.0,0.0,0.0
17017,3,29,12576.99,5,5,5,555,15,Champions,2.429239285229532,0.9976186265794322,590.7659324062967,5347.886376110392
17018,41,6,2287.7,4,4,4,444,12,Loyal Customers,0.6288990564705833,0.9866346792785563,401.961561305757,941.321942854364
17019,11,11,3586.99,5,5,5,555,15,Champions,1.0776042287746153,0.9938481150182721,382.74336633124693,1536.4821205485225
17020,542,2,935.62,1,3,3,133,7,At Risk,0.11309178040643696,0.5396715897567308,753.742565831868,316.34567375715716
17021,442,6,1182.22,1,4,3,143,8,At Risk,0.10786269516203366,0.13849301790115687,183.21926257932594,73.49064808541397
17022,31,2,260.0,4,3,1,431,8,Potential Loyalists,0.27597252532690825,0.9207248568960721,90.44679781390819,92.31864955857418
17023,417,3,800.18,1,3,3,133,7,At Risk,0.2527489326687925,0.805573809738252,362.31609237504455,340.4979808290466
17024,45,3,95.85,4,3,1,431,8,Potential Loyalists,1.0231552929295036,0.949211399420113,37.40376475756123,140.5220921161012
17025,61,5,1349.67,3,4,4,344,11,Loyal Customers,0.4549538762973381,0.9758005242408919,178.58998854247676,302.12654095710235
17026,185,3,175.82999999999998,3,3,1,331,7,Need Attention,0.44842395043968586,0.9039897259172915,86.82277478895801,144.2087256348656
17027,79,9,1310.63,3,5,4,354,12,Loyal Customers,0.8549694982400935,0.9846244036355654,172.06330269155544,547.9076271661648
17028,581,3,1593.83,1,3,4,134,8,At Risk,0.14765354997541993,0.485431585143751,706.3212570721522,387.8653453103307
17029,111,7,2137.3,3,4,4,344,11,Loyal Customers,0.803393493154692,0.9757540713647807,320.9837905009944,959.8244084009485
17030,64,1,146.87,3,2,1,321,6,About to Sleep,,1.0,0.0,0.0
17031,12,6,2773.85,5,4,4,544,13,Champions,0.7797819613467496,0.98896517927452,190.75374025734436,553.0922245488318
17032,603,5,2896.69,1,4,5,145,10,At Risk,0.09402824245251314,0.22682107343923233,731.163197449408,255.8535658733503
17033,86,4,1332.79,3,4,4,344,11,Loyal Customers,0.6864118765936045,0.9632057696946447,365.8527377193939,930.557415296856
17034,16,5,1276.42,5,4,4,544,13,Champions,0.7148842569526258,0.9854690315918779,284.8183206866911,756.274185277718
17035,246,4,613.59,2,4,3,243,9,At Risk,0.38462070539897997,0.935989091465856,199.1221137711268,285.0338156318927
17036,383,1,176.9,2,2,1,221,5,Hibernating,0.13128732736839993,1.0,0.0,0.0
17037,88,1,1267.32,3,2,4,324,9,About to Sleep,,1.0,0.0,0.0
17038,30,2,743.17,4,3,3,433,10,Potential Loyalists,0.2857363254593526,0.9207069889340231,140.57905426918705,148.51071693340558
17039,604,1,1954.99,1,2,4,124,7,Hibernating,0.08804026307045193,1.0,0.0,0.0
17040,138,2,463.25,3,3,2,332,8,Need Attention,0.21674712993061765,0.8947254212840156,549.0600704541921,441.0795156369699
17041,27,6,1655.2,4,4,4,444,12,Loyal Customers,0.6207936570998994,0.9846578194893179,375.99365046179855,867.8884285136481
17042,3,5,1036.58,5,4,3,543,12,Champions,1.3271793647153156,0.9868483445841649,202.53521245550084,992.6719009544007
17043,32,8,2593.65,4,5,4,454,13,Loyal Customers,0.85891888076738,0.9904192670647833,325.2772275301731,1040.5851307010903
17044,25,12,11962.3,4,5,5,455,14,Loyal Customers,1.1959400170073309,0.9932256983171757,1117.0077693315266,4976.609774873925
17045,113,5,827.6800000000001,3,4,3,343,10,Loyal Customers,0.8133620656841412,0.9581589555483214,123.04105201600933,371.23279936990383
17046,157,5,1906.07,3,4,4,344,11,Loyal Customers,0.4591524047956061,0.9555024375370196,548.6282868291053,936.4916897336133
17047,85,6,2289.23,3,4,4,344,11,Loyal Customers,0.5153680482168209,0.978551741993689,514.9940765299839,988.0739835903066
17048,118,7,2071.68,3,4,4,344,11,Loyal Customers,0.774066760460249,0.9750250689341611,319.58484474917833,920.9742074729675
17049,3,19,9942.53,5,5,5,555,15,Champions,1.9795474140382028,0.9966766713178202,629.016481941901,4636.22454198548
17050,96,10,4348.46,3,5,5,355,13,Loyal Customers,1.14072937968917,0.979869621367006,458.950487535407,1949.4883844278213
17051,194,4,706.49,2,4,3,243,9,At Risk,0.4481787417116518,0.9435624666881013,191.99142912174213,319.9181744991621
17052,28,1,399.09,4,2,2,422,8,Potential Loyalists,,1.0,0.0,0.0
17053,131,1,498.48,3,2,2,322,7,About to Sleep,0.30046703383773254,1.0,0.0,0.0
17054,28,5,1356.33,4,4,4,444,12,Loyal Customers,1.3267916934525297,0.9802242002979329,273.3933058811469,1339.479668216951
17055,446,1,232.85,1,2,1,121,4,Hibernating,0.11538357268346706,1.0,0.0,0.0
17056,738,1,128.60000000000002,1,2,1,121,4,Hibernating,0.07338665913411922,1.0,0.0,0.0
17057,596,1,288.79,1,2,2,122,5,Hibernating,0.08910253576979668,1.0,0.0,0.0
17058,82,3,1179.89,3,3,3,333,9,Need Attention,0.7374905065262756,0.9373944115225463,329.09258413494126,894.595759529031
17059,30,9,4864.57,4,5,5,455,14,Loyal Customers,1.0346347720769218,0.9914313278902227,567.0926326603156,2184.654510068261
17060,266,1,234.24,2,2,1,221,5,Hibernating,0.17746525286312104,1.0,0.0,0.0
17061,74,11,5232.2300000000005,3,5,5,355,13,Loyal Customers,2.451033608968304,0.9326082620421724,421.31996733158013,3815.3784181598962
17062,314,6,884.71,2,4,3,243,9,At Risk,0.2828817766867301,0.2798484924804628,145.97167284819795,153.24494099042516
17063,21,13,3638.53,4,5,5,455,14,Loyal Customers,1.0753958202642173,0.9930488408388881,381.11065603738,1526.8037207146622
17064,59,3,855.45,3,3,3,333,9,Need Attention,0.5839389990686893,0.9572812333412616,391.7111745914368,845.4844748432713
17065,638,2,194.7,1,3,1,131,5,At Risk,0.0839136696563527,1.0,0.0,0.0
17066,726,1,228.34,1,2,1,121,4,Hibernating,0.07449699406226674,1.0,0.0,0.0
17067,725,3,454.54,1,3,2,132,6,At Risk,0.034750673040903374,0.1856437897659173,280.2228179025869,36.17274808521647
17068,12,47,8980.18,5,5,5,555,15,Champions,6.112406160747462,0.9976709180117309,190.51319133521122,4336.03772753179
17069,28,14,5517.2300000000005,4,5,5,455,14,Loyal Customers,1.3018590567096637,0.9933831747989291,463.7407986576522,2249.2601700674554
17070,114,2,437.42,3,3,2,332,8,Need Attention,0.27945387903082625,0.8910880110533028,372.882727660025,385.2173842012061
17071,28,13,3793.71,4,5,5,455,14,Loyal Customers,1.3920338542565958,0.9931860240167075,322.3214308243888,1670.9506511939808
17072,625,1,273.35,1,2,1,121,4,Hibernating,0.08536869620497321,1.0,0.0,0.0
17073,18,4,1444.84,5,4,4,544,13,Champions,1.8475920492970905,0.974440757544071,352.0195633797191,2383.552050488943
17074,563,1,203.05,1,2,1,121,4,Hibernating,0.09391878001933342,1.0,0.0,0.0
17075,18,10,2236.63,5,5,4,554,14,Champions,1.0934456122690763,0.9933591220428998,232.5702765678044,947.2677380323671
17076,36,6,1242.75,4,4,4,444,12,Loyal Customers,0.628362168941999,0.9870267857095052,244.2617937781892,571.5334970755243
17077,578,1,306.0,1,2,2,122,5,Hibernating,0.09158903433222908,1.0,0.0,0.0
17078,36,2,375.86,4,3,2,432,9,Potential Loyalists,,1.0,0.0,0.0
17079,78,1,118.80000000000001,3,2,1,321,6,About to Sleep,,1.0,0.0,0.0
17080,22,7,957.53,4,4,3,443,11,Loyal Customers,1.003620298888612,0.989398364752731,116.40814314768686,434.2073089950706
17081,25,6,949.39,4,4,3,443,11,Loyal Customers,0.6987530871141728,0.9877813583483024,174.10577720310891,452.7058837174245
17082,33,6,4732.03,4,4,5,445,13,Loyal Customers,0.5230803390377151,0.984457704217794,1000.4461183418589,1948.081327175546
17083,109,9,4049.79,3,5,5,355,13,Loyal Customers,1.0377586646284191,0.9757746647019826,447.8232751409342,1730.1851643779412
17084,35,3,5001.21,4,3,5,435,12,Potential Loyalists,0.2969339062420854,0.9189321748087362,3332.0784212007898,3656.447280818711
17085,123,28,7839.27,3,5,5,355,13,Loyal Customers,2.47525827055016,0.8894780210388514,321.4732499668299,2965.282589960083
17086,7,6,2050.08,5,4,4,544,13,Champions,3.943474820751203,0.9861844160648751,340.10880437199137,4901.361167665216
17087,738,1,221.53,1,2,1,121,4,Hibernating,0.07347792093063472,1.0,0.0,0.0
17088,28,4,1991.01,4,4,4,444,12,Loyal Customers,1.0103504185440082,0.975468431753652,346.4034856930822,1292.0203018441766
17089,386,1,128.45,2,2,1,221,5,Hibernating,0.13041743818660237,1.0,0.0,0.0
17090,4,13,3080.1800000000003,5,5,5,555,15,Champions,1.8238387702672478,0.9952537374688039,233.0644145668768,1580.161072858243
17091,3,19,7495.75,5,5,5,555,15,Champions,1.8977929965625684,0.9968947714521944,456.4025359012688,3227.1442121140753
17092,50,11,5511.41,4,5,5,455,14,Loyal Customers,1.16278064242775,0.9894448760880856,592.3353271779433,2564.554647923754
17093,593,1,235.88,1,2,1,121,4,Hibernating,0.08964334757628468,1.0,0.0,0.0
17094,322,2,402.20000000000005,2,3,2,232,7,At Risk,0.20767415634368208,0.6803206734765535,370.17025774553645,284.27023308311647
17095,23,7,2572.25,4,4,4,444,12,Loyal Customers,0.7521104562794388,0.9900569326117709,390.33888633182784,1093.268829249155
17096,15,11,3697.93,5,5,5,555,15,Champions,1.5384634376434154,0.9937349007807991,318.24049029357445,1820.9745195963073
17097,2,9,1143.36,5,5,3,553,13,Champions,1.3833131331162707,0.9927743025743724,140.36599172868137,720.747875874196
17098,382,3,591.0699999999999,2,3,2,232,7,At Risk,0.27917514674994753,0.7064533998518777,161.73176295247507,167.58077284041727
17099,533,1,582.17,1,2,2,122,5,Hibernating,0.09845830673919884,1.0,0.0,0.0
17100,18,2,971.74,5,3,3,533,11,Potential Loyalists,,1.0,0.0,0.0
17101,10,7,2507.05,5,4,4,544,13,Champions,0.9657969480797263,0.9908078936572192,402.0625666814032,1443.616487250007
17102,262,1,25.5,2,2,1,221,5,Hibernating,0.18017458714487744,1.0,0.0,0.0
17103,722,1,424.3,1,2,2,122,5,Hibernating,0.0748746122973658,1.0,0.0,0.0
17104,424,1,474.03,1,2,2,122,5,Hibernating,0.12056565478438827,1.0,0.0,0.0
17105,159,2,665.78,3,3,3,333,9,Need Attention,0.3353424518964694,0.8352582164842345,423.9110679263402,524.0603759849802
17106,389,1,481.58,2,2,2,222,6,Hibernating,0.1295590101625567,1.0,0.0,0.0
17107,33,10,16052.72,4,5,5,455,14,Loyal Customers,1.0411423592823628,0.9909847141335045,1845.9701960181378,7155.797808926646
17108,664,1,174.95,1,2,1,121,4,Hibernating,0.08092526444025787,1.0,0.0,0.0
17109,29,8,1291.71,4,5,4,454,13,Loyal Customers,0.8941981680723358,0.9865069449863115,230.1605504891586,764.4703264088937
17110,165,3,499.9,3,3,2,332,8,Need Attention,0.3336945585009028,0.9421287035169501,171.48083065234053,212.57066796339242
17111,47,2,459.58,4,3,2,432,9,Potential Loyalists,0.2785307185635324,0.9161777366181546,284.9333125308728,293.4826100543539
17112,503,1,197.57,1,2,1,121,4,Hibernating,0.10382291138917037,1.0,0.0,0.0
17113,574,6,2305.59,1,4,4,144,9,At Risk,0.053936307355013945,0.09803505983621937,468.8313708606366,94.11174287152217
17114,6,8,801.12,5,5,3,553,13,Champions,1.7157979313302207,0.9922847916169897,97.31033116813849,618.5970716839513
17115,8,7,2761.4900000000002,5,4,4,544,13,Champions,0.7435391255007205,0.9911861016895874,400.1212076074106,1107.9821185136027
17116,648,1,389.78,1,2,2,122,5,Hibernating,0.08262281269239789,1.0,0.0,0.0
17117,288,1,116.19999999999999,2,2,1,221,5,Hibernating,0.16645324129051906,1.0,0.0,0.0
17118,318,1,157.02,2,2,1,221,5,Hibernating,0.15386967366508547,1.0,0.0,0.0
17119,3,2,606.91,5,3,3,533,11,Potential Loyalists,1.1133517178003072,0.925397757481054,76.71491887181007,310.24843102613784
17120,233,1,307.46,2,2,2,222,6,Hibernating,0.19702139414264763,1.0,0.0,0.0
17121,403,1,314.74,2,2,2,222,6,Hibernating,0.12596621931373056,1.0,0.0,0.0
17122,119,4,570.5,3,4,2,342,9,Loyal Customers,0.5597346696042076,0.958978131297684,167.0924230705905,347.17515875474993
17123,162,3,966.67,3,3,3,333,9,Need Attention,0.3529869012276348,0.9404865029189206,418.17058248921774,548.086708130619
17124,185,1,294.24,3,2,2,322,7,About to Sleep,0.2346505312785734,1.0,0.0,0.0
17125,50,1,230.5,4,2,1,421,7,Potential Loyalists,,1.0,0.0,0.0
17126,152,9,2008.93,3,5,4,354,12,Loyal Customers,1.0474886743865897,0.9259681858728962,297.05237740673675,1155.4736996334627
17127,429,5,1155.0300000000002,1,4,3,143,8,At Risk,0.3575545515664186,0.6823173564619929,266.8117027513459,355.1656121950547
17128,335,1,157.09,2,2,1,221,5,Hibernating,0.1473409795429892,1.0,0.0,0.0
17129,520,1,31.85,1,2,1,121,4,Hibernating,0.10063895203659827,1.0,0.0,0.0
17131,5,5,2463.17,5,4,4,544,13,Champions,2.3118689409277087,0.9799125805631623,593.4896710972191,5013.91000071761
17132,452,2,1220.9099999999999,1,3,4,134,8,At Risk,0.11505821152983907,0.42709805071909274,721.7983888924898,307.49225964024384
17133,16,12,14622.33,5,5,5,555,15,Champions,1.3765056326968874,0.993907000831004,1222.5348869816453,6263.663643055132
17134,107,3,625.3,3,3,3,333,9,Need Attention,0.44724659040618586,0.9483956955167376,228.33213555380334,378.43303959604344
17135,16,10,1716.3799999999999,5,5,4,554,14,Champions,1.0616374944712372,0.991512035981681,227.88080813089272,899.8208575594585
17136,662,1,231.68,1,2,1,121,4,Hibernating,0.08103626039898158,1.0,0.0,0.0
17137,416,6,1099.81,1,4,3,143,8,At Risk,0.35125863993394735,0.6216858836633253,184.3090334943798,240.90308479412894
17138,276,7,4417.27,2,4,5,245,11,At Risk,0.683729879970024,0.8418317610630757,462.14685759744066,1176.2066584685158
17139,16,25,19566.76,5,5,5,555,15,Champions,2.0786295663854597,0.9960254726994283,1127.7582505480257,8732.464405292583
17140,247,1,454.12,2,2,2,222,6,Hibernating,0.1882211956423515,1.0,0.0,0.0
17141,418,4,727.58,1,4,3,143,8,At Risk,0.15285117179741983,0.7683657563131996,400.431250229049,227.24569998856995
17142,239,4,1275.25,2,4,4,244,10,At Risk,0.4094006383765616,0.9315959731362958,372.79232709777773,567.7559130835291
17143,417,2,880.97,1,3,3,133,7,At Risk,0.15605096723552558,0.6075315048117734,292.86486518261376,169.29192259243692
17144,1,2,984.57,5,3,3,533,11,Potential Loyalists,0.9279116564816546,0.9274506244996409,475.1331560436903,1605.6673857717803
17145,513,4,3120.91,1,4,5,145,10,At Risk,0.18525485946465595,0.5602316755665943,1220.0423548118058,840.0650679042591
17146,106,13,5852.64,3,5,5,355,13,Loyal Customers,1.4983307652117261,0.9727063794294468,408.6595408333097,2280.2309448902934
17147,23,9,3199.95,4,5,5,455,14,Loyal Customers,1.0149987840279406,0.9921592126795051,377.47405822100853,1426.7516776673956
17148,52,1,124.88,4,2,1,421,7,Potential Loyalists,,1.0,0.0,0.0
17149,451,1,143.10000000000002,1,2,1,121,4,Hibernating,0.11404674511258164,1.0,0.0,0.0
17150,377,6,1357.95,2,4,4,244,10,At Risk,0.4630738538361796,0.7255737083673774,253.3027525540953,436.77671265939125
17151,735,1,231.90000000000003,1,2,1,121,4,Hibernating,0.07366112737804592,1.0,0.0,0.0
17152,195,4,2016.5,2,4,4,244,10,At Risk,0.4388064712903818,0.8992886915878534,927.362197651462,1507.5061935376723
17153,24,1,213.78,4,2,1,421,7,Potential Loyalists,,1.0,0.0,0.0
17154,75,1,329.34,3,2,2,322,7,About to Sleep,,1.0,0.0,0.0
17155,18,7,892.46,5,4,3,543,12,Champions,0.7411652485434046,0.9904960847248051,129.26814507726496,356.8211597359076
17156,492,1,591.87,1,2,2,122,5,Hibernating,0.1058698574929167,1.0,0.0,0.0
17157,8,19,5151.9,5,5,5,555,15,Champions,1.9812236420557487,0.9967324966297806,286.66856270720234,2116.3209147733287
17158,32,5,1980.0,4,4,4,444,12,Loyal Customers,0.5836232886669038,0.9841973262824009,440.4792464964777,956.2754433748031
17159,22,5,2099.59,4,4,4,444,12,Loyal Customers,0.5818304848352359,0.9853394606520398,481.46135748621197,1042.0669673886998
17160,31,17,10209.16,4,5,5,455,14,Loyal Customers,1.8643526697800734,0.9942540324297986,593.1392484460187,4120.447996723625
17161,444,1,856.01,1,2,3,123,6,Hibernating,0.1156094322802784,1.0,0.0,0.0
17162,29,10,1715.46,4,5,4,454,13,Loyal Customers,1.3559673193440598,0.9843982976001348,268.29503693266054,1346.3397212016844
17163,22,4,699.78,4,4,3,443,11,Loyal Customers,0.43613160395934725,0.9804939713616904,198.96286771195935,322.7744649273428
17164,33,7,2467.35,4,4,4,444,12,Loyal Customers,1.2161559865839646,0.979789400596211,481.965825081149,2166.450051586144
17165,284,6,1794.32,2,4,4,244,10,At Risk,0.5705644220308778,0.8883925459639663,294.738235406036,626.1715299721322
17166,39,2,206.34,4,3,1,431,8,Potential Loyalists,0.5052903492379683,0.909162141942272,99.83145934841087,185.20962290382255
17167,380,3,867.11,2,3,3,233,8,At Risk,0.2210761092688995,0.47157123255012373,335.801914434006,275.12092345834446
17168,499,1,400.2,1,2,2,122,5,Hibernating,0.10455802699527829,1.0,0.0,0.0
17169,58,3,1156.73,4,3,3,433,10,Potential Loyalists,0.3584711110334165,0.9640957831617396,459.7793843520706,612.0317125868733
17170,374,2,178.68,2,3,1,231,6,At Risk,0.13458756945508488,0.41019134046136196,133.07132504158488,66.17620081380608
17171,289,2,384.59,2,3,2,232,7,At Risk,0.1739150347710378,0.8474186867702446,276.8201212687866,178.6981076326371
17172,79,3,956.5699999999999,3,3,3,333,9,Need Attention,0.29108625425728185,0.9630744674729627,341.4596599025234,369.6711434913218
17173,5,8,3766.6,5,5,5,555,15,Champions,3.0358386631605465,0.9901983779082821,567.7337901513833,6335.354110039705
17174,218,1,59.9,2,2,1,221,5,Hibernating,0.20814523584877279,1.0,0.0,0.0
17175,44,4,1443.69,4,4,4,444,12,Loyal Customers,0.8866066052264323,0.9719118634615551,328.5077674439813,1076.6601083786238
17176,202,3,902.3199999999999,2,3,3,233,8,At Risk,0.3018239388018914,0.9367377694823396,339.39482927170917,380.8128095244976
17177,505,1,119.5,1,2,1,121,4,Hibernating,0.10327832640057238,1.0,0.0,0.0
17178,731,1,432.96,1,2,2,122,5,Hibernating,0.07403029566066299,1.0,0.0,0.0
17179,178,6,1507.26,3,4,4,344,11,Loyal Customers,0.7609761217340619,0.9367095481512876,273.0693594217019,772.5044488366882
17180,56,11,2236.77,4,5,4,454,13,Loyal Customers,1.1433118224280938,0.9886661948222918,234.511173676336,998.4320324570213
17181,57,3,309.85,4,3,2,432,9,Potential Loyalists,0.3493205423918646,0.9643271723877416,133.42660459691055,173.11229029503303
17182,423,2,321.3,1,3,2,132,6,At Risk,0.14857765723155197,0.7807697449389935,177.39114596581692,97.89096994716898
17183,8,6,3347.31,5,4,5,545,14,Champions,2.966896133688453,0.9872755646310651,626.0770450209402,6813.410636727002
17184,569,2,198.41000000000003,1,3,1,131,5,At Risk,0.1149637702890977,0.6133841315164571,183.51842175479544,78.3702216347949
17185,592,3,229.46,1,3,1,131,5,At Risk,0.05304115003000101,0.2360320376534182,132.47797224779055,26.06144007458138
17186,47,2,144.0,4,3,1,431,8,Potential Loyalists,1.0209380549347125,0.8554627899633686,91.65772188287629,339.9503141462022
17187,227,2,467.71,2,3,2,232,7,At Risk,0.21496710496340218,0.8527655862659831,251.43915278321543,200.25601739922897
17188,11,13,4592.93,5,5,5,555,15,Champions,1.3119857088122049,0.9948568023500703,394.2984557426484,1927.2521834614006
17189,106,5,953.63,3,4,3,343,10,Loyal Customers,0.5099330535832011,0.9755332817425698,190.53777068989842,361.7303227337785
17190,59,7,1724.73,3,4,4,344,11,Loyal Customers,0.5801409139550644,0.9810936965701265,345.8092370611065,746.2830104992503
17191,28,15,4310.34,4,5,5,455,14,Loyal Customers,1.2986233953434498,0.9933901305108858,374.31751317252133,1811.0488358706093
17192,536,1,75.28,1,2,1,121,4,Hibernating,0.09796844117575422,1.0,0.0,0.0
17193,36,9,2310.04,4,5,4,454,13,Loyal Customers,0.7390648634170492,0.9889228730762584,389.42742597082866,1071.9053904846526
17194,361,2,776.66,2,3,3,233,8,At Risk,0.18348991534558734,0.7328208940431532,279.0845492777569,189.7389651577533
17195,655,1,562.98,1,2,2,122,5,Hibernating,0.08182184345015979,1.0,0.0,0.0
17196,428,1,327.75,1,2,2,122,5,Hibernating,0.11958909142472927,1.0,0.0,0.0
17197,30,1,1013.01,4,2,3,423,9,Potential Loyalists,,1.0,0.0,0.0
17198,24,3,692.22,4,3,3,433,10,Potential Loyalists,0.5305779831384032,0.9674892076068028,232.17151558616612,455.83009681483145
17199,582,1,135.04000000000002,1,2,1,121,4,Hibernating,0.09102455456941845,1.0,0.0,0.0
17200,387,4,356.71,2,4,2,242,8,At Risk,0.16212233526700587,0.7801696589339572,236.54478673490797,142.3296233611394
17201,54,4,1132.6,4,4,3,443,11,Loyal Customers,0.439309400584511,0.9769576499640008,246.48543056882616,402.75242949417515
17202,421,1,160.65,1,2,1,121,4,Hibernating,0.12130861634772841,1.0,0.0,0.0
17203,36,10,5564.09,4,5,5,455,14,Loyal Customers,0.7097248494886381,0.9765036950324267,1261.1482375637727,3316.110897751234
17204,175,9,5504.6900000000005,3,5,5,355,13,Loyal Customers,0.9076745135232349,0.9266342968245125,894.1327232689754,3017.094659185524
17205,54,3,999.35,4,3,3,433,10,Potential Loyalists,0.36661812723112,0.9645359375997011,398.77651017167636,542.7949977564591
17206,53,1,204.24,4,2,1,421,7,Potential Loyalists,,1.0,0.0,0.0
17207,652,1,291.77,1,2,2,122,5,Hibernating,0.08216320573954396,1.0,0.0,0.0
17208,396,1,111.15,2,2,1,221,5,Hibernating,0.12787564268553162,1.0,0.0,0.0
17209,649,3,595.7,1,3,2,132,6,At Risk,0.08531693002587616,0.2858443409733899,152.80424590147464,48.49129311654758
17210,393,1,251.72,2,2,1,221,5,Hibernating,0.12871181810448065,1.0,0.0,0.0
17211,27,13,3773.35,4,5,5,455,14,Loyal Customers,1.4321940295055948,0.9938999673457658,286.6874039899806,1529.6610048881264
17212,253,3,794.41,2,3,3,233,8,At Risk,0.37716727943308925,0.8692193640948255,191.4664194370648,267.81118490360114
17213,40,13,4869.400000000001,4,5,5,455,14,Loyal Customers,1.3198205290030844,0.9919906045948899,421.9905956025643,2074.814400412658
17214,60,6,1059.1200000000001,3,4,3,343,10,Loyal Customers,1.1734750214035397,0.9764349381705104,184.78998152320327,803.5385609970352
17215,464,1,186.15,1,2,1,121,4,Hibernating,0.11125401706099276,1.0,0.0,0.0
17216,554,1,63.6,1,2,1,121,4,Hibernating,0.09512869375912897,1.0,0.0,0.0
17217,234,2,210.1,2,3,1,231,6,At Risk,0.18854515769846897,0.8655835911892499,141.91107074505192,99.26439038346706
17218,4,18,3889.39,5,5,5,555,15,Champions,2.119477760196891,0.9969242933779765,208.33120121067324,1644.6687022693272
17219,32,2,259.13,4,3,1,431,8,Potential Loyalists,0.2850640473747211,0.9204534935597435,142.79504531539862,150.50012811516083
17220,24,21,4451.41,4,5,5,455,14,Loyal Customers,1.6240277457066392,0.9942713409193075,320.4476426476746,1938.3011174511719
17221,7,5,976.62,5,4,3,543,12,Champions,0.48088961696685906,0.9817388337837372,205.06376117872819,366.55708758801495
17222,65,6,1563.6100000000001,3,4,4,344,11,Loyal Customers,0.6564936769731202,0.9834981135265,284.52234570509245,695.3319803093291
17223,310,3,523.04,2,3,2,232,7,At Risk,0.30681219231764717,0.5645955998017778,211.18363500982647,239.78234531413148
17224,501,1,100.86,1,2,1,121,4,Hibernating,0.10400571895916452,1.0,0.0,0.0
17225,582,1,131.15,1,2,1,121,4,Hibernating,0.0911650208964098,1.0,0.0,0.0
17226,309,3,895.47,2,3,3,233,8,At Risk,0.2909678380236687,0.8884395241740042,261.9006950664301,283.257551834669
17227,19,12,1878.93,4,5,4,454,13,Loyal Customers,1.3769171307159582,0.9942141143538291,154.6786346418425,793.2218284668706
17228,16,13,2820.03,5,5,4,554,14,Champions,1.6152927748995571,0.9947454133307463,227.94726945342506,1370.7263164414508
17229,96,2,318.76,3,3,2,332,8,Need Attention,0.5892713013328512,0.8187988577949629,199.49051022448452,430.1111245466757
17230,264,18,9388.49,2,5,5,255,12,Cannot Lose Them,0.8013388477564087,0.5186377691254022,708.5695485711652,2115.5030015078846
17231,12,25,7064.8,5,5,5,555,15,Champions,2.4395993638911637,0.9968661358810157,325.708366206576,2960.9520511069786
17232,3,2,417.77,5,3,2,532,10,Potential Loyalists,1.7538702521933824,0.9252242924508589,258.438293901851,1636.1641565433888
17233,35,3,560.86,4,3,2,432,9,Potential Loyalists,0.29338738439887396,0.9682334645853836,210.97003184112154,230.20185651741974
17234,183,1,149.89000000000001,3,2,1,321,6,About to Sleep,0.23748646160932513,1.0,0.0,0.0
17235,25,8,1562.98,4,5,4,454,13,Loyal Customers,1.105099849499296,0.9904009680551726,212.33248305929988,872.4945111386988
17236,13,12,1929.26,5,5,4,554,14,Champions,1.476986659999305,0.9946610326366035,157.13941921060115,864.0295993852608
17237,11,4,994.13,5,4,3,543,12,Champions,0.7240120530165772,0.9807558476239056,149.9292366936597,402.107134035365
17238,3,32,7331.17,5,5,5,555,15,Champions,3.208344740425867,0.9981903524129317,254.57519292927321,3043.8764251351345
17239,313,4,1189.45,2,4,3,243,9,At Risk,0.43388028155397573,0.7789596566015056,313.07505491000296,504.4216518301154
17240,596,1,130.6,1,2,1,121,4,Hibernating,0.08910253576979668,1.0,0.0,0.0
17241,385,12,2736.64,2,5,4,254,11,Cannot Lose Them,0.07916167327957926,0.059965367153009146,223.75062433761366,65.94809300164945
17242,108,5,2889.28,3,4,5,345,12,Loyal Customers,0.5451308432179397,0.9739227292462627,640.8339101603024,1299.99708919795
17243,1,69,20184.68,5,5,5,555,15,Champions,7.358706712719469,0.9992179248474775,303.1581198377631,8314.729782463597
17244,53,5,1826.04,4,4,4,444,12,Loyal Customers,0.2894877331636237,0.9662619317386146,859.387096964366,925.3384322195908
17245,205,2,371.63,2,3,2,232,7,At Risk,0.17476614585802192,0.8843915917076023,212.0841205417526,137.6221670962505
17246,547,2,38.92,1,3,1,131,5,At Risk,0.12234272531277954,0.6593195326650391,23.167856542041235,10.529534712715712
17247,15,1,280.09000000000003,5,2,1,521,8,Potential Loyalists,,1.0,0.0,0.0
17248,120,2,500.54,3,3,2,332,8,Need Attention,0.244280493075455,0.8953009555168103,390.3321434938551,352.9953417521251
17249,429,1,68.03,1,2,1,121,4,Hibernating,0.11934741925685605,1.0,0.0,0.0
17250,4,2,381.97,5,3,2,532,10,Potential Loyalists,0.42361778631945507,0.9271754286155787,270.05105572325493,421.074761749892
17251,363,3,798.98,2,3,3,233,8,At Risk,0.2635602011375345,0.8697981584895815,271.8085958917428,266.4339941645082
17252,117,2,348.91,3,3,2,332,8,Need Attention,0.48664255805823375,0.8200482661356722,18.88118533789421,33.70689226605
17253,18,1,178.26,5,2,1,521,8,Potential Loyalists,,1.0,0.0,0.0
17254,5,3,469.48,5,3,2,532,10,Potential Loyalists,0.4982653332457839,0.9711112730943927,150.55319712358434,277.76613078863295
17255,41,4,781.7,4,4,3,443,11,Loyal Customers,0.6290584589783945,0.976415408030051,146.76908711951555,342.4292215184023
17256,107,5,498.93,3,4,2,342,9,Loyal Customers,0.4786733811675229,0.9670312199120272,123.50146847450107,219.72766562292423
17257,436,2,189.78,1,3,1,131,5,At Risk,0.11744867049483318,1.0,0.0,0.0
17258,397,2,417.3,2,3,2,232,7,At Risk,0.15889421244319857,0.7784917459175204,166.0690059209653,97.9494572039091
17259,148,6,1452.39,3,4,4,344,11,Loyal Customers,0.5610054161146685,0.9634596677401462,299.9262103174497,625.9810223512611
17260,411,1,120.95,1,2,1,121,4,Hibernating,0.12359351935798644,1.0,0.0,0.0
17261,510,1,221.59,1,2,1,121,4,Hibernating,0.10256104324801099,1.0,0.0,0.0
17262,52,11,2488.76,4,5,4,454,13,Loyal Customers,0.9771639177486002,0.9890432526374969,296.8319844280128,1080.3558183963942
17263,208,1,63.440000000000005,2,2,1,221,5,Hibernating,0.21497360001347654,1.0,0.0,0.0
17264,424,1,268.28,1,2,1,121,4,Hibernating,0.12032002065354944,1.0,0.0,0.0
17265,139,2,550.01,3,3,2,332,8,Need Attention,0.4632347226601256,0.7619347816286222,212.9559858714096,361.76797892946956
17266,2,5,501.71999999999997,5,4,2,542,11,Champions,0.5869858467678212,0.9870662305902436,102.11740902392931,222.9686398205943
17267,127,2,317.2,3,3,2,332,8,Need Attention,0.3051389775197213,1.0,0.0,0.0
17268,108,11,1733.8899999999999,3,5,4,354,12,Loyal Customers,1.1788314794239312,0.977787871945648,160.99247535464954,707.0043034096193
17269,386,1,491.81,2,2,2,222,6,Hibernating,0.1307061164919481,1.0,0.0,0.0
17270,469,2,601.4499999999999,1,3,2,132,6,At Risk,0.13958340017703108,0.7466137103062562,260.98123444668397,135.3200686622638
17271,736,1,204.3,1,2,1,121,4,Hibernating,0.07356941006169464,1.0,0.0,0.0
17272,42,4,2148.63,4,4,4,444,12,Loyal Customers,0.9781379051557165,0.971135557698169,528.9242411081257,1910.4709135297355
17273,424,1,141.12,1,2,1,121,4,Hibernating,0.12032002065354944,1.0,0.0,0.0
17274,35,2,573.22,4,3,2,432,9,Potential Loyalists,0.29757189935863104,0.918909857526446,135.03302203331316,148.49301975848255
17275,383,1,114.1,2,2,1,221,5,Hibernating,0.13128732736839993,1.0,0.0,0.0
17276,402,1,501.24,2,2,2,222,6,Hibernating,0.12596621931373056,1.0,0.0,0.0
17277,228,2,1065.3500000000001,2,3,3,233,8,At Risk,0.28730337921884636,0.7464562540845927,426.272369860828,451.7110633157287
17278,241,2,271.24,2,3,1,231,6,At Risk,0.20166387725705726,0.852755601365347,302.40694684608223,226.079151542051
17279,58,1,187.82999999999998,4,2,1,421,7,Potential Loyalists,,1.0,0.0,0.0
17280,438,1,118.85999999999999,1,2,1,121,4,Hibernating,0.1169833924850057,1.0,0.0,0.0
17281,374,6,797.8499999999999,2,4,3,243,9,At Risk,0.4414491869458687,0.639657821693183,142.78257462309608,234.58844740233727
17282,130,5,2308.54,3,4,4,344,11,Loyal Customers,0.6580223167042867,0.9620486704102759,512.1267140862223,1252.2515610622581
17283,379,1,188.46,2,2,1,221,5,Hibernating,0.1327632428396258,1.0,0.0,0.0
17284,60,7,2558.6,3,4,4,344,11,Loyal Customers,1.2930471080353496,0.9789630370686101,283.42338443812355,1359.143735419756
17285,628,2,400.44,1,3,2,132,6,At Risk,0.06485765831956464,0.31689568336272844,241.19473515974545,58.06633031547392
17286,22,3,389.18,4,3,2,432,9,Potential Loyalists,0.29565416206957273,0.9229071429231068,187.76876523687343,205.17858998119783
17287,26,21,3826.86,4,5,5,455,14,Loyal Customers,1.975291411275677,0.9949911948378483,212.7886374344817,1566.2125359864856
17288,9,11,2468.43,5,5,4,554,14,Champions,1.686902416700057,0.9927725900426162,285.1488571293808,1784.593867847103
17289,32,9,2041.8,4,5,4,454,13,Loyal Customers,1.0943209716052842,0.9910298381457707,255.2708212006254,1039.7526614571634
17290,4,8,1427.48,5,5,4,554,14,Champions,0.751334639507486,0.9915441441575911,235.97080123695062,660.2402921352054
17291,308,1,550.8000000000001,2,2,2,222,6,Hibernating,0.15756618052385274,1.0,0.0,0.0
17292,472,2,271.75,1,3,1,131,5,At Risk,0.1358947762737201,0.5874076942081103,162.37568751061258,81.81853842064656
17293,8,17,3750.63,5,5,5,555,15,Champions,1.7537838462986912,0.9962792621425045,245.43758488981396,1603.8756273459337
17294,669,2,467.78999999999996,1,3,2,132,6,At Risk,0.0802656242684186,1.0,0.0,0.0
17295,29,3,547.0,4,3,2,432,9,Potential Loyalists,1.0350150417963409,0.8951442936906173,328.5629067357929,1235.9670590932228
17296,730,1,338.13,1,2,2,122,5,Hibernating,0.07412316681440967,1.0,0.0,0.0
17297,17,1,128.18,5,2,1,521,8,Potential Loyalists,,1.0,0.0,0.0
17298,101,5,938.36,3,4,3,343,10,Loyal Customers,0.5784394079198675,0.9740750624159498,214.3418452344172,461.19596214608777
17299,12,6,993.23,5,4,3,543,12,Champions,0.922531496752711,0.9887654442267694,161.42398309159273,553.0264798914305
17300,391,2,393.64,2,3,2,232,7,At Risk,0.16748875222158802,0.6138551548444255,292.4773694805439,181.35259947613991
17301,21,2,294.39,4,3,2,432,9,Potential Loyalists,0.19996210457191338,0.9247041929237935,202.14243393552465,149.96666359848172
17302,15,5,1135.63,5,4,3,543,12,Champions,1.11643677122365,0.9847411932431867,250.0048289925608,1032.5856717844276
17303,361,1,250.04,2,2,1,221,5,Hibernating,0.13803967898011707,1.0,0.0,0.0
17304,534,1,111.5,1,2,1,121,4,Hibernating,0.0982944745211417,1.0,0.0,0.0
17305,649,1,2135.46,1,2,4,124,7,Hibernating,0.08262281269239789,1.0,0.0,0.0
17306,11,21,9782.35,5,5,5,555,15,Champions,3.1935299136746744,0.9957313179488351,568.3752799005154,6738.240065564543
17307,395,11,3999.8900000000003,2,5,5,255,12,Cannot Lose Them,0.08627841425434482,0.06778546552526937,391.92088779490666,125.92809074646573
17308,393,2,4511.76,2,3,5,235,10,At Risk,0.15604640345423362,0.5415563621478373,811.8184841795776,468.72679873778753
17309,95,3,320.39,3,3,2,332,8,Need Attention,0.31090157655397604,0.9597090618363605,62.543214612832344,72.2833594999719
17310,387,2,1025.1,2,3,3,233,8,At Risk,0.17293869254467295,0.6953223343398963,319.4325392557735,204.69509821861385
17311,78,6,3566.56,3,4,5,345,12,Loyal Customers,0.6763034545934191,0.9812891591284171,634.2539011588556,1596.4647346701506
17312,139,3,644.3,3,3,3,333,9,Need Attention,0.7687765599885217,0.7196565298390261,275.05098245259694,776.5163774112942
17313,31,1,2328.84,4,2,4,424,10,Potential Loyalists,,1.0,0.0,0.0
17314,25,17,4904.43,4,5,5,455,14,Loyal Customers,1.8635342823110228,0.9950608062352405,300.3903555072531,2085.8651027592664
17315,2,41,9559.5,5,5,5,555,15,Champions,7.095431419401412,0.9986954430825683,226.9227893590233,5982.223160309301
17316,420,1,124.45,1,2,1,121,4,Hibernating,0.12130861634772841,1.0,0.0,0.0
17317,46,3,2600.34,4,3,4,434,11,Potential Loyalists,1.4456881103224741,0.9292549747828572,315.52604442001604,1666.8640569179722
17318,725,1,157.32999999999998,1,2,1,121,4,Hibernating,0.0745910409712512,1.0,0.0,0.0
17319,669,1,29.1,1,2,1,121,4,Hibernating,0.0802656242684186,1.0,0.0,0.0
17320,100,6,2444.85,3,4,4,344,11,Loyal Customers,0.6622085207658875,0.9777496999500626,440.31569973877225,1085.3335819766194
17321,8,6,1665.21,5,4,4,544,13,Champions,0.644232756636437,0.9864741873498566,328.65995265498066,787.0708352675298
17322,376,5,922.59,2,4,3,243,9,At Risk,0.4184290546804295,0.7994819986297385,212.1723731940141,330.52009551430865
17323,15,12,1547.64,5,5,4,554,14,Champions,1.368265045934628,0.9944886345695355,129.6652767824522,660.7967281895237
17324,18,12,2171.07,5,5,4,554,14,Champions,1.2135227481119688,0.9939087506200811,211.04837091255285,954.0296615026832
17325,280,3,609.5699999999999,2,3,3,233,8,At Risk,0.3045313084180462,0.8992815173781813,280.07339541932544,316.9521720405479
17326,408,2,312.35,2,3,2,232,7,At Risk,0.16304386241763594,0.6500697413169895,183.26412770031214,110.70914887416957
17327,410,2,152.35,1,3,1,131,5,At Risk,0.1637414308084361,0.6891013615825259,183.80904353134775,111.56988618654076
17328,673,1,104.7,1,2,1,121,4,Hibernating,0.07983180829513903,1.0,0.0,0.0
17329,14,5,998.53,5,4,3,543,12,Champions,0.40322453087412075,0.9812622071869749,257.8732931999526,386.98804115088416
17330,23,4,423.8,4,4,2,442,10,Loyal Customers,0.4532036791997549,0.9803104728638968,133.60474622834386,225.16773462152833
17331,124,1,175.2,3,2,1,321,6,About to Sleep,0.3115997814105486,1.0,0.0,0.0
17332,528,5,827.77,1,4,3,143,8,At Risk,0.07991235528297025,0.13743060923163114,147.05423229936213,43.71951106165966
17333,86,1,494.25,3,2,2,322,7,About to Sleep,,1.0,0.0,0.0
17334,302,3,635.15,2,3,3,233,8,At Risk,0.34892523716285495,0.6873491708847059,170.17730362280795,219.89092836330255
17335,384,2,497.04,2,3,2,232,7,At Risk,0.15852397163885787,0.7968822870621874,432.2058977987716,254.38094243930053
17336,472,1,81.12,1,2,1,121,4,Hibernating,0.10960243018090593,1.0,0.0,0.0
17337,151,4,1979.61,3,4,4,344,11,Loyal Customers,0.7841115121650233,0.8929292121287071,351.729381671903,1019.9020516626789
17338,17,17,11880.54,5,5,5,555,15,Champions,2.121519733588306,0.9955274007392071,734.0552084700356,5798.280065993797
17339,94,3,302.36,3,3,2,332,8,Need Attention,0.3978774953745338,0.9552316501961843,135.31069408497444,199.72800265209767
17340,30,18,19617.95,4,5,5,455,14,Loyal Customers,1.8020384485276657,0.9938112285560557,1358.2419226351699,9114.532830163067
17341,157,5,1272.21,3,4,4,344,11,Loyal Customers,0.3712470134802103,0.9394414865047429,375.712844955871,517.6916104103748
17342,380,4,1227.54,2,4,4,244,10,At Risk,0.3563055746760286,0.7945353313523442,325.0892853738545,430.83406793088636
17343,355,6,1259.94,2,4,4,244,10,At Risk,0.49596069670182485,0.7800257967315246,220.964177569729,408.0831334873107
17344,46,2,457.36,4,3,2,432,9,Potential Loyalists,0.17311089037697003,0.9213030994319693,195.337040667924,125.60606933350886
17345,15,10,1586.6299999999999,5,5,4,554,14,Champions,0.7394390231265233,0.9906579015270962,216.34951425657056,595.8116338770927
17346,4,26,4991.41,5,5,5,555,15,Champions,3.3325815974962834,0.9977976441283818,202.41793424116275,2511.0029637379844
17347,86,1,228.96,3,2,1,321,6,About to Sleep,,1.0,0.0,0.0
17348,15,9,2430.99,5,5,4,554,14,Champions,1.0993452118002929,0.9927573991805844,259.1068430917435,1060.2030255477096
17349,179,5,772.41,3,4,3,343,10,Loyal Customers,0.5726233109706711,0.9506157961402124,167.2852125315544,356.2901961251288
17350,8,7,1893.7,5,4,4,544,13,Champions,0.680017928753215,0.9893504934158901,322.2548275640137,815.6092019237585
17351,36,12,1964.38,4,5,4,454,13,Loyal Customers,1.1990962063700463,0.9920958488208671,186.68398128063586,833.9102909261662
17352,696,1,36.25,1,2,1,121,4,Hibernating,0.0774256557910136,1.0,0.0,0.0
17353,129,4,3242.0,3,4,5,345,12,Loyal Customers,0.4601105927105139,0.9630896780090626,1027.5590403744015,1757.7473322192704
17354,51,4,3133.96,4,4,5,445,13,Loyal Customers,0.2765996645666615,0.915393593888541,1691.3610724338582,1730.1420901100441
17355,386,1,273.31,2,2,1,221,5,Hibernating,0.13041743818660237,1.0,0.0,0.0
17356,312,5,946.47,2,4,3,243,9,At Risk,0.48146967372151267,0.8647824672817879,169.52787158054937,303.7537605599496
17357,24,2,384.39,4,3,2,432,9,Potential Loyalists,,1.0,0.0,0.0
17358,303,5,861.01,2,4,3,243,9,At Risk,0.4998385567873053,0.856027286393487,195.37856854390617,363.31058660562576
17359,11,2,284.46,5,3,1,531,9,Potential Loyalists,0.1936034852554094,0.9264692120052308,159.29994037543366,114.45824035039496
17360,17,6,1200.51,5,4,3,543,12,Champions,0.6466090812495955,0.9800729518175331,343.0062364308443,822.4286944811214
17361,49,5,871.79,4,4,3,443,11,Loyal Customers,0.4342167994773183,0.9775087691241048,174.07093926343742,281.15549601891195
17362,239,7,1024.04,2,4,3,243,9,At Risk,0.7098466272918061,0.9083523852903944,150.47375957779997,397.69650568377625
17363,395,3,920.46,2,3,3,233,8,At Risk,0.11367519053370896,0.3563713536087934,243.7982219080268,102.43324243836025
17364,1,27,11614.45,5,5,5,555,15,Champions,2.780827723900702,0.9980304108211403,468.74333957360875,4857.432814507785
17365,13,15,8179.45,5,5,5,555,15,Champions,1.6522194301462219,0.995398250518302,602.7096141100867,3708.5470433569267
17366,432,2,1077.24,1,3,3,133,7,At Risk,0.11405637195398406,0.39889169346461417,723.4573548669762,305.3329632364127
17367,238,1,167.55,2,2,1,221,5,Hibernating,0.1937854023292027,1.0,0.0,0.0
17368,23,14,2758.29,4,5,4,454,13,Loyal Customers,1.4362438861838704,0.9941884845683671,217.34334967960507,1162.9278326594908
17369,456,1,979.1999999999999,1,2,3,123,6,Hibernating,0.11317261545273148,1.0,0.0,0.0
17370,73,4,446.18,3,4,2,342,9,Loyal Customers,1.316324825112866,0.9345940078456233,120.02636558333691,581.1853099549958
17371,17,6,651.37,5,4,3,543,12,Champions,0.4056469011864618,0.980993451008025,177.21339483100746,267.5289811290161
17372,41,27,4316.46,4,5,5,455,14,Loyal Customers,2.975979439928876,0.9928894934880862,161.40835357849136,1790.0837387637544
17373,40,7,1167.5,4,4,3,443,11,Loyal Customers,0.8293746271977447,0.9879256148015318,172.93585050818697,533.7777633529952
17374,219,3,727.11,2,3,3,233,8,At Risk,0.4471586649437801,0.8602798102949599,273.5557602716625,452.87839545987987
17375,199,4,660.55,2,4,3,243,9,At Risk,0.5935236547695072,0.8941986905492895,142.89409967977548,314.47313090546305
17376,71,4,453.64,3,4,2,342,9,Loyal Customers,0.5452351543706354,0.9722503297174182,111.85527334739191,226.46019390166754
17377,24,78,17639.23,4,5,5,455,14,Loyal Customers,7.671355240094619,0.9949118327345702,244.61014184833337,6993.950807711556
17378,374,1,10.95,2,2,1,221,5,Hibernating,0.13396810595600553,1.0,0.0,0.0
17379,11,1,389.71999999999997,5,2,2,522,9,Potential Loyalists,,1.0,0.0,0.0
17380,434,3,645.0,1,3,3,133,7,At Risk,0.20766264745377416,0.5202785377849036,167.31830736475752,128.94886619441746
17381,9,38,36398.65,5,5,5,555,15,Champions,4.054288500628965,0.9974843344054725,1053.5076654267023,15890.83717490575
17382,65,8,902.28,3,5,3,353,11,Loyal Customers,0.9295921135081094,0.9831517486065582,117.50670177487987,406.18433995911187
17383,4,2,304.09,5,3,2,532,10,Potential Loyalists,0.26669400725552544,0.9273463394833518,238.6517946149125,235.501465105722
17384,19,3,507.55,4,3,2,432,9,Potential Loyalists,0.4354652523749984,0.9689588825152601,186.2687423319118,300.7180040459867
17385,15,1,256.11,5,2,1,521,8,Potential Loyalists,,1.0,0.0,0.0
17386,8,7,2812.77,5,4,4,544,13,Champions,0.9191728532056284,0.9862751629944388,703.147420332843,2395.506693777578
17387,20,2,746.81,4,3,3,433,10,Potential Loyalists,1.3713738404416642,0.8994625151288852,534.456326182437,2653.5307461494544
17388,78,11,2675.37,3,5,4,354,12,Loyal Customers,1.1914438600800625,0.9857645294924413,249.35358799551406,1106.7447114683064
17389,1,61,57215.33,5,5,5,555,15,Champions,5.92307196184488,0.9990981697476189,1086.5431004535278,23985.743487700274
17390,421,1,149.3,1,2,1,121,4,Hibernating,0.12130861634772841,1.0,0.0,0.0
17391,164,2,508.8,3,3,2,332,8,Need Attention,0.39711681444206226,0.6105006732648792,127.69482217536658,185.79561576200848
17392,307,3,579.92,2,3,2,232,7,At Risk,0.35019188328640755,0.754309905365356,227.2750737189303,294.9819931948068
17393,411,2,381.15,1,3,2,132,6,At Risk,0.15445940451935966,0.5733559535500161,230.36907398317078,131.74653240679726
17394,219,1,203.86999999999998,2,2,1,221,5,Hibernating,0.2066864216184004,1.0,0.0,0.0
17395,508,1,97.5,1,2,1,121,4,Hibernating,0.10273942783085431,1.0,0.0,0.0
17396,39,13,8391.6,4,5,5,455,14,Loyal Customers,1.6992247182394133,0.9883394652412815,921.3757386216773,5813.740770189185
17397,22,3,1198.28,4,3,3,433,10,Potential Loyalists,0.28580207965376614,0.9228365523700813,829.6069587527187,876.6355023346682
17398,115,3,653.38,3,3,3,333,9,Need Attention,0.6826211833367002,0.9133681654211,192.45775722002864,484.5330776695971
17400,126,8,4623.28,3,5,5,355,13,Loyal Customers,0.8530445943178133,0.9737413210486073,560.7641043494287,1781.545239389491
17401,541,1,114.85,1,2,1,121,4,Hibernating,0.0971627471864886,1.0,0.0,0.0
17402,5,22,4600.5599999999995,5,5,5,555,15,Champions,2.240425037205874,0.9972393467990626,237.68172758325275,1984.1301750262016
17403,36,2,382.87,4,3,2,432,9,Potential Loyalists,0.2660467193936465,0.919740507967154,324.0582691992317,318.985464821852
17404,4,21,47638.12,5,5,5,555,15,Champions,2.4223826154876478,0.997358414122477,2402.613002763928,21682.25360381458
17405,1,3,1031.41,5,3,3,533,11,Potential Loyalists,1.0812485953672648,0.9714042136772507,351.50996284030606,1394.9962688995272
17406,333,13,4186.95,2,5,5,255,12,Cannot Lose Them,0.4675387908635748,0.38877751796441223,385.1021154250719,670.7563380023803
17407,412,1,552.9,1,2,2,122,5,Hibernating,0.12359351935798644,1.0,0.0,0.0
17408,163,3,316.09000000000003,3,3,2,332,8,Need Attention,0.3858011290040522,0.9343082879429953,26.88791645208834,38.486693783919
17409,185,10,7793.51,3,5,5,355,13,Loyal Customers,0.8251264582929231,0.9490581897261214,1010.5110906307074,3105.4656098221417
17410,16,5,1214.72,5,4,4,544,13,Champions,1.473764051765207,0.983233279477558,239.42930625102977,1301.5616676875534
17411,12,5,1425.38,5,4,4,544,13,Champions,0.5162126110155039,0.9863146102216727,283.5140236407139,544.8668147737502
17412,3,16,4220.22,5,5,5,555,15,Champions,1.7523238190506136,0.9966935507792518,254.84010301473347,1663.944483802426
17413,405,2,560.14,2,3,2,232,7,At Risk,0.1654785383299023,0.7041828381193966,416.54864958701415,255.54847793635855
17414,44,6,2249.52,4,4,4,444,12,Loyal Customers,0.627144350951357,0.9863458440752432,417.24187989698584,974.3947153844866
17415,80,1,507.84,3,2,2,322,7,About to Sleep,,1.0,0.0,0.0
17416,30,22,17298.45,4,5,5,455,14,Loyal Customers,1.6609865006636984,0.9940995001865571,1203.7439848580723,7449.17373392651
17417,549,1,164.18,1,2,1,121,4,Hibernating,0.09605679660467623,1.0,0.0,0.0
17418,42,3,670.0600000000001,4,3,3,433,10,Potential Loyalists,0.5097534100752602,0.9636421051000434,255.85955929510897,482.79356359657527
17419,11,18,6126.25,5,5,5,555,15,Champions,1.997949706176545,0.9961902303028644,373.7085356575898,2781.0203410643926
17420,50,6,953.58,4,4,3,443,11,Loyal Customers,0.8805558055409346,0.9784671014594631,195.12764165730533,637.0387978673609
17421,386,3,1059.41,2,3,3,233,8,At Risk,0.2557072974447884,0.8556476375773543,510.6224155081669,485.65994955028987
17422,16,11,3594.76,5,5,5,555,15,Champions,1.592172913191312,0.9935600813846036,334.95564214464395,1983.044256926844
17423,46,3,1118.95,4,3,3,433,10,Potential Loyalists,0.5026619498558691,0.9628552292511822,384.54177592900766,715.6080351447429
17425,19,2,759.17,4,3,3,433,10,Potential Loyalists,1.0826793284394192,0.9071969395848217,89.47805855873372,351.93575647588403
17426,8,13,8077.77,5,5,5,555,15,Champions,0.8194284786989052,0.991125404475891,1297.5869615948814,3957.4562684532407
17427,72,1,100.8,3,2,1,321,6,About to Sleep,,1.0,0.0,0.0
17428,1,45,31466.760000000002,5,5,5,555,15,Champions,3.657452160452562,0.9985282717053412,948.2224350941995,12924.957449795405
17429,128,5,1357.46,3,4,4,344,11,Loyal Customers,0.8063677412482084,0.9499194827734725,217.50979717775274,650.6154316883104
17430,33,4,622.57,4,4,3,443,11,Loyal Customers,0.5919097063667834,0.9781225107478192,147.02388081418337,322.94013421729676
17431,313,1,403.3,2,2,2,222,6,Hibernating,0.15549090314617023,1.0,0.0,0.0
17432,18,9,1728.99,5,5,4,554,14,Champions,0.741104945307104,0.990415495248208,269.95917526358926,745.1124830535933
17433,88,2,569.96,3,3,2,332,8,Need Attention,0.29790389401197276,0.8999451854914451,371.5749296655394,408.97161327155015
17434,2,7,2373.82,5,4,4,544,13,Champions,3.975724503362286,0.9909759718088381,322.35012279356573,4694.83653435255
17435,411,1,331.35,1,2,2,122,5,Hibernating,0.12359351935798644,1.0,0.0,0.0
17436,2,5,534.06,5,4,2,542,11,Champions,0.519249401101051,0.9871605351423208,120.56314901082608,233.0579032746304
17437,530,1,369.68,1,2,2,122,5,Hibernating,0.09911913650487614,1.0,0.0,0.0
17438,254,5,1422.77,2,4,4,244,10,At Risk,0.5383288489436565,0.906530053028028,303.91751610744427,608.5889231415075
17439,656,1,325.74,1,2,2,122,5,Hibernating,0.08182184345015979,1.0,0.0,0.0
17440,157,4,323.58,3,4,2,342,9,Loyal Customers,0.3661047207578892,0.9402125950388442,104.1246314540564,141.50263246670633
17441,732,1,293.35,1,2,2,122,5,Hibernating,0.07393765701024829,1.0,0.0,0.0
17442,37,15,4620.3,4,5,5,455,14,Loyal Customers,1.679395962569978,0.9926398458527759,320.16851809851903,2002.2037821097258
17443,220,1,534.24,2,2,2,222,6,Hibernating,0.2066864216184004,1.0,0.0,0.0
17444,152,2,2389.1,3,3,4,334,10,Need Attention,0.43985822653954426,0.6998476970025729,1478.9407722554765,2384.5644563545325
17446,177,2,120.9,3,3,1,331,7,Need Attention,0.32469769816542204,0.8174617228463186,68.40797975868901,81.89528325438947
17447,40,2,541.53,4,3,2,432,9,Potential Loyalists,0.9621279935411423,0.8774593802482061,209.1779027762292,732.0105306517017
17448,529,41,14448.67,1,5,5,155,11,Cannot Lose Them,1.0669658501213782e-05,6.645636641080081e-06,1185.607220567354,0.047096424190375664
17449,2,13,4865.15,5,5,5,555,15,Champions,1.314480870780351,0.9954957601075576,423.5211962145888,2074.0086130747227
17450,8,51,244784.25,5,5,5,555,15,Champions,5.478023421100869,0.9974275458948249,6891.698958306787,140259.24140878243
17451,1,7,1721.4,5,4,4,544,13,Champions,2.4405521632110077,0.986878070921504,360.46754935337196,3225.4248920239274
17453,18,2,486.71999999999997,5,3,2,532,10,Potential Loyalists,1.0528013461121797,0.9105269771988062,179.7161201782356,687.6622255921415
17454,192,10,1547.94,2,5,4,254,11,Cannot Lose Them,1.0506425130355392,0.9157855479889575,157.80211585858603,617.4182983628294
17455,204,1,131.7,2,2,1,221,5,Hibernating,0.21896470564164472,1.0,0.0,0.0
17456,365,2,975.5600000000001,2,3,3,233,8,At Risk,0.1807616465613692,0.6321814211257484,307.0326767895404,205.36767719983052
17457,127,14,5984.8099999999995,3,5,5,355,13,Loyal Customers,1.4850830280048757,0.9623749997875345,439.20188379572807,2430.1500513393116
17458,15,2,529.58,5,3,2,532,10,Potential Loyalists,0.30871464694669987,0.9243174117487972,387.72865674557374,442.1945195237241
17459,43,2,657.3,4,3,3,433,10,Potential Loyalists,1.0301505861211193,0.8631821394314928,436.6620983725742,1634.1548499246746
17460,94,16,2157.9700000000003,3,5,4,354,12,Loyal Customers,1.8298832202020174,0.9745719801668565,129.69825256489926,883.9850207923944
17461,23,3,735.82,4,3,3,433,10,Potential Loyalists,1.4170916376896123,0.8911867705186048,432.24222552084063,2216.305267207613
17462,60,2,675.69,3,3,3,333,9,Need Attention,0.3858828900023997,0.904161449032916,261.52615027771964,371.7676626883433
17463,16,7,2535.26,5,4,4,544,13,Champions,0.907680560152691,0.9902840114817261,358.9973519975824,1211.9598690326081
17464,158,3,907.14,3,3,3,333,9,Need Attention,0.3301837536693876,0.9446472772800381,362.98428690278826,445.273882691582
17465,426,7,2542.79,1,4,4,144,9,At Risk,0.36426462310089747,0.572899838122073,443.0572052305265,600.9748678270524
17466,10,2,763.28,5,3,3,533,11,Potential Loyalists,0.9588036363416718,0.9196095411534722,371.2237616855387,1295.5219603687246
17467,395,1,102.6,2,2,1,221,5,Hibernating,0.12787564268553162,1.0,0.0,0.0
17468,10,3,194.8,5,3,1,531,9,Potential Loyalists,0.5271242648165454,0.9700137345130225,77.05727607611524,150.31800045890606
17469,16,17,5051.25,5,5,5,555,15,Champions,1.5531776417965857,0.9951280684309196,367.7452195343571,2127.9298565682134
17470,45,11,2626.47,4,5,4,454,13,Loyal Customers,1.6563787115984319,0.9887159403762021,235.42090236222487,1449.5029519935615
17471,475,1,321.65000000000003,1,2,2,122,5,Hibernating,0.10919717178591344,1.0,0.0,0.0
17472,191,4,922.35,2,4,3,243,9,At Risk,0.4487307097059124,0.9447245393919702,248.15220598811163,414.00897045928383
17473,409,2,607.0,1,3,3,133,7,At Risk,0.1427034602902629,0.49907974419358964,378.52563382141625,199.88076497223818
17474,600,1,1047.0,1,2,3,123,6,Hibernating,0.08870119173165267,1.0,0.0,0.0
17475,79,1,194.37,3,2,1,321,6,About to Sleep,,1.0,0.0,0.0
17476,396,2,489.86,2,3,2,232,7,At Risk,0.14992597755382167,0.8069632791253667,282.37826274535007,157.27113149982353
17477,613,2,1144.3,1,3,3,133,7,At Risk,0.06799963587444412,0.3249489834958985,504.0742412920276,127.20791859032394
17478,408,2,1272.8,2,3,4,234,9,At Risk,0.15996382195103584,0.7493939972942372,690.5807663944926,409.8971436442227
17479,633,1,389.26000000000005,1,2,2,122,5,Hibernating,0.08451385753972607,1.0,0.0,0.0
17480,78,2,882.23,3,3,3,333,9,Need Attention,0.265666300864867,0.9077304453503702,624.2463458964207,613.5219841340993
17481,4,4,1255.59,5,4,4,544,13,Champions,2.0496265713094695,0.981140072582541,353.40323469381815,2651.225398755202
17482,487,2,775.64,1,3,3,133,7,At Risk,0.1269065221576998,0.5477044427262726,640.630148549559,301.44850110817526
17483,65,4,591.73,3,4,2,342,9,Loyal Customers,0.6669097795225645,0.9703009931259715,147.82718871265004,365.44063117990936
17484,576,2,209.57,1,3,1,131,5,At Risk,0.08323236240236317,0.3848995021591129,96.16235941943756,29.69524221242223
17486,261,1,396.87,2,2,2,222,6,Hibernating,0.18017458714487744,1.0,0.0,0.0
17487,728,1,160.55,1,2,1,121,4,Hibernating,0.07430961014294815,1.0,0.0,0.0
17488,641,1,336.5,1,2,2,122,5,Hibernating,0.08343962478506803,1.0,0.0,0.0
17489,59,2,376.64,3,3,2,332,8,Need Attention,0.4824132662842478,0.8971555669553208,208.00330642933017,368.57990138401817
17490,1,9,2750.5,5,5,4,554,14,Champions,1.0800086387285845,0.9929944831871479,351.76050957287396,1412.857666990177
17491,1,17,5653.67,5,5,5,555,15,Champions,2.146071591574422,0.9967432796372961,353.7655205750862,2825.3305790775485
17492,248,3,1122.42,2,3,3,233,8,At Risk,0.3636094837125277,0.8866504642818914,422.5576629541572,570.0813434084479
17493,385,1,100.91000000000001,2,2,1,221,5,Hibernating,0.1307061164919481,1.0,0.0,0.0
17494,502,1,54.699999999999996,1,2,1,121,4,Hibernating,0.10400571895916452,1.0,0.0,0.0
17495,8,3,806.72,5,3,3,533,11,Potential Loyalists,0.5100424350486793,0.9705905765352673,274.5361440459749,518.3625938521564
17496,359,4,1412.89,2,4,4,244,10,At Risk,0.36544453414972305,0.8426791540347701,375.7932306127545,510.92415946759075
17497,390,2,287.25,2,3,2,232,7,At Risk,0.16650872705431452,0.754364530546021,104.55406321738643,64.57865903833823
17498,76,1,272.22,3,2,1,321,6,About to Sleep,,1.0,0.0,0.0
17499,290,2,1341.39,2,3,4,234,9,At Risk,0.19554554317554496,0.8216362625892609,758.7315729960166,549.9854658684213
17500,17,3,1138.0,5,3,3,533,11,Potential Loyalists,2.435880636753572,0.9521574759774923,467.5676845033115,4133.7495260960695
17501,221,2,288.6,2,3,2,232,7,At Risk,0.20596466944583672,1.0,0.0,0.0
17502,9,4,689.1,5,4,3,543,12,Champions,3.4365288883643403,0.9745092578257396,164.97621988432152,2060.5652675300726
17503,3,2,558.96,5,3,2,532,10,Potential Loyalists,1.3427037406201126,0.9259564005827956,269.0944257087702,1309.0104359119118
17504,206,18,9490.17,2,5,5,255,12,Cannot Lose Them,1.2515157106722639,0.6958951301043458,662.8984962200392,3089.5745279063576
17505,162,5,2435.48,3,4,4,344,11,Loyal Customers,0.4682922960731699,0.9531749617571209,536.1292405851217,933.220275877436
17506,76,1,302.2,3,2,2,322,7,About to Sleep,,1.0,0.0,0.0
17507,262,2,605.58,2,3,3,233,8,At Risk,0.2524494947879044,0.6338746749520698,325.39028567509655,302.857518313906
17508,281,8,4579.23,2,5,5,255,12,Cannot Lose Them,0.7228705327404651,0.835640158149265,581.9044351496817,1566.717329429807
17509,58,8,6083.64,4,5,5,455,14,Loyal Customers,1.6354472963051223,0.8728508469230795,977.6301433533527,5827.770354555754
17510,25,2,514.56,4,3,2,432,9,Potential Loyalists,0.283302355558204,0.9223687334106028,378.0170457124497,395.9868930888414
17511,3,60,172132.87,5,5,5,555,15,Champions,5.682942297095479,0.9989350327556773,3392.376427852838,71852.31815512035
17512,29,18,5467.820000000001,4,5,5,455,14,Loyal Customers,1.8790854797305625,0.9945894392905638,291.0827783422085,2037.9980616458472
17513,72,3,1158.8,3,3,3,333,9,Need Attention,0.4215926758917869,0.9592559209497065,424.7375106758126,663.9975209634138
17514,128,2,522.0,3,3,2,332,8,Need Attention,0.1834760521281341,0.9038519793148855,257.1304959073655,175.12911965348385
17515,31,9,1602.51,4,5,4,454,13,Loyal Customers,1.2556965300915812,0.9904849314506504,184.36191820864448,860.8536258149717
17516,15,6,947.5,5,4,3,543,12,Champions,0.9325354665335804,0.9850322460337213,200.89111858391828,694.2531972050997
17517,309,1,153.94,2,2,1,221,5,Hibernating,0.15756618052385274,1.0,0.0,0.0
17518,426,2,329.42,1,3,2,132,6,At Risk,0.15652945918657152,0.7207042437270488,217.4364049265916,126.27032254300828
17519,17,15,4774.17,5,5,5,555,15,Champions,1.636101007155905,0.9953311827941796,323.26645337454875,1970.6978319584045
17520,54,1,546.81,4,2,2,422,8,Potential Loyalists,,1.0,0.0,0.0
17521,30,5,1278.06,4,4,4,444,12,Loyal Customers,0.8262262642548608,0.983173219727676,270.9624516672013,830.5353820964393
17522,2,5,1066.15,5,4,3,543,12,Champions,1.4637273065652803,0.9870232433311968,241.09953833996659,1301.8705814189445
17523,11,4,652.74,5,4,3,543,12,Champions,2.7492417535365883,0.9589853056422334,223.03587237078654,2222.1024818248015
17524,361,3,539.14,2,3,2,232,7,At Risk,0.1802489236064578,0.6086194132759388,180.0551789175467,120.05017517453095
17525,360,3,1161.9,2,3,3,233,8,At Risk,0.24710859857205186,0.509525184906389,401.62455242107535,367.679767047348
17526,5,12,3939.24,5,5,5,555,15,Champions,1.2131929325118096,0.994903677391855,327.0784334666557,1478.1450191284189
17527,54,4,939.37,4,4,3,443,11,Loyal Customers,1.120912251393869,0.962911825059826,230.35911297714088,951.9755147786888
17528,1,8,3628.5,5,5,5,555,15,Champions,4.389644184414621,0.9913342136890128,433.43499797703845,6960.999473522662
17529,610,2,1240.25,1,3,4,134,8,At Risk,0.09118989490281787,0.46635358947979516,467.01996478160413,158.14044337471202
17530,1,12,2787.1,5,5,4,554,14,Champions,1.1967036943315106,0.9951077880868398,259.02810294292436,1154.7946097212848
17531,190,3,1266.82,2,3,4,234,9,At Risk,0.32732822302585884,0.9351084337433772,389.07125850641705,473.1418237689071
17532,386,1,65.34,2,2,1,221,5,Hibernating,0.1307061164919481,1.0,0.0,0.0
17533,435,1,34.8,1,2,1,121,4,Hibernating,0.11791766702841615,1.0,0.0,0.0
17534,54,5,1668.83,4,4,4,444,12,Loyal Customers,0.574090445506168,0.9818216267471958,305.90140680463213,653.3245773227035
17535,280,1,164.4,2,2,1,221,5,Hibernating,0.17029562519398808,1.0,0.0,0.0
17536,177,3,364.83,3,3,2,332,8,Need Attention,0.301989158831832,0.9435665975292896,182.79084458504968,205.22015954815495
17537,30,2,887.67,4,3,3,433,10,Potential Loyalists,0.37177917861163107,0.9185275589482954,327.691041406136,449.0823282062633
17538,26,1,98.42,4,2,1,421,7,Potential Loyalists,,1.0,0.0,0.0
17539,628,3,1161.84,1,3,3,133,7,At Risk,0.1007364770326916,0.33329203132900886,441.7381321029937,165.50308706327218
17540,25,6,1590.6000000000001,4,4,4,444,12,Loyal Customers,0.7576429729469027,0.9876790651668665,263.8191095991843,743.3741037749213
17541,510,1,119.86,1,2,1,121,4,Hibernating,0.10256104324801099,1.0,0.0,0.0
17542,270,3,340.85,2,3,2,232,7,At Risk,0.18008650982653854,0.8533287216164598,211.23647369347498,141.16646545152068
17543,550,1,120.05,1,2,1,121,4,Hibernating,0.0959008565990576,1.0,0.0,0.0
17544,390,3,944.82,2,3,3,233,8,At Risk,0.12927537531897984,1.0,0.0,0.0
17545,43,6,1409.8600000000001,4,4,4,444,12,Loyal Customers,0.35981480598169213,0.9662044304243188,588.094641696143,785.7620414565488
17547,376,2,727.85,2,3,3,233,8,At Risk,0.16237590937897417,0.7955500911184606,395.9629404145567,238.66102739887836
17548,234,4,731.26,2,4,3,243,9,At Risk,0.5758947716097226,0.8063723969758575,195.00648784197824,416.1362891120539
17549,24,2,148.86,4,3,1,431,8,Potential Loyalists,1.156317595731608,0.8987780665512837,150.58128707886345,631.87956313566
17550,197,9,2506.64,2,5,4,254,11,Cannot Lose Them,0.7643423306875526,0.9372566678709567,382.66099142646175,1088.7036005980092
17551,359,1,290.34,2,2,2,222,6,Hibernating,0.1386881650946029,1.0,0.0,0.0
17552,60,12,2786.77,3,5,4,354,12,Loyal Customers,1.1116014570195005,0.9867017910756702,303.4242685506904,1255.2384041984903
17553,130,4,3757.6,3,4,5,345,12,Loyal Customers,0.46934836381162154,0.9624564809794782,1042.280453844099,1818.4509146951862
17554,1,5,1952.45,5,4,4,544,13,Champions,1.9461608108643331,0.9869519421377698,309.40131410836665,2213.940140109514
17555,20,5,1045.74,4,4,3,443,11,Loyal Customers,0.634607580584185,0.9853659870107891,234.84727674882913,554.0635245224465
17556,206,2,300.67,2,3,2,232,7,At Risk,0.27552366643119924,0.8212431425331842,195.67609940723503,199.1606454832406
17557,14,4,575.46,5,4,2,542,11,Champions,0.40524629257436323,0.981256162477185,192.91859506622788,290.9530435979952
17558,393,1,259.17,2,2,1,221,5,Hibernating,0.12843187955950816,1.0,0.0,0.0
17559,513,1,167.62,1,2,1,121,4,Hibernating,0.10202958899386398,1.0,0.0,0.0
17560,95,8,1895.8,3,5,4,354,12,Loyal Customers,0.9318973749677066,0.9798964033597937,245.58125696863743,851.8890219654642
17561,19,4,703.02,4,4,3,443,11,Loyal Customers,0.4045588446021658,0.9808210192948741,182.96040816629315,275.46867057589776
17562,14,7,1122.38,5,4,3,543,12,Champions,2.4918166739639718,0.9876478561632673,141.7779814444253,1301.6038062866523
17563,578,2,392.38,1,3,2,132,6,At Risk,0.07415025281413783,0.336433697035664,43.88676736208522,12.071549591518027
17564,24,3,454.01,4,3,2,432,9,Potential Loyalists,1.5778819508197528,0.954669918409329,185.44171467872096,1068.356406412409
17565,587,1,131.83,1,2,1,121,4,Hibernating,0.09046699325793352,1.0,0.0,0.0
17566,8,2,869.77,5,3,3,533,11,Potential Loyalists,1.5233325181773463,0.9168542567393348,579.5995754735673,3192.7600678558542
17567,7,9,4838.08,5,5,5,555,15,Champions,1.5305777501680151,0.9931308557142652,553.9578994761705,3148.189554647595
17568,633,1,374.45,1,2,2,122,5,Hibernating,0.0843931338232024,1.0,0.0,0.0
17569,332,1,344.14,2,2,2,222,6,Hibernating,0.14808013126599315,1.0,0.0,0.0
17571,50,5,1629.66,4,4,4,444,12,Loyal Customers,0.6776455012647701,0.9810350816507425,373.2831173221625,939.9003526897174
17572,71,10,652.21,3,5,3,353,11,Loyal Customers,1.0874669041134775,0.986676281963301,67.25637649419987,272.4379179464449
17573,29,3,380.6,4,3,2,432,9,Potential Loyalists,1.4435226457732444,0.9520742715481751,114.78835887632499,605.7072668125763
17574,243,1,185.65,2,2,1,221,5,Hibernating,0.19127227035752484,1.0,0.0,0.0
17575,667,1,171.7,1,2,1,121,4,Hibernating,0.08048430577383994,1.0,0.0,0.0
17576,8,41,8705.6,5,5,5,555,15,Champions,4.338767797318481,0.998175001405885,221.78853891383181,3586.337226473106
17577,645,2,348.75,1,3,2,132,6,At Risk,0.05476949473594127,0.2694417414276906,290.6730926177815,59.09680027508425
17578,218,7,1047.33,2,4,3,243,9,At Risk,0.6358711118451599,0.9008299667175218,233.83050009374867,552.3809139158504
17579,5,4,753.28,5,4,3,543,12,Champions,0.5027284149974767,0.9820151758372853,160.16345009615122,299.1986187010482
17580,253,5,538.07,2,4,2,242,8,At Risk,0.6169926746340975,0.7165230732369554,100.46285986540505,229.90278892056932
17581,1,43,17951.17,5,5,5,555,15,Champions,2.2046163697542975,0.9975023376382504,932.371948191544,7659.6209153483205
17582,236,5,1446.95,2,4,4,244,10,At Risk,0.5578694564491712,0.9154723491106398,299.829498913239,622.0836758274734
17583,560,1,135.95,1,2,1,121,4,Hibernating,0.0942183625088695,1.0,0.0,0.0
17584,7,6,5309.42,5,4,5,545,14,Champions,0.6737096025148677,0.9894370522037464,1005.2316061265689,2520.739869638685
17585,109,7,2064.71,3,4,4,344,11,Loyal Customers,1.0644703389788204,0.9640831859580359,295.8885918610542,1169.8309478173064
17586,619,1,167.4,1,2,1,121,4,Hibernating,0.08611530495460233,1.0,0.0,0.0
17587,628,1,173.76,1,2,1,121,4,Hibernating,0.08500022756169692,1.0,0.0,0.0
17588,100,7,2939.55,3,4,5,345,12,Loyal Customers,0.8344912840791491,0.9773033260598907,436.1178841243864,1354.257374598813
17589,60,18,13806.27,3,5,5,355,13,Loyal Customers,1.969262089124931,0.9873050499730129,890.8651452353909,6531.9131239779545
17590,2,3,1466.77,5,3,4,534,12,Potential Loyalists,2.2196669711728783,0.9702748257186483,614.0173031699989,4954.197181125243
17591,73,8,2339.32,3,5,4,354,12,Loyal Customers,0.8981654549360627,0.9848368706689135,323.3844134349599,1081.4628958103692
17592,739,1,148.3,1,2,1,121,4,Hibernating,0.07338665913411922,1.0,0.0,0.0
17593,4,11,8092.32,5,5,5,555,15,Champions,1.1935514976279604,0.9949757482290165,738.1577941907275,3282.2227589196996
17594,85,4,2497.88,3,4,4,344,11,Loyal Customers,0.4779412289878133,0.9713621532560816,668.788285474195,1188.108142753902
17595,12,2,386.69,5,3,2,532,10,Potential Loyalists,1.3364578288091469,0.91263309867233,284.06144720121574,1375.20164181949
17596,23,13,4491.46,4,5,5,455,14,Loyal Customers,1.4362438861838704,0.9941884845683671,340.02664254604275,1819.362989691047
17597,214,5,3484.09,2,4,5,245,11,At Risk,0.5971487481343937,0.9229277961420852,829.094420654314,1840.5200695591493
17598,381,1,409.98,2,2,2,222,6,Hibernating,0.1318737347434386,1.0,0.0,0.0
17599,478,1,52.05,1,2,1,121,4,Hibernating,0.10859487584937264,1.0,0.0,0.0
17600,18,1,161.67000000000002,5,2,1,521,8,Potential Loyalists,,1.0,0.0,0.0
17601,239,2,412.65999999999997,2,3,2,232,7,At Risk,0.26145468560253043,0.7810627013968512,144.9504901581618,140.00181365596993
17602,2,14,7354.43,5,5,5,555,15,Champions,1.659679319645081,0.9958504944317038,589.1798592794896,3639.687727639152
17603,78,4,1788.38,3,4,4,344,11,Loyal Customers,0.40398003328362936,0.9745070460472108,531.6066525047677,799.2251466706329
17604,217,6,942.38,2,4,3,243,9,At Risk,0.637269550601803,0.9334159068409956,163.49409948332553,387.7990892957516
17605,590,1,160.75,1,2,1,121,4,Hibernating,0.08991622392861959,1.0,0.0,0.0
17606,737,1,87.30000000000001,1,2,1,121,4,Hibernating,0.07347792093063472,1.0,0.0,0.0
17607,376,1,333.81,2,2,2,222,6,Hibernating,0.13336295074501678,1.0,0.0,0.0
17608,33,4,488.06,4,4,2,442,10,Loyal Customers,0.3443246922442619,0.9678199948343288,183.95744650643806,235.29296257864974
17609,41,11,1875.36,4,5,4,454,13,Loyal Customers,1.0116079148648869,0.9888340360602279,221.04646002395026,831.9642157871587
17610,540,5,1511.94,1,4,4,144,9,At Risk,0.1472687942541834,0.2803285320595291,299.93143796092056,164.44075730123964
17611,7,28,8287.53,5,5,5,555,15,Champions,2.8708406611054365,0.9976337102200554,313.5338028584428,3354.3895872151043
17612,53,18,5394.86,4,5,5,455,14,Loyal Customers,1.8880479003180237,0.9905161788697037,326.37511421452604,2295.8753225964065
17613,23,14,4544.55,4,5,5,455,14,Loyal Customers,2.5719715062955717,0.9907188762885143,403.16677356903705,3840.3349928183557
17614,57,1,386.32,4,2,2,422,8,Potential Loyalists,,1.0,0.0,0.0
17615,130,6,721.8,3,4,3,343,10,Loyal Customers,0.8847067448032252,0.9551777345376605,124.90994811789564,410.4103335381991
17616,174,4,734.4,3,4,3,343,10,Loyal Customers,0.5904977402151278,0.9255359714981081,203.44299017653552,445.5978105704893
17617,559,1,385.19,1,2,2,122,5,Hibernating,0.0945198632610783,1.0,0.0,0.0
17618,6,11,4001.64,5,5,5,555,15,Champions,1.2746765570135012,0.9948159928157717,363.22505111731556,1724.1695093129958
17619,312,1,214.37,2,2,1,221,5,Hibernating,0.1559015687959518,1.0,0.0,0.0
17620,60,1,81.44,3,2,1,321,6,About to Sleep,,1.0,0.0,0.0
17621,21,6,3175.12,4,4,5,445,13,Loyal Customers,1.0140330541385834,0.9872209973903601,393.09259418201697,1479.1125040307904
17622,598,2,1130.21,1,3,3,133,7,At Risk,0.04720601135788385,0.21006578937277084,480.7639529643919,84.17265187352571
17623,33,7,2365.77,4,4,4,444,12,Loyal Customers,0.750477093028296,0.9891596254550319,372.894118631574,1042.1492272809696
17624,15,4,1568.63,5,4,4,544,13,Champions,0.4119593662579457,0.9812360721021783,444.29380766394,681.0931826855713
17625,18,8,5978.9,5,5,5,555,15,Champions,0.8665271814414072,0.9916467644494946,777.558709465259,2509.383632519993
17626,603,1,254.0,1,2,1,121,4,Hibernating,0.08830344856574789,1.0,0.0,0.0
17627,479,1,296.36,1,2,2,122,5,Hibernating,0.1083955852073293,1.0,0.0,0.0
17628,81,1,75.75,3,2,1,321,6,About to Sleep,,1.0,0.0,0.0
17629,6,10,2455.52,5,5,4,554,14,Champions,1.7794617221355125,0.9940489675338342,240.12085352708905,1586.1517723334537
17630,170,2,503.59999999999997,3,3,2,332,8,Need Attention,0.38044398044760974,0.7586110858255388,208.02752491070953,290.9664755136499
17631,2,7,998.49,5,4,3,543,12,Champions,0.7476586320239667,0.991685278241808,161.12462876800717,448.6309059012214
17633,31,7,2057.39,4,4,4,444,12,Loyal Customers,1.3034301912845083,0.9868240458814883,291.23516617617884,1407.8194180445666
17634,36,9,2358.59,4,5,4,454,13,Loyal Customers,1.9139258201895408,0.9863085378132036,201.46556678046863,1428.8786849994433
17635,424,3,1265.58,1,3,4,134,8,At Risk,0.2478328944513634,0.6789788253330103,400.08003720120894,368.24832464031715
17636,19,1,285.56,4,2,2,422,8,Potential Loyalists,,1.0,0.0,0.0
17637,31,2,547.0600000000001,4,3,2,432,9,Potential Loyalists,0.7482389791131195,0.9038879694075621,256.47659691012274,700.7847620320553
17638,647,2,842.4,1,3,3,133,7,At Risk,0.07895226737250104,0.4164798840908251,287.8274210557065,84.40484742531736
17639,276,6,615.17,2,4,3,243,9,At Risk,0.4859711515225603,0.8089686878382002,155.0286493883313,279.5940530271393
17640,87,6,3168.94,3,4,5,345,12,Loyal Customers,0.7215655089051657,0.9789214517359891,559.211663911397,1501.099911958557
17642,120,5,1824.49,3,4,4,344,11,Loyal Customers,0.5106552599718414,0.973259137995051,404.4006650824014,768.8115700757921
17643,373,2,439.7,2,3,2,232,7,At Risk,0.1794674447838465,0.6866552179462255,127.44052812088327,84.70766058450148
17644,1,20,6028.6,5,5,5,555,15,Champions,2.060124445389055,0.9969543419379387,341.7430425397841,2621.803942703833
17646,219,12,3898.79,2,5,5,255,12,Cannot Lose Them,1.111491660167334,0.8343489206544731,320.2513789405344,1326.0366837687347
17647,65,3,331.65999999999997,3,3,2,332,8,Need Attention,0.18619219906456586,0.917232443719523,165.59674553406774,114.45602763097992
17648,61,5,2216.37,3,4,4,344,11,Loyal Customers,0.7101287695372159,0.9705837213822531,637.4061954142729,1676.8698717254017
17649,138,3,1578.89,3,3,4,334,10,Need Attention,0.41833350993006546,0.9395894779545246,485.82801692541915,753.5424100705999
17650,21,1,166.08,4,2,1,421,7,Potential Loyalists,,1.0,0.0,0.0
17651,12,16,5703.52,5,5,5,555,15,Champions,2.071672673389335,0.995239989267028,420.58630352857307,3240.040971225609
17652,25,12,4867.72,4,5,5,455,14,Loyal Customers,3.0053128330646492,0.9895058364816787,429.4468467433376,4777.172765012488
17653,37,4,1207.56,4,4,4,444,12,Loyal Customers,1.7142726143482043,0.9615307922750386,370.8707579838245,2331.841691778946
17654,277,1,117.55,2,2,1,221,5,Hibernating,0.17178271459109357,1.0,0.0,0.0
17655,11,9,2976.38,5,5,5,555,15,Champions,1.609526031113984,0.9926971663028095,340.7226173114655,2035.3903258687126
17656,73,5,1674.69,3,4,4,344,11,Loyal Customers,1.9385475329136448,0.8904508643800028,349.41631105599356,2487.446833256765
17657,430,1,126.0,1,2,1,121,4,Hibernating,0.11886699553253288,1.0,0.0,0.0
17658,26,2,595.42,4,3,2,432,9,Potential Loyalists,0.4948029162823279,0.9168742630128915,340.8901137578881,619.5386783401651
17659,17,14,3586.9900000000002,5,5,5,555,15,Champions,2.711710084947422,0.9937727449474184,235.90331167645,2373.7696214116113
17660,141,2,342.22,3,3,2,332,8,Need Attention,0.16788232055518126,0.9036117030069132,220.92386624521964,137.78072277632012
17662,662,2,412.92,1,3,2,132,6,At Risk,0.07124015433603455,0.3762757111244622,77.02975912974179,20.382547620586433
17663,26,17,5175.83,4,5,5,455,14,Loyal Customers,2.1016013062378502,0.9945930873122438,292.7067072841069,2290.4965807290146
17664,19,4,1166.23,4,4,3,443,11,Loyal Customers,0.4712340358393404,0.9806444770671184,304.7164062043719,533.8280096939284
17665,493,1,563.1,1,2,2,122,5,Hibernating,0.10549169987562948,1.0,0.0,0.0
17666,4,5,2047.8,5,4,4,544,13,Champions,0.699003016376216,0.9869316741878249,454.82912782396284,1181.0936950421783
17667,66,9,3950.7,3,5,5,355,13,Loyal Customers,0.9449831402322943,0.9854271808366519,512.7141688271352,1803.414610860087
17668,1,2,347.75,5,3,2,532,10,Potential Loyalists,1.3443585389622836,0.9270975839058566,229.58197333834147,1118.1784115644643
17669,43,10,6142.35,4,5,5,455,14,Loyal Customers,1.2625465671721527,0.9900713355173838,525.7477135344564,2470.2557494343127
17670,228,1,205.7,2,2,1,221,5,Hibernating,0.2010504102820695,1.0,0.0,0.0
17671,16,5,2009.16,5,4,4,544,13,Champions,0.9388845290714012,0.9850156249104755,412.0434798367852,1433.5735720140383
17672,50,6,5663.74,4,4,5,445,13,Loyal Customers,0.5832036038872157,0.9820978292273345,1132.6114005719069,2457.0940829260812
17673,2,13,4173.88,5,5,5,555,15,Champions,1.5038557935730377,0.9955519598876115,331.95026653938146,1858.2242812753907
17674,74,2,551.04,3,3,2,332,8,Need Attention,0.311121878689423,0.9043840710452533,307.66235730540376,353.5017706070596
17675,1,70,37642.48,5,5,5,555,15,Champions,6.988436488540491,0.9991697755513563,613.5137195070065,15979.081894004796
17676,4,10,2448.64,5,5,4,554,14,Champions,1.2642300491552931,0.9943011729721274,236.01585047734594,1110.4342491375437
17677,2,54,35058.46,5,5,5,555,15,Champions,3.9555103911233367,0.9985533417610459,1006.0807629557713,14829.73148771805
17678,264,2,599.76,2,3,2,232,7,At Risk,0.189342862865749,0.848922838675588,365.4597631172506,256.6607313273066
17679,53,7,3577.61,4,4,5,445,13,Loyal Customers,0.6265441500441931,0.9854018737285546,645.7566199681737,1506.6072680331745
17680,24,3,497.45,4,3,2,432,9,Potential Loyalists,0.4020472183169408,0.9686062509436023,150.66821421442546,224.73422498806784
17681,597,5,731.2,1,4,3,143,8,At Risk,0.06761050902108429,0.15569771711141667,137.26740558919403,34.527386238335446
17682,10,11,4065.28,5,5,5,555,15,Champions,1.3517834676365577,0.9943812301413542,376.0982827152319,1892.5619452082678
17683,386,3,819.01,2,3,3,233,8,At Risk,0.2773212082216418,0.718003576144597,173.3539661317529,178.46449281431296
17684,44,1,239.41,4,2,1,421,7,Potential Loyalists,,1.0,0.0,0.0
17685,17,12,5454.95,5,5,5,555,15,Champions,1.427995965677539,0.9943405419922652,445.3929893899145,2368.2593678836192
17686,7,9,8296.81,5,5,5,555,15,Champions,0.9935531199778075,0.9910848648680134,1202.515294900602,4440.830862048628
17687,421,1,432.68,1,2,2,122,5,Hibernating,0.12130861634772841,1.0,0.0,0.0
17688,394,1,304.2,2,2,2,222,6,Hibernating,0.12843187955950816,1.0,0.0,0.0
17689,388,2,317.08,2,3,2,232,7,At Risk,0.16746366329552337,0.6058983511138853,187.41759725687268,116.17721453429998
17690,30,20,6963.8,4,5,5,455,14,Loyal Customers,2.2608257613716862,0.9942831176936843,374.3358802306966,3152.0972553090623
17691,358,4,637.5500000000001,2,4,3,243,9,At Risk,0.36895441288328673,0.6848227905792759,165.825532199881,227.2556096060248
17692,127,12,2960.44,3,5,5,355,13,Loyal Customers,1.4960737894951561,0.9429523771352607,266.6987129953788,1483.7468856463192
17693,137,1,200.47,3,2,1,321,6,About to Sleep,0.29010454913700684,1.0,0.0,0.0
17694,142,3,1695.97,3,3,4,334,10,Need Attention,0.3606162098153493,0.9457284053601955,596.3320562020966,798.3886874295389
17695,132,5,1746.04,3,4,4,344,11,Loyal Customers,0.5453185529860365,0.9690527700911273,377.9148094373362,766.8752311726478
17696,38,27,7679.59,4,5,5,455,14,Loyal Customers,2.6658107426724627,0.9934418990497815,317.8752733848556,3157.6943718814
17697,236,1,338.95,2,2,2,222,6,Hibernating,0.19506693787456986,1.0,0.0,0.0
17698,261,1,154.95,2,2,1,221,5,Hibernating,0.18072642592044869,1.0,0.0,0.0
17699,477,2,442.0,1,3,2,132,6,At Risk,0.12907899437092218,0.5423594973908267,318.4638000005991,152.3809862890723
17700,17,14,6679.97,5,5,5,555,15,Champions,1.4121145731718943,0.9948429554010788,506.2595743496019,2663.583908969573
17701,253,1,417.95,2,2,2,222,6,Hibernating,0.18526607362430278,1.0,0.0,0.0
17702,30,6,3144.04,4,4,5,445,13,Loyal Customers,1.0797389599143186,0.9854233632029951,480.4477759736961,1923.882267603178
17703,35,4,1094.84,4,4,3,443,11,Loyal Customers,0.6659082408246794,0.9769401298800463,283.96487529420233,700.9822957363899
17704,169,2,885.19,3,3,3,333,9,Need Attention,0.3772934488555663,0.7700607941528327,607.3902828563849,842.7657356114547
17705,3,11,2083.9,5,5,4,554,14,Champions,1.4897977332275003,0.9949253581137258,203.43271812994487,1127.4829887345338
17706,4,31,20272.15,5,5,5,555,15,Champions,2.6998500160024665,0.9975725160964126,824.609384515371,8293.45946977439
17707,185,8,609.3000000000001,3,5,3,353,11,Loyal Customers,0.8209466654964758,0.9490164148576374,82.33336638844442,251.74988134651653
17708,188,4,884.1800000000001,2,4,3,243,9,At Risk,0.609932832766401,0.904089385032376,205.71843942197194,465.18259005015085
17709,170,5,671.01,3,4,3,343,10,Loyal Customers,0.5973974906808102,0.9518254881483064,110.62539877273885,245.73583296433037
17710,424,1,293.5,1,2,2,122,5,Hibernating,0.12056565478438827,1.0,0.0,0.0
17711,11,2,385.1,5,3,2,532,10,Potential Loyalists,0.38918389760087757,0.924957471295526,203.75296294725217,292.1690298732767
17712,45,1,522.91,4,2,2,422,8,Potential Loyalists,,1.0,0.0,0.0
17713,382,4,1198.09,2,4,3,243,9,At Risk,0.3250521359953893,0.605310797853139,318.08599757180383,384.0601654406719
17714,321,5,1410.18,2,4,4,244,10,At Risk,0.46255154357574807,0.6376280038002401,279.747506519966,480.62015647865405
17715,201,2,489.59999999999997,2,3,2,232,7,At Risk,0.1986539159901204,0.8760099293492186,399.7168050283578,294.4800975971797
17716,23,24,15956.97,4,5,5,455,14,Loyal Customers,2.197853452769836,0.9956848540369505,820.1749500038217,6717.279148530299
17717,421,1,376.92,1,2,2,122,5,Hibernating,0.12105994641240025,1.0,0.0,0.0
17718,232,2,439.18,2,3,2,232,7,At Risk,0.1828020946580602,0.8698751858464632,173.21345792787702,117.50601694182473
17719,38,15,5396.04,4,5,5,455,14,Loyal Customers,4.045024113478558,0.9793620833767461,348.6161332674904,5216.500626389326
17720,26,10,2666.91,4,5,4,454,13,Loyal Customers,1.3417789162338833,0.991984685656313,287.5634943492926,1435.3521389821042
17721,659,1,307.21000000000004,1,2,2,122,5,Hibernating,0.08137108338931434,1.0,0.0,0.0
17722,96,5,3520.2200000000003,3,4,5,345,12,Loyal Customers,0.9156217213529148,0.9606098238002363,634.5659656387523,2153.067370881185
17723,127,7,3378.4000000000005,3,4,5,345,12,Loyal Customers,1.2601136555788857,0.9245729524873401,563.0271530330034,2630.477965146415
17724,71,3,1033.0,3,3,3,333,9,Need Attention,1.0787519419574603,0.9149340716854112,363.4498322704784,1437.9831508466043
17725,16,11,3439.08,5,5,5,555,15,Champions,2.8701871411431337,0.9918201593180819,316.0106499559165,3355.6361028076894
17726,395,7,1092.06,2,4,3,243,9,At Risk,0.3521321872286889,0.43884781757317715,169.4032979226195,222.0653177766623
17727,15,1,1060.25,5,2,3,523,10,Potential Loyalists,,1.0,0.0,0.0
17728,4,5,4238.76,5,4,5,545,14,Champions,0.7989025527607323,0.9868874559870718,850.0807953680442,2520.2399132530745
17729,596,1,438.65000000000003,1,2,2,122,5,Hibernating,0.08910253576979668,1.0,0.0,0.0
17730,3,20,7773.8,5,5,5,555,15,Champions,2.5622531634139225,0.9971241082413195,416.8197708151364,3974.698028089565
17731,79,6,1708.99,3,4,4,344,11,Loyal Customers,0.5596185701407056,0.9784389670965911,350.1429534984417,729.0718760338423
17732,373,8,2166.42,2,5,4,254,11,Cannot Lose Them,0.0660652306195111,0.06082749089245488,306.76947176383,75.28396213503262
17733,39,2,692.19,4,3,3,433,10,Potential Loyalists,0.4171980257855155,0.9131244505478728,579.9507434535681,890.5791019393791
17734,54,6,1442.32,4,4,4,444,12,Loyal Customers,0.7092377690748418,0.9844898844313307,232.9787269583844,614.7999852265307
17735,2,26,16790.33,5,5,5,555,15,Champions,3.944308280753924,0.9978489270334445,693.4915743205972,10170.165054158933
17736,9,3,377.44,5,3,2,532,10,Potential Loyalists,1.3016667988566,0.9676427169072981,40.33396207184664,192.22385636851124
17737,9,2,168.24,5,3,1,531,9,Potential Loyalists,1.114860783320349,0.9191413606972352,102.37439989324388,414.53326542284765
17738,19,13,4183.56,4,5,5,455,14,Loyal Customers,1.1130392761859922,0.9922644860815861,477.14929193012836,1976.532776286016
17739,12,18,7730.59,5,5,5,555,15,Champions,1.9880714723331636,0.9964240152769581,435.2289687984398,3224.098487599972
17740,389,6,426.9,2,4,2,242,8,At Risk,0.42095134152712005,0.6298034197703495,76.73156362561606,120.23960440320413
17741,407,2,101.1,2,3,1,231,6,At Risk,0.1649269936861498,0.691877903349479,76.76335583456881,46.93041702365207
17742,113,11,2098.48,3,5,4,354,12,Loyal Customers,1.1664435520880303,0.976026763362746,191.70137647217095,833.0599604034167
17743,448,1,229.2,1,2,1,121,4,Hibernating,0.11471126159373925,1.0,0.0,0.0
17744,4,7,2649.14,5,4,4,544,13,Champions,1.3359587053038828,0.9913754725325886,399.273257667046,1977.89074660328
17745,478,2,600.34,1,3,2,132,6,At Risk,0.12646392269710402,0.5262811737879891,139.0169622202182,65.1644661478511
17746,240,4,904.1800000000001,2,4,3,243,9,At Risk,0.32377142153356353,0.9141124475496379,275.6534529284313,331.5435496787584
17747,113,1,71.4,3,2,1,321,6,About to Sleep,0.3308703655676753,1.0,0.0,0.0
17748,527,1,358.15,1,2,2,122,5,Hibernating,0.09945289086040598,1.0,0.0,0.0
17749,178,3,1026.18,3,3,3,333,9,Need Attention,0.36470210697146027,0.9320335180902314,371.45721259474993,502.8460624258032
17750,5,9,1694.16,5,5,4,554,14,Champions,3.3861032126450494,0.9926207253931856,180.14382751491334,2247.2239228344315
17751,421,1,157.85999999999999,1,2,1,121,4,Hibernating,0.12105994641240025,1.0,0.0,0.0
17752,359,1,80.64,2,2,1,221,5,Hibernating,0.1386881650946029,1.0,0.0,0.0
17753,464,4,382.06,1,4,2,142,7,At Risk,0.2312804901477016,0.7419856884036891,194.5992659114036,167.35490677713133
17754,1,13,4451.22,5,5,5,555,15,Champions,1.317970777586218,0.995625952826292,386.55123345354224,1897.9619263973332
17756,376,3,728.75,2,3,3,233,8,At Risk,0.13562473244569392,0.2603583182117228,304.81850096314133,153.05415043866245
17757,1,56,9070.1,5,5,5,555,15,Champions,6.471723950793193,0.9990668299829608,166.39808010196458,4012.3755380365124
17758,19,12,4964.03,4,5,5,455,14,Loyal Customers,1.364082190817044,0.9927758821277374,513.5799995540006,2605.8241742561663
17759,17,5,1260.63,5,4,4,544,13,Champions,0.4981528213155598,0.9806471202357195,400.65330984944296,741.6854089594062
17760,22,6,746.39,4,4,3,443,11,Loyal Customers,0.5785761429048638,0.9853510294673978,159.06212935190624,342.35915057139954
17761,33,1,712.78,4,2,3,423,9,Potential Loyalists,,1.0,0.0,0.0
17762,456,1,129.75,1,2,1,121,4,Hibernating,0.11295617413277576,1.0,0.0,0.0
17763,263,4,86.15,2,4,1,241,7,At Risk,0.30102323065637093,0.9115875229918908,39.32071627157972,43.99409266182785
17764,51,5,1513.57,4,4,4,444,12,Loyal Customers,0.5143863256834368,0.9828251722129658,347.667664314994,665.7955944080976
17765,159,4,524.0,3,4,2,342,9,Loyal Customers,0.6001062969017192,0.9351242782769537,131.40361181051892,292.479556553359
17766,381,2,299.61,2,3,2,232,7,At Risk,0.1318737347434386,1.0,0.0,0.0
17767,15,2,413.05,5,3,2,532,10,Potential Loyalists,0.28995289088402976,0.9245659632031965,332.87379642131935,356.80466261526084
17768,8,7,3292.73,5,4,5,545,14,Champions,0.6283015953265514,0.9894001797381397,603.8051621597349,1412.6932939336432
17769,13,17,7053.38,5,5,5,555,15,Champions,1.981881307255132,0.9961115460226759,428.81027710520607,3165.5591193776504
17770,199,5,1143.27,2,4,3,243,9,At Risk,0.6735302036041911,0.7096657067216623,192.43731808741083,478.92628268755806
17771,57,4,386.93,4,4,2,442,10,Loyal Customers,0.4911095383735104,0.9757372187856724,132.57141624441317,241.9619391634385
17772,11,3,360.75,5,3,2,532,10,Potential Loyalists,0.3017427002346797,0.925715202950337,214.50596867968875,239.17708448911952
17773,514,2,575.37,1,3,2,132,6,At Risk,0.12988689469312958,0.6581546363415635,257.57853781288367,124.2231981480435
17774,97,9,3272.83,3,5,5,355,13,Loyal Customers,1.0405181743623706,0.9797050482747482,349.46675382076637,1353.7824173319125
17775,255,1,56.4,2,2,1,221,5,Hibernating,0.18410988272218,1.0,0.0,0.0
17776,387,2,329.3,2,3,2,232,7,At Risk,0.15284267448632283,0.8083085481559181,151.65900950024502,86.09786195140336
17777,25,3,647.56,4,3,3,433,10,Potential Loyalists,1.3897939298855906,0.9574245911618664,252.73766682942167,1284.7419418467723
17778,662,1,197.70000000000002,1,2,1,121,4,Hibernating,0.08114756136930856,1.0,0.0,0.0
17779,21,3,650.32,4,3,3,433,10,Potential Loyalists,1.1077399689709535,0.9627228446176447,181.24632936518336,736.6000514490808
17780,667,3,346.56,1,3,2,132,6,At Risk,0.04768970338735117,0.23973080860733578,239.16038272387908,42.346039624831114
17781,159,2,188.02,3,3,1,331,7,Need Attention,0.37551216303123885,0.8017193779661068,108.63487732980887,150.10615185747685
17782,383,2,679.02,2,3,3,233,8,At Risk,0.13157987714426617,1.0,0.0,0.0
17783,72,3,376.96,3,3,2,332,8,Need Attention,0.3978494871374467,0.9601575020543762,157.2789584356264,232.14879869627785
17784,550,1,112.86,1,2,1,121,4,Hibernating,0.09574542233337567,1.0,0.0,0.0
17785,53,3,403.38,4,3,2,432,9,Potential Loyalists,0.3660411972547585,0.9645493257904719,159.83124245143387,217.2149108964129
17786,85,2,266.85,3,3,1,331,7,Need Attention,0.3488496688918313,0.8946561659781771,202.45727419345633,260.4586201507985
17787,153,4,1817.54,3,4,4,344,11,Loyal Customers,0.694808537489906,0.9200759914102813,383.9430900408105,987.9811696449965
17788,74,2,1112.95,3,3,3,333,9,Need Attention,0.6555664744822509,0.8536380279002136,1337.9407736648322,3206.3121637034938
17789,281,2,397.15,2,3,2,232,7,At Risk,0.17470903683143008,0.8512875425261387,278.01893609706497,180.29136113659908
17790,27,20,2779.41,4,5,4,454,13,Loyal Customers,2.5959868668097674,0.9939540449665173,153.1790456510763,1479.1661542044185
17791,30,1,106.1,4,2,1,421,7,Potential Loyalists,,1.0,0.0,0.0
17792,467,2,368.35,1,3,2,132,6,At Risk,0.08805739467172541,0.32096263485247534,146.52469144782032,47.7637821804477
17793,25,1,300.34,4,2,2,422,8,Potential Loyalists,,1.0,0.0,0.0
17794,687,2,147.3,1,3,1,131,5,At Risk,0.035795508521749356,0.18090049457775584,20.818663848243148,2.766938729172005
17795,180,2,342.83,3,3,2,332,8,Need Attention,0.35127716075810667,0.7759172738794048,231.08351918386194,298.81826447567045
17796,40,7,1236.39,4,4,4,444,12,Loyal Customers,1.215800676425197,0.9854389737766431,188.60747592423715,850.9227287773026
17797,22,8,1971.87,4,5,4,454,13,Loyal Customers,0.7521104562794388,0.9900569326117709,303.7913479854239,850.8647818032315
17798,582,1,172.17,1,2,1,121,4,Hibernating,0.0911650208964098,1.0,0.0,0.0
17799,22,20,6246.93,4,5,5,455,14,Loyal Customers,1.8874500958154665,0.9952392593961362,373.82985641900785,2628.9395155689
17800,37,9,1186.21,4,5,3,453,12,Loyal Customers,1.9275211274757045,0.985889758056425,134.66358396105724,961.8092636178436
17801,451,3,770.03,1,3,3,133,7,At Risk,0.23799861528516725,0.7525876683983491,214.3055274755137,189.63578509460726
17802,82,10,4946.22,3,5,5,355,13,Loyal Customers,0.9701080440689257,0.9843921834766054,565.687028369766,2044.050843176812
17803,392,1,184.66,2,2,1,221,5,Hibernating,0.12871181810448065,1.0,0.0,0.0
17804,376,3,383.78000000000003,2,3,2,232,7,At Risk,0.25735653575065076,0.8643957883011826,143.7836197769362,137.64022624210867
17805,74,2,927.03,3,3,3,333,9,Need Attention,0.20184205972879654,0.9144415030095577,624.839698690215,467.83357924592815
17806,11,1,546.04,5,2,2,522,9,Potential Loyalists,,1.0,0.0,0.0
17807,395,3,437.87,2,3,2,232,7,At Risk,0.2592388658642589,0.8338494904831998,137.95608717431995,132.98646417237012
17808,549,4,262.64,1,4,1,141,6,At Risk,0.02512935178740493,0.04931606535443884,51.14713679146444,4.776181142541727
17809,16,20,10085.89,5,5,5,555,15,Champions,1.8626598644373762,0.9958365322008913,591.1153401188199,4102.718953488943
17810,669,2,343.21,1,3,2,132,6,At Risk,0.046313388959833175,0.23250155626636954,82.13985870078712,14.123899609442491
17811,4,47,9513.1,5,5,5,555,15,Champions,7.878600614068703,0.998481080708575,211.97055315627534,6205.623282066403
17812,13,7,911.99,5,4,3,543,12,Champions,0.9980401393406352,0.9905621186240664,139.7713954519431,518.4806566708332
17813,14,5,1698.07,5,4,4,544,13,Champions,3.0297421607050805,0.9787843586016413,364.66796088220053,4038.890320336208
17814,375,2,1609.37,2,3,4,234,9,At Risk,0.16009814415624893,0.5233919868143734,983.8060296951151,582.4167094876565
17815,393,1,591.96,2,2,2,222,6,Hibernating,0.12843187955950816,1.0,0.0,0.0
17816,37,6,96.11,4,4,1,441,9,Loyal Customers,0.6370959943729155,0.9869787684071842,15.577134243415848,36.95138603650193
17817,4,6,788.15,5,4,3,543,12,Champions,0.8496733463281203,0.9867387124484142,179.75052838779797,566.4751531161912
17818,738,1,124.78,1,2,1,121,4,Hibernating,0.07347792093063472,1.0,0.0,0.0
17819,72,12,6021.05,3,5,5,355,13,Loyal Customers,1.309820253099123,0.9869715760972874,506.1643920845963,2469.854855662094
17820,374,1,180.60999999999999,2,2,1,221,5,Hibernating,0.13396810595600553,1.0,0.0,0.0
17821,406,1,334.62,2,2,2,222,6,Hibernating,0.1249005254487107,1.0,0.0,0.0
17822,420,5,2154.08,1,4,4,144,9,At Risk,0.15917773111685804,0.6677594273902507,1311.2520071847757,773.7081906280058
17823,421,2,449.25,1,3,2,132,6,At Risk,0.12105994641240025,1.0,0.0,0.0
17824,51,1,298.4,4,2,2,422,8,Potential Loyalists,,1.0,0.0,0.0
17825,599,4,701.96,1,4,3,143,8,At Risk,0.10363103785356148,0.549443088651935,324.7606051592332,125.00908695310545
17826,374,1,133.34,2,2,1,221,5,Hibernating,0.13396810595600553,1.0,0.0,0.0
17827,5,6,2376.17,5,4,4,544,13,Champions,0.47117110737829065,0.9819454463911308,704.5832607737116,1234.1970341883812
17828,23,4,1165.09,4,4,3,443,11,Loyal Customers,1.2908639827151422,0.9754188705098005,175.39091215386944,833.4647371104619
17829,299,5,4756.74,2,4,5,245,11,At Risk,0.503033760931714,0.8639002873196561,901.8030998686413,1687.6739630458678
17830,2,3,398.7,5,3,2,532,10,Potential Loyalists,0.6581612074794141,0.9715413275203655,117.1489477407306,284.6787497846644
17831,33,1,35.400000000000006,4,2,1,421,7,Potential Loyalists,,1.0,0.0,0.0
17832,50,1,155.37,4,2,1,421,7,Potential Loyalists,,1.0,0.0,0.0
17833,723,1,338.46000000000004,1,2,2,122,5,Hibernating,0.07477984918294449,1.0,0.0,0.0
17834,415,2,689.6700000000001,1,3,3,133,7,At Risk,0.128219478337702,0.4389614881944653,339.8850467806446,161.22503635661346
17835,3,3,342.24,5,3,2,532,10,Potential Loyalists,2.652717201383813,0.9699683739781336,129.30789734393366,1243.8489378006989
17836,47,1,109.83,4,2,1,421,7,Potential Loyalists,,1.0,0.0,0.0
17837,42,8,1535.33,4,5,4,454,13,Loyal Customers,2.9298616710806806,0.9669009223692631,208.78418914396983,2253.0786692887305
17838,27,13,5604.64,4,5,5,455,14,Loyal Customers,1.500277233670752,0.9931829546016516,477.4801791665547,2666.525755850457
17839,42,1,318.15,4,2,2,422,8,Potential Loyalists,,1.0,0.0,0.0
17840,444,1,175.9,1,2,1,121,4,Hibernating,0.11583617844812831,1.0,0.0,0.0
17841,2,211,68519.95,5,5,5,555,15,Champions,21.630384371364492,0.9996906920713216,354.4774834450194,28579.299648599033
17842,602,1,430.69,1,2,2,122,5,Hibernating,0.08830344856574789,1.0,0.0,0.0
17843,303,2,312.65,2,3,2,232,7,At Risk,0.22030663364521536,0.7039648183435786,243.90720507423396,198.64854244833376
17844,107,1,51.559999999999995,3,2,1,321,6,About to Sleep,0.3424252436554604,1.0,0.0,0.0
17845,555,4,596.09,1,4,2,142,7,At Risk,0.07138013339873027,0.3071053839164941,179.93408651064988,47.62119516748734
17847,516,2,125.74000000000001,1,3,1,131,5,At Risk,0.1257357159485137,0.5991647210411438,112.2918680180925,52.39737529061152
17848,81,30,3538.46,3,5,5,355,13,Loyal Customers,3.0183598667052536,0.9669758802517945,125.51164991292409,1411.77818794676
17849,218,8,1063.76,2,5,3,253,10,Cannot Lose Them,0.7778826207585106,0.9084096605359737,150.42913063357028,435.4248268954748
17850,372,155,51208.87,2,5,5,255,12,Cannot Lose Them,0.0007572638884668483,0.0002965161606350965,2240.9317135783544,6.3236965315613345
17851,422,6,1552.35,1,4,4,144,9,At Risk,0.3712840120284582,0.583939633164705,256.74465778599534,354.9663426467942
17852,12,5,657.8100000000001,5,4,3,543,12,Champions,0.4058610460504635,0.9815113267973833,202.93340278719987,306.51874280616585
17853,407,3,1596.29,2,3,4,234,9,At Risk,0.2501379301719517,0.8380577193853979,556.2622925547844,517.5499811159274
17854,185,6,1068.5,3,4,3,343,10,Loyal Customers,0.504214025165283,0.9573731130020675,244.7196814435307,459.3604083919621
17855,373,1,208.97,2,2,1,221,5,Hibernating,0.13457878308954516,1.0,0.0,0.0
17856,2,4,1418.03,5,4,4,544,13,Champions,0.9349137610223296,0.9822302221185503,332.26243563901716,1147.788484604484
17857,4,23,25769.54,5,5,5,555,15,Champions,2.6283736102697075,0.9973338383659927,1276.3778738793121,12491.895000539318
17858,6,30,12518.65,5,5,5,555,15,Champions,3.1149494421740442,0.9979197682859384,446.8968456135697,5187.6384773553955
17859,305,1,141.92000000000002,2,2,1,221,5,Hibernating,0.15926676552328534,1.0,0.0,0.0
17860,369,4,717.39,2,4,3,243,9,At Risk,0.2613333249734721,0.8668215632487883,259.68798531882015,252.41136202268157
17861,3,18,5088.29,5,5,5,555,15,Champions,1.883318086126518,0.9968297341933239,300.96346972916047,2111.923489729227
17862,324,4,1254.89,2,4,4,244,10,At Risk,0.41757240474180835,0.7966378668360096,392.01155703862537,608.1551910769479
17863,59,12,5360.48,3,5,5,355,13,Loyal Customers,1.446824920782494,0.9881416975354289,464.50009479711144,2502.1172286154347
17864,13,5,876.57,5,4,3,543,12,Champions,0.84013900180651,0.9856923870910882,175.97616980184372,548.4059741843747
17865,31,46,26310.09,4,5,5,455,14,Loyal Customers,3.8670357119165635,0.9948168200742719,760.4976232760241,10960.252437150655
17866,143,3,1134.95,3,3,3,333,9,Need Attention,0.28840821786588183,0.9530076605023556,541.7537080958273,581.1122914908246
17867,30,14,1560.72,4,5,4,454,13,Loyal Customers,1.187922422566299,0.9927606033282383,150.46714045183896,665.907413703405
17868,386,1,227.15,2,2,1,221,5,Hibernating,0.13041743818660237,1.0,0.0,0.0
17869,107,7,813.64,3,4,3,343,10,Loyal Customers,0.8079413174355435,0.9707112982063361,137.20838734205387,412.04026847479173
17870,2,13,2753.29,5,5,4,554,14,Champions,1.939919437425216,0.9943754680561013,211.83111680448732,1524.3564011365602
17871,205,5,1068.95,2,4,3,243,9,At Risk,0.5237407940836515,0.9469560926201354,220.12623273491351,429.06093378193606
17872,382,1,235.87,2,2,1,221,5,Hibernating,0.1318737347434386,1.0,0.0,0.0
17873,80,18,6135.95,3,5,5,355,13,Loyal Customers,1.6478388999455718,0.9837319983002518,401.19747967404936,2463.0563190199655
17874,185,6,683.46,3,4,3,343,10,Loyal Customers,0.5762646114151405,0.7710597968152039,340.6654942752872,724.0329739528387
17875,688,1,167.1,1,2,1,121,4,Hibernating,0.07824594723554944,1.0,0.0,0.0
17876,400,3,3424.02,2,3,5,235,10,At Risk,0.26260200840369197,0.8128120628889633,1451.5772356792854,1417.0400867854244
17877,170,1,237.61,3,2,1,321,6,About to Sleep,0.24955222925825696,1.0,0.0,0.0
17878,44,3,1378.93,4,3,4,434,11,Potential Loyalists,0.296797145074638,0.916517395905384,463.95632688711487,508.87481261820176
17879,174,1,178.51999999999998,3,2,1,321,6,About to Sleep,0.24642202406009986,1.0,0.0,0.0
17880,365,3,824.9200000000001,2,3,3,233,8,At Risk,0.2617318721503118,0.8703331010369506,359.8459634241237,350.30252113718035
17881,304,1,133.35000000000002,2,2,1,221,5,Hibernating,0.15926676552328534,1.0,0.0,0.0
17882,379,2,291.56,2,3,2,232,7,At Risk,0.13246540867576337,1.0,0.0,0.0
17883,3,7,988.42,5,4,3,543,12,Champions,0.7030709572121187,0.9897416813793629,170.67216072553012,446.50760540631734
17884,4,20,2693.47,5,5,4,554,14,Champions,1.7565917968095788,0.996627664426777,171.84770433148603,1124.7732763883757
17885,12,1,156.34,5,2,1,521,8,Potential Loyalists,,1.0,0.0,0.0
17886,32,6,1572.55,4,4,4,444,12,Loyal Customers,0.7685817183943837,0.9868398107816053,296.7461861403594,848.1347833307007
17887,129,1,111.35,3,2,1,321,6,About to Sleep,0.302008321344521,1.0,0.0,0.0
17888,21,25,1807.44,4,5,4,454,13,Loyal Customers,2.7104874824816463,0.9960860945335445,76.57480492213514,773.3610898057549
17889,212,7,746.42,2,4,3,243,9,At Risk,0.5717689205729172,0.9314591677788452,191.76888072728377,407.772607749387
17890,323,2,586.89,2,3,2,232,7,At Risk,0.19145820641260194,0.5475463985299893,154.4804625809407,109.20825220995381
17891,162,1,203.85999999999999,3,2,1,321,6,About to Sleep,0.2583028722448864,1.0,0.0,0.0
17892,56,3,244.1,4,3,1,431,8,Potential Loyalists,1.0221429275022484,0.9397098432741494,57.88776093593029,217.23810507959254
17893,225,1,107.21,2,2,1,221,5,Hibernating,0.20243034947784297,1.0,0.0,0.0
17894,72,18,2304.16,3,5,4,354,12,Loyal Customers,2.7216987533041768,0.9684701654160567,137.46605110723445,1390.3570612059498
17895,44,1,95.45,4,2,1,421,7,Potential Loyalists,,1.0,0.0,0.0
17896,23,1,256.32,4,2,1,421,7,Potential Loyalists,,1.0,0.0,0.0
17897,173,9,2053.04,3,5,4,354,12,Loyal Customers,0.9978357583430219,0.9275799041471386,268.9777284086956,998.2358976653693
17898,85,4,299.18,3,4,2,342,9,Loyal Customers,0.5054691783456003,0.9704707264082394,66.5267673057204,124.93847828447808
17899,159,1,154.55,3,2,1,321,6,About to Sleep,0.26174509941758056,1.0,0.0,0.0
17900,190,2,112.19999999999999,2,3,1,231,6,At Risk,0.2300718617594812,1.0,0.0,0.0
17901,29,3,260.08,4,3,1,431,8,Potential Loyalists,0.23449709955607909,0.9223742188969177,138.1329876498715,119.99973683428034
17902,547,1,216.39999999999998,1,2,1,121,4,Hibernating,0.0963702037457416,1.0,0.0,0.0
17903,394,1,381.09000000000003,2,2,2,222,6,Hibernating,0.12815315705728378,1.0,0.0,0.0
17904,21,1,181.07,4,2,1,421,7,Potential Loyalists,,1.0,0.0,0.0
17905,71,13,2168.37,3,5,4,354,12,Loyal Customers,1.3894108583098694,0.9860164575847415,184.34014113111033,953.8078037725925
17906,247,1,72.9,2,2,1,221,5,Hibernating,0.1882211956423515,1.0,0.0,0.0
17907,641,1,291.76,1,2,2,122,5,Hibernating,0.08355763297753949,1.0,0.0,0.0
17908,374,5,1142.47,2,4,3,243,9,At Risk,0.42216273606937593,0.7955342401357972,195.30538153531427,306.9323388850583
17909,737,1,110.05,1,2,1,121,4,Hibernating,0.07347792093063472,1.0,0.0,0.0
17910,726,1,261.7,1,2,1,121,4,Hibernating,0.07449699406226674,1.0,0.0,0.0
17911,9,1,366.23,5,2,2,522,9,Potential Loyalists,,1.0,0.0,0.0
17912,310,6,371.6,2,4,2,242,8,At Risk,0.18887615426554283,0.1981563838404801,82.00927841330201,57.399073074050484
17913,59,14,3425.09,3,5,5,355,13,Loyal Customers,1.4082942705117292,0.9896786523455937,266.48752874619976,1398.2574943820969
17914,4,1,329.36,5,2,2,522,9,Potential Loyalists,,1.0,0.0,0.0
17915,551,1,225.78,1,2,1,121,4,Hibernating,0.09559049135019786,1.0,0.0,0.0
17916,629,2,43.87,1,3,1,131,5,At Risk,0.09228808757883052,0.49425620794422126,26.764301026876456,9.17540126557418
17917,45,3,335.03,4,3,2,432,9,Potential Loyalists,0.5388712777571827,0.9623190398231185,126.82681438436114,252.84251945490792
17918,501,3,388.44,1,3,2,132,6,At Risk,0.044773419067608664,0.1067436292470995,150.15337580780334,24.93942885826456
17919,88,2,1840.32,3,3,4,334,10,Need Attention,0.2676405596009597,0.9037015982898448,1583.5646118143193,1567.733425187979
17920,4,54,23569.88,5,5,5,555,15,Champions,5.71061864068216,0.9987891709015513,455.88360369060604,9702.606197637051
17921,64,10,2394.36,3,5,4,354,12,Loyal Customers,1.4823743313309212,0.9833364179077365,252.94573056822685,1393.7744595061831
17922,543,1,170.4,1,2,1,121,4,Hibernating,0.09684416987153996,1.0,0.0,0.0
17923,282,3,497.0,2,3,2,232,7,At Risk,0.3404191931757734,0.8671279075497642,171.53560069559822,216.74265890959163
17924,12,8,3257.7000000000003,5,5,5,555,15,Champions,1.0515059597604537,0.9885810578000834,614.6509971890937,2397.538295293331
17925,373,1,244.08,2,2,1,221,5,Hibernating,0.13457878308954516,1.0,0.0,0.0
17926,133,5,1035.49,3,4,3,343,10,Loyal Customers,0.6271044102999731,0.9632397351720072,225.0193070236298,524.558408843802
17927,722,1,294.0,1,2,2,122,5,Hibernating,0.0749696159663152,1.0,0.0,0.0
17928,45,3,313.16,4,3,2,432,9,Potential Loyalists,0.36307607882206255,0.9658489477130954,103.05113860620602,138.92553378472007
17929,11,12,3082.1,5,5,5,555,15,Champions,1.2003699939498997,0.9944014233267527,274.11387351576917,1225.766232574999
17930,36,13,4275.22,4,5,5,455,14,Loyal Customers,1.593354158769371,0.9924265878360071,341.24939118981814,2024.327537424899
17931,134,14,3402.24,3,5,5,355,13,Loyal Customers,1.2673753651664514,0.9587216612954839,310.2584557119903,1464.0237481307681
17932,29,3,1331.57,4,3,4,434,11,Potential Loyalists,0.8340046008511365,0.9623136849084098,408.72275002726946,1255.03198583098
17933,632,1,105.99,1,2,1,121,4,Hibernating,0.08451385753972607,1.0,0.0,0.0
17934,52,3,1049.15,4,3,3,433,10,Potential Loyalists,0.488354001004987,0.962010430711088,387.74034645525563,701.2115104878462
17935,138,7,683.24,3,4,3,343,10,Loyal Customers,0.6182859884714262,0.9711991937352079,120.32833916682335,277.0342368324079
17936,5,1,380.13,5,2,2,522,9,Potential Loyalists,,1.0,0.0,0.0
17937,9,7,4301.22,5,4,5,545,14,Champions,1.3913337485468504,0.9906509271852111,499.7330111281363,2577.201835270809
17938,420,1,144.29,1,2,1,121,4,Hibernating,0.12130861634772841,1.0,0.0,0.0
17939,160,1,99.14,3,2,1,321,6,About to Sleep,0.26174509941758056,1.0,0.0,0.0
17940,49,14,28389.58,4,5,5,455,14,Loyal Customers,1.2985926506488614,0.9908907446037103,2218.1490282363457,10731.590204549999
17941,131,4,1433.28,3,4,4,344,11,Loyal Customers,0.41447603878960537,0.9658176486120618,361.7548057968195,557.8674186855227
17942,8,1,77.50000000000001,5,2,1,521,8,Potential Loyalists,,1.0,0.0,0.0
17944,423,1,74.99,1,2,1,121,4,Hibernating,0.12056565478438827,1.0,0.0,0.0
17945,697,3,359.5,1,3,2,132,6,At Risk,0.0774256557910136,1.0,0.0,0.0
17946,233,2,149.57999999999998,2,3,1,231,6,At Risk,0.2774296331170086,0.6034875326586499,164.34949374303062,167.8136527595451
17947,37,1,176.68,4,2,1,421,7,Potential Loyalists,,1.0,0.0,0.0
17948,147,1,358.56000000000006,3,2,2,322,7,About to Sleep,0.27648583254424564,1.0,0.0,0.0
17949,1,116,107833.48,5,5,5,555,15,Champions,7.817107271410756,0.9992597213454016,1539.7009310635863,44859.96903217955
17950,72,7,1166.29,3,4,3,343,10,Loyal Customers,0.6507887529181462,0.9826222801656287,215.09988388744299,521.1316195105085
17951,40,4,1340.5800000000002,4,4,4,444,12,Loyal Customers,0.6851113023277958,0.9759581470578802,358.2089268793588,909.5144370697456
17952,378,4,788.46,2,4,3,243,9,At Risk,0.17618081063012794,0.7166313852101944,523.1705138596544,341.57460563734764
17953,540,1,148.67000000000002,1,2,1,121,4,Hibernating,0.0973228235308076,1.0,0.0,0.0
17954,5,19,3801.83,5,5,5,555,15,Champions,1.9939737940729416,0.9968724681385013,206.97614059863545,1537.7718805918826
17955,199,6,949.9,2,4,3,243,9,At Risk,0.5434404344835714,0.9462624958681447,242.7174939941949,490.765178731578
17956,249,1,12.75,2,2,1,221,5,Hibernating,0.1870278887373049,1.0,0.0,0.0
17957,66,1,110.72,3,2,1,321,6,About to Sleep,,1.0,0.0,0.0
17958,117,2,973.88,3,3,3,333,9,Need Attention,0.17072242516942876,0.9085915918324108,620.1776410246879,393.2858373924736
17959,592,1,140.75,1,2,1,121,4,Hibernating,0.08964334757628468,1.0,0.0,0.0
17960,171,3,135.08,3,3,1,331,7,Need Attention,0.3191888737453815,0.9425653349176945,70.03575653048178,83.07254123333676
17961,21,100,2866.74,4,5,4,454,13,Loyal Customers,9.33485396682585,0.9948122298787782,34.63089806535922,1204.9156412467657
17962,142,4,665.91,3,4,3,343,10,Loyal Customers,0.29946207875415226,0.9519549802734032,166.1571824476949,185.00787369866342
17963,471,4,643.16,1,4,3,143,8,At Risk,0.26322763702798846,0.602977318581106,168.33454233209622,164.84316242255338
17964,32,2,463.21,4,3,2,432,9,Potential Loyalists,0.31346005853245834,0.9195946652739295,248.41184261079525,287.5976811546414
17965,38,29,7002.9,4,5,5,455,14,Loyal Customers,3.1323157662679506,0.9934150964783027,251.23606585968687,2932.471980438431
17966,38,10,1963.92,4,5,4,454,13,Loyal Customers,0.7847665612565123,0.9885026842276474,272.18375648365515,795.2168357103097
17967,372,2,223.42,2,3,1,231,6,At Risk,0.16132648546624082,0.5209128563165298,140.42163414022116,83.75697416894332
17968,374,4,590.4399999999999,2,4,2,242,8,At Risk,0.31224587824657846,0.5472994259591856,164.76389180543165,191.00719584559832
17969,166,20,2354.29,3,5,4,354,12,Loyal Customers,1.775442922644987,0.8003071716775982,119.8663805183809,793.0120257039914
17970,211,1,562.79,2,2,2,222,6,Hibernating,0.2126481454511656,1.0,0.0,0.0
17971,548,1,161.94,1,2,1,121,4,Hibernating,0.09605679660467623,1.0,0.0,0.0
17972,242,1,135.19,2,2,1,221,5,Hibernating,0.19189441278420152,1.0,0.0,0.0
17973,52,1,337.04,4,2,2,422,8,Potential Loyalists,,1.0,0.0,0.0
17974,25,6,1739.09,4,4,4,444,12,Loyal Customers,1.0649390005725585,0.9865632691068613,318.1912657580197,1256.8487105495115
17975,15,24,6693.03,5,5,5,555,15,Champions,3.825248000784614,0.9960627043372012,288.6259352067453,4104.55463778325
17976,372,1,321.79,2,2,2,222,6,Hibernating,0.13457878308954516,1.0,0.0,0.0
17977,29,2,1511.45,4,3,4,434,11,Potential Loyalists,0.29495445971310486,0.920722968351763,353.38685014963875,385.2388213806818
17978,365,4,1159.99,2,4,3,243,9,At Risk,0.35328116785750246,0.8543551325525154,368.24142860690483,484.1492480875157
17979,36,4,729.01,4,4,3,443,11,Loyal Customers,0.7100878270052221,0.9620077062656324,274.41564995080796,718.7708484945455
17980,166,4,1012.72,3,4,3,343,10,Loyal Customers,0.6578232247576665,0.9150905892306168,288.4626917653527,703.0982713241817
17981,411,1,239.12,1,2,1,121,4,Hibernating,0.12385272597185656,1.0,0.0,0.0
17982,681,1,138.18,1,2,1,121,4,Hibernating,0.07908381226192542,1.0,0.0,0.0
17983,395,1,171.71,2,2,1,221,5,Hibernating,0.12787564268553162,1.0,0.0,0.0
17984,145,5,1148.69,3,4,3,343,10,Loyal Customers,0.5054915724496574,0.9682427220008809,245.63451905092958,462.27185579333496
17985,22,1,631.35,4,2,3,423,9,Potential Loyalists,,1.0,0.0,0.0
17986,56,1,20.8,4,2,1,421,7,Potential Loyalists,,1.0,0.0,0.0
17987,185,5,965.4399999999999,3,4,3,343,10,Loyal Customers,0.6377261268092741,0.9354189058539277,207.8386567566789,492.54376481283583
17988,12,13,485.69,5,5,2,552,12,Champions,1.1973582356655696,0.9944035259650207,33.03872069831022,147.37211784853054
17989,379,1,207.32999999999998,2,2,1,221,5,Hibernating,0.13246540867576337,1.0,0.0,0.0
17990,237,6,1527.6100000000001,2,4,4,244,10,At Risk,0.5947919273257948,0.9307895596210233,248.37301592153045,550.0920464286298
17991,225,3,298.65,2,3,2,232,7,At Risk,0.33459149186927456,0.9180678685043108,53.150152194141725,66.04799812153328
17992,389,1,252.88,2,2,1,221,5,Hibernating,0.1295590101625567,1.0,0.0,0.0
17993,617,1,225.99,1,2,1,121,4,Hibernating,0.08636708627391712,1.0,0.0,0.0
17994,122,11,2264.0299999999997,3,5,4,354,12,Loyal Customers,1.3487498204273125,0.962614304366706,172.44190657265565,865.6259978703133
17995,282,3,495.48,2,3,2,232,7,At Risk,0.3792737135851483,0.71698219677303,90.9414820419349,127.67752513738793
17996,380,3,469.73,2,3,2,232,7,At Risk,0.17550367534745742,0.7197641123004841,254.92661410184354,165.81300339441836
17997,74,8,1962.46,3,5,4,354,12,Loyal Customers,2.6319216771351743,0.872399298689519,240.79501575419346,2334.394455721932
17998,380,3,639.24,2,3,3,233,8,At Risk,0.2564703050567766,0.8614191625978033,226.38232201383025,215.9635021622977
17999,37,3,528.46,4,3,2,432,9,Potential Loyalists,0.5206281171322356,0.964594633581756,210.36208436096138,405.3299416219449
18000,564,1,124.25,1,2,1,121,4,Hibernating,0.09362109753545857,1.0,0.0,0.0
18001,12,6,924.14,5,4,3,543,12,Champions,0.5155693222570453,0.9863158102284998,196.35875169469068,376.90161892382764
18002,376,4,237.62,2,4,1,241,7,At Risk,0.34869895267396334,0.8432737633296424,69.71168848906838,90.46537180820361
18003,376,1,353.51,2,2,2,222,6,Hibernating,0.13336295074501678,1.0,0.0,0.0
18004,362,1,157.92,2,2,1,221,5,Hibernating,0.1377177068861177,1.0,0.0,0.0
18005,4,2,226.47,5,3,1,531,9,Potential Loyalists,1.2329223748875286,0.9250783993514015,118.78242102776146,531.2004009194976
18006,23,4,969.51,4,4,3,443,11,Loyal Customers,0.41005275241392297,0.9804331492978438,325.44670430665246,496.60680361604733
18007,393,1,215.22,2,2,1,221,5,Hibernating,0.12871181810448065,1.0,0.0,0.0
18008,70,23,19759.079999999998,3,5,5,355,13,Loyal Customers,2.3844232197816404,0.9830122325577972,993.9148413437362,8829.044963897566
18009,235,8,2144.23,2,5,4,254,11,Cannot Lose Them,0.7475205831310493,0.8941672874455383,325.39004049475136,905.2409539396051
18010,257,1,174.8,2,2,1,221,5,Hibernating,0.18296805424517035,1.0,0.0,0.0
18011,373,2,410.79,2,3,2,232,7,At Risk,0.17559476887626502,0.7448757941404022,128.9420739664037,83.93817475287125
18012,723,1,115.3,1,2,1,121,4,Hibernating,0.07477984918294449,1.0,0.0,0.0
18013,155,2,187.29,3,3,1,331,7,Need Attention,0.26648041253787824,1.0,0.0,0.0
18014,28,1,154.27,4,2,1,421,7,Potential Loyalists,,1.0,0.0,0.0
18015,4,1,120.03,5,2,1,521,8,Potential Loyalists,,1.0,0.0,0.0
18016,32,7,1954.56,4,4,4,444,12,Loyal Customers,0.7946226628778734,0.9889789250535658,301.5976637267478,892.1508997001268
18017,81,4,688.0,3,4,3,343,10,Loyal Customers,0.6416208663342222,0.966661621478205,186.38596783904967,443.42779099128444
18018,108,4,297.99,3,4,2,342,9,Loyal Customers,0.6494408077260229,0.9567291265978785,56.75613687547173,136.64589420399503
18019,52,1,38.45,4,2,1,421,7,Potential Loyalists,,1.0,0.0,0.0
18020,544,1,190.48000000000002,1,2,1,121,4,Hibernating,0.09684416987153996,1.0,0.0,0.0
18021,510,2,216.41,1,3,1,131,5,At Risk,0.06733602539732905,0.2607947140345338,145.43485978574904,36.274111309717185
18022,36,5,1506.62,4,4,4,444,12,Loyal Customers,0.6747237563441735,0.9832462060275289,349.6776932295361,876.7113744224949
18024,153,2,389.78,3,3,2,332,8,Need Attention,0.2701461884618607,1.0,0.0,0.0
18025,380,6,1177.72,2,4,3,243,9,At Risk,0.3907382486160242,0.6374776014826848,241.24591235715042,350.56598853420957
18026,501,2,2074.07,1,3,4,134,8,At Risk,0.0717625269185884,0.2745685359314283,1613.365453151624,428.805079993927
18027,99,1,115.31,3,2,1,321,6,About to Sleep,0.3591538060765449,1.0,0.0,0.0
18028,583,1,192.05,1,2,1,121,4,Hibernating,0.09088452063020412,1.0,0.0,0.0
18029,642,1,433.77,1,2,2,122,5,Hibernating,0.08332194957632989,1.0,0.0,0.0
18030,4,2,230.64999999999998,5,3,1,531,9,Potential Loyalists,1.2891062366133232,0.9237738706065188,137.12792067262797,640.7746107895566
18031,379,1,451.3,2,2,2,222,6,Hibernating,0.1327632428396258,1.0,0.0,0.0
18032,334,1,73.5,2,2,1,221,5,Hibernating,0.1473409795429892,1.0,0.0,0.0
18033,65,1,93.82000000000001,3,2,1,321,6,About to Sleep,,1.0,0.0,0.0
18034,22,3,753.35,4,3,3,433,10,Potential Loyalists,0.31233624146941896,0.9225854546575633,511.4608781127329,590.0630782731527
18035,36,5,1260.23,4,4,4,444,12,Loyal Customers,0.5128272537616487,0.9651615389865269,393.0201786252951,746.0479171688197
18036,32,11,1545.49,4,5,4,454,13,Loyal Customers,1.0974714461393578,0.9919648797080981,167.50660140124398,684.7518519270036
18037,154,15,167.42,3,5,1,351,9,Loyal Customers,1.433501212138116,0.935947021974306,11.62985513989073,62.1168707088543
18038,556,1,141.48,1,2,1,121,4,Hibernating,0.09482330076772814,1.0,0.0,0.0
18039,374,4,548.22,2,4,2,242,8,At Risk,0.36230913645918167,0.775991865527121,152.5019452495419,205.4540114930953
18040,19,2,357.20000000000005,4,3,2,432,9,Potential Loyalists,0.44243574121445456,0.9208393129040197,147.60241386920194,240.22068321451624
18041,12,38,8018.7699999999995,5,5,5,555,15,Champions,4.221823814199801,0.9977355062984828,215.42129727519279,3388.3959701127746
18042,54,2,281.15,4,3,1,431,8,Potential Loyalists,0.2255327572985143,0.9173748928447163,204.33420650035686,170.77898099513845
18043,25,3,529.29,4,3,2,432,9,Potential Loyalists,0.5365906223941864,0.9672270763144076,134.22624722847254,266.48651483307634
18044,4,18,3505.61,5,5,5,555,15,Champions,2.536870086534937,0.9968659814732265,205.36552030976597,1938.288724193669
18045,45,1,178.34,4,2,1,421,7,Potential Loyalists,,1.0,0.0,0.0
18046,650,1,189.63,1,2,1,121,4,Hibernating,0.0825074293890162,1.0,0.0,0.0
18047,381,2,326.09,2,3,2,232,7,At Risk,0.1318737347434386,1.0,0.0,0.0
18048,203,3,394.93,2,3,2,232,7,At Risk,0.2292965679146013,0.8588446641666838,213.10129675968585,180.93509136128895
18049,437,2,500.5,1,3,2,132,6,At Risk,0.15315556508019365,0.6733196557997375,293.36134405089064,166.62116532972257
18050,359,2,412.06,2,3,2,232,7,At Risk,0.161500194013752,0.4965494777982158,94.5639396483997,56.43548899819903
18051,634,7,2282.28,1,4,4,144,9,At Risk,0.0019997671777448847,0.0026524667610835547,335.175794766044,2.496180526983744
18052,565,1,10877.18,1,2,5,125,8,Hibernating,0.09362109753545857,1.0,0.0,0.0
18053,71,3,571.07,3,3,2,332,8,Need Attention,0.3880721041756615,0.9609128161243087,182.69225850718587,263.0904033754814
18054,393,1,176.5,2,2,1,221,5,Hibernating,0.12871181810448065,1.0,0.0,0.0
18055,7,14,10142.64,5,5,5,555,15,Champions,2.3742893977472916,0.9951794637190523,740.3144667160984,6525.29658287288
18056,288,2,554.6,2,3,2,232,7,At Risk,0.18292574926098584,0.8385585719040528,444.82372659741907,301.8693529990436
18057,393,3,1168.14,2,3,3,233,8,At Risk,0.2623448114392493,0.828476653555401,478.9708075095587,467.1859791424922
18058,10,3,774.06,5,3,3,533,11,Potential Loyalists,0.31708255091996274,0.9708307455917276,261.00794336133004,307.6343473127469
18059,23,3,306.46,4,3,2,432,9,Potential Loyalists,1.7318457094511557,0.9533706509441656,101.91192170644646,643.5900581778503
18060,408,2,1185.46,2,3,3,233,8,At Risk,0.1641123933725354,0.6928644813493219,877.6200980873033,533.9274208058135
18061,22,28,6083.81,4,5,5,455,14,Loyal Customers,2.9899605556830875,0.9963076793310747,223.6247816749555,2491.722706659659
18062,173,6,1632.67,3,4,4,344,11,Loyal Customers,0.7281917711071682,0.9464247249692352,251.4833709805804,681.0552280998916
18063,391,2,186.60000000000002,2,3,1,231,6,At Risk,0.16389726106066368,0.7678212617939549,106.9153651518742,65.02052337978641
18064,133,11,4481.83,3,5,5,355,13,Loyal Customers,1.0172481117558405,0.9669357648824259,515.3612834797606,1951.902992759834
18065,6,28,5846.63,5,5,5,555,15,Champions,1.7674040851303119,0.9964901890753802,373.9033671416283,2462.2366255221177
18066,75,3,1440.4,3,3,4,334,10,Need Attention,0.4763115597905086,0.9562234652734402,379.44268490171845,669.4054045634106
18067,40,1,396.33,4,2,2,422,8,Potential Loyalists,,1.0,0.0,0.0
18068,289,1,101.69999999999999,2,2,1,221,5,Hibernating,0.16598511584556913,1.0,0.0,0.0
18069,26,11,4449.02,4,5,5,455,14,Loyal Customers,1.2086350480092698,0.9923019574369958,461.5009600347092,2076.4206337897526
18070,669,1,314.1,1,2,2,122,5,Hibernating,0.0802656242684186,1.0,0.0,0.0
18071,258,6,1169.68,2,4,3,243,9,At Risk,0.4860991584202545,0.9264576025914321,247.29952349639558,447.5364250927548
18072,186,1,247.44,3,2,1,321,6,About to Sleep,0.2346505312785734,1.0,0.0,0.0
18073,114,12,3859.82,3,5,5,355,13,Loyal Customers,1.3554337088977177,0.4076729623941149,430.6131631428939,2153.8199622942006
18074,374,2,1019.44,2,3,3,233,8,At Risk,0.1794674447838465,0.6866552179462255,597.3396130839499,397.04199240917256
18075,23,20,5783.29,4,5,5,455,14,Loyal Customers,3.1276772298614572,0.994325113729347,274.05784079645895,3186.7939950292393
18076,380,1,151.49,2,2,1,221,5,Hibernating,0.1321689089621538,1.0,0.0,0.0
18077,8,18,4078.79,5,5,5,555,15,Champions,1.9885355743186393,0.9966566237974772,230.05496239102612,1704.6039189360038
18078,217,4,725.53,2,4,3,243,9,At Risk,0.44343702358443615,0.9335796030757665,167.3861435797215,275.9670765625045
18079,45,5,4203.93,4,4,5,445,13,Loyal Customers,0.577973380912093,0.976172854732184,1279.9286561415813,2745.69167073597
18080,19,2,1231.5,4,3,4,434,11,Potential Loyalists,0.4469256565274702,0.9211826688592182,476.73157581472816,783.6511891817063
18081,36,3,343.45,4,3,2,432,9,Potential Loyalists,1.1513985290635456,0.9524296891444785,128.1029563922649,540.7934865457727
18082,26,1,680.84,4,2,3,423,9,Potential Loyalists,,1.0,0.0,0.0
18083,398,1,463.53,2,2,2,222,6,Hibernating,0.12732420702629432,1.0,0.0,0.0
18084,16,3,795.2299999999999,5,3,3,533,11,Potential Loyalists,0.5114499096821108,0.9689891067299918,100.04974023568563,189.42101677817928
18085,330,4,1341.8500000000001,2,4,4,244,10,At Risk,0.3981759036800406,0.8382901795324831,384.59422948273937,569.3555477826012
18086,274,1,101.34,2,2,1,221,5,Hibernating,0.17329603994712175,1.0,0.0,0.0
18087,291,16,13908.72,2,5,5,255,12,Cannot Lose Them,0.6469608629165604,0.4557877024433172,1143.0647003264542,2755.319847251366
18088,61,1,166.03,3,2,1,321,6,About to Sleep,,1.0,0.0,0.0
18089,447,1,428.45,1,2,2,122,5,Hibernating,0.1151585944649329,1.0,0.0,0.0
18090,422,1,321.9,1,2,2,122,5,Hibernating,0.12105994641240025,1.0,0.0,0.0
18091,593,1,360.85,1,2,2,122,5,Hibernating,0.08950752982197797,1.0,0.0,0.0
18092,2,18,14693.72,5,5,5,555,15,Champions,1.8693081051097007,0.996896752146293,860.6072958453225,5994.398602948222
18093,93,8,4452.71,3,5,5,355,13,Loyal Customers,0.9880588993531322,0.9787215302809452,601.7159870146727,2212.1896218483344
18094,82,13,6391.52,3,5,5,355,13,Loyal Customers,1.1173934376751429,0.9842551758514915,627.7598152679841,2612.3987607167214
18095,313,5,2303.09,2,4,4,244,10,At Risk,0.5040968037378795,0.7983587442163254,336.0701372749116,629.9052821061143
18096,12,6,1638.16,5,4,4,544,13,Champions,0.8714793430749399,0.988837394962458,295.80955690205786,957.7676515830694
18097,8,11,4627.92,5,5,5,555,15,Champions,1.098468721119989,0.9941303234632066,505.3756586533132,2067.8232195807163
18098,396,1,527.94,2,2,2,222,6,Hibernating,0.127599328600515,1.0,0.0,0.0
18099,127,1,168.31,3,2,1,321,6,About to Sleep,0.3051389775197213,1.0,0.0,0.0
18100,550,1,451.56,1,2,2,122,5,Hibernating,0.09574542233337567,1.0,0.0,0.0
18101,11,5,622.01,5,4,3,543,12,Champions,0.5595441281762376,0.9863205065939454,134.14195292636083,279.2902725558718
18102,1,145,580987.04,5,5,5,555,15,Champions,7.471331938920043,0.9992904903714837,8791.451909941843,244814.21402989744
18103,549,1,105.8,1,2,1,121,4,Hibernating,0.0959008565990576,1.0,0.0,0.0
18104,37,1,754.64,4,2,3,423,9,Potential Loyalists,,1.0,0.0,0.0
18105,38,1,113.48000000000002,4,2,1,421,7,Potential Loyalists,,1.0,0.0,0.0
18106,330,6,1441.06,2,4,4,244,10,At Risk,0.3792761792964201,0.8734209537274374,403.5798985368083,569.465169409129
18107,442,1,165.88,1,2,1,121,4,Hibernating,0.11606381642067322,1.0,0.0,0.0
18108,254,3,848.8100000000001,2,3,3,233,8,At Risk,0.2759460488324403,0.9256790336763231,196.76268262008162,201.95930260404606
18109,2,38,9555.71,5,5,5,555,15,Champions,5.580345980480285,0.9986094520232549,260.6528900549851,5410.468383455535
18110,20,2,392.28000000000003,4,3,2,432,9,Potential Loyalists,0.2890276313532484,0.923554958991963,245.2028938280298,261.9980951983523
18111,589,1,405.85,1,2,2,122,5,Hibernating,0.09005328631278696,1.0,0.0,0.0
18112,12,4,773.36,5,4,3,543,12,Champions,0.524296253291296,0.9811227194288912,221.19361757172834,430.7920737291528
18113,369,1,76.32000000000001,2,2,1,221,5,Hibernating,0.13581700847386274,1.0,0.0,0.0
18114,290,1,220.1,2,2,1,221,5,Hibernating,0.16551961936931198,1.0,0.0,0.0
18115,698,1,9.700000000000001,1,2,1,121,4,Hibernating,0.07732432749385482,1.0,0.0,0.0
18116,68,13,2130.89,3,5,4,354,12,Loyal Customers,2.3312353944198994,0.973039278031,161.3522855724505,1396.357887114758
18117,26,1,314.4,4,2,2,422,8,Potential Loyalists,,1.0,0.0,0.0
18118,11,29,6218.62,5,5,5,555,15,Champions,5.772293377466252,0.9967657253231568,219.02906505204584,4692.520502145214
18119,368,1,180.7,2,2,1,221,5,Hibernating,0.13613013645647878,1.0,0.0,0.0
18120,214,1,111.15,2,2,1,221,5,Hibernating,0.21037255377360958,1.0,0.0,0.0
18121,149,2,653.3,3,3,3,333,9,Need Attention,0.44317136048262307,0.651526857128353,32.625173520682004,52.94246562438494
18122,8,6,1791.84,5,4,4,544,13,Champions,2.344203671943776,0.9875795243473504,347.36975315740847,2995.6438230566305
18123,24,3,666.64,4,3,3,433,10,Potential Loyalists,0.40059997413445075,0.9684713096140433,316.6433533024725,470.6139416731592
18124,472,1,102.65,1,2,1,121,4,Hibernating,0.10960243018090593,1.0,0.0,0.0
18125,30,4,1131.75,4,4,3,443,11,Loyal Customers,0.8440660904526169,0.97660060453387,208.8679725921716,652.0641895070843
18126,61,1,198.58,3,2,1,321,6,About to Sleep,,1.0,0.0,0.0
18127,19,4,556.13,4,4,2,442,10,Loyal Customers,0.4948246242791604,0.9685460155537093,192.11818295183107,352.0192047343995
18128,537,1,399.29,1,2,2,122,5,Hibernating,0.09780623464187257,1.0,0.0,0.0
18129,243,1,112.55000000000001,2,2,1,221,5,Hibernating,0.19065415530114393,1.0,0.0,0.0
18130,15,3,1059.39,5,3,3,533,11,Potential Loyalists,1.88805168951558,0.9601178983650062,410.3494203120223,2822.095540655238
18131,632,1,222.95999999999998,1,2,1,121,4,Hibernating,0.08463492727719836,1.0,0.0,0.0
18132,504,1,220.13,1,2,1,121,4,Hibernating,0.10345921847442323,1.0,0.0,0.0
18133,212,1,931.4999999999999,2,2,3,223,7,Hibernating,0.21188415446347134,1.0,0.0,0.0
18134,598,2,445.0,1,3,2,132,6,At Risk,0.09662062275020847,0.4921824336322073,177.4516921692653,63.664399309457664
18135,29,10,1249.6200000000001,4,5,4,454,13,Loyal Customers,1.2340926384756645,0.991900747329105,120.37554651298446,552.9344895326186
18136,63,5,1631.3600000000001,3,4,4,344,11,Loyal Customers,0.7937725869152765,0.9767614079251034,248.90702386368216,733.1738786892089
18137,551,2,145.99,1,3,1,131,5,At Risk,0.09559049135019786,1.0,0.0,0.0
18138,295,1,152.65,2,2,1,221,5,Hibernating,0.16323080632048553,1.0,0.0,0.0
18139,18,6,8438.34,5,4,5,545,14,Champions,1.6176549556012545,0.897115272206503,2215.3036985949707,12944.392528554436
18140,474,1,536.41,1,2,2,122,5,Hibernating,0.10939942544124516,1.0,0.0,0.0
18141,402,2,882.47,2,3,3,233,8,At Risk,0.1654305491933799,0.7261745301619961,518.1451789734369,317.87450346741394
18142,157,2,1019.52,3,3,3,333,9,Need Attention,0.40655114852990304,0.7642628891658365,896.9706647094134,1339.6651058799025
18143,117,2,1000.16,3,3,3,333,9,Need Attention,0.5504908392160812,0.7612135169079328,634.1274862992003,1277.1466148434524
18144,8,19,4892.95,5,5,5,555,15,Champions,2.011402435708816,0.99672470422557,255.50870620346188,1914.848841090084
18145,13,11,5609.74,5,5,5,555,15,Champions,1.198770134162685,0.9943260923162069,539.7752804989697,2410.5362168950032
18146,141,2,160.35000000000002,3,3,1,331,7,Need Attention,0.42127542469777335,0.8060864277276769,105.82553348980291,163.81688443830035
18147,46,2,179.33999999999997,4,3,1,431,8,Potential Loyalists,0.7632320283848406,0.8860749397033132,101.9021395063463,283.8531538102108
18148,647,1,112.85000000000001,1,2,1,121,4,Hibernating,0.08285455053952313,1.0,0.0,0.0
18149,51,7,1553.96,4,4,4,444,12,Loyal Customers,0.844786886051013,0.9865403184281735,205.34676300609058,645.508846139471
18150,32,3,566.58,4,3,2,432,9,Potential Loyalists,0.8638645801688511,0.9606006217749372,187.69276345661126,596.7021477444592
18151,135,6,1879.44,3,4,4,344,11,Loyal Customers,0.6943107605654258,0.9678617218421334,273.30766110843797,706.0637505929726
18152,646,1,426.69,1,2,2,122,5,Hibernating,0.08285455053952313,1.0,0.0,0.0
18153,659,1,246.22,1,2,1,121,4,Hibernating,0.08137108338931434,1.0,0.0,0.0
18154,3,5,932.6,5,4,3,543,12,Champions,0.7456207732392222,0.986911068543173,195.25049127887033,540.5613152454259
18155,75,3,371.62,3,3,2,332,8,Need Attention,0.6368312275326828,0.9480506158434836,143.15924128379874,336.642009154477
18156,13,2,675.64,5,3,3,533,11,Potential Loyalists,0.31749264216328826,0.9250334464585279,596.3224368660166,699.2179946440214
18157,571,1,213.9,1,2,1,121,4,Hibernating,0.0925939131787471,1.0,0.0,0.0
18158,9,2,453.4,5,3,2,532,10,Potential Loyalists,0.8973820339070104,0.9210902116009599,137.1884668760764,448.53086776790093
18159,301,1,530.15,2,2,2,222,6,Hibernating,0.16056651969188274,1.0,0.0,0.0
18160,57,3,1003.88,4,3,3,433,10,Potential Loyalists,0.5089270101693341,0.9599504994884328,351.488054823003,662.1498985970353
18161,15,6,1803.1000000000001,5,4,4,544,13,Champions,1.1336433604964102,0.9878422431571963,336.18822357803896,1412.846172084968
18162,732,1,371.51,1,2,2,122,5,Hibernating,0.07393765701024829,1.0,0.0,0.0
18163,584,1,728.84,1,2,3,123,6,Hibernating,0.09074491708452223,1.0,0.0,0.0
18164,37,1,399.65000000000003,4,2,2,422,8,Potential Loyalists,,1.0,0.0,0.0
18165,177,1,302.46000000000004,3,2,2,322,7,About to Sleep,0.24236882954345962,1.0,0.0,0.0
18166,624,1,175.5,1,2,1,121,4,Hibernating,0.08561612258884486,1.0,0.0,0.0
18167,23,3,1384.8600000000001,4,3,4,434,11,Potential Loyalists,1.3505806090334949,0.958718381805061,487.49302624045237,2409.121133187199
18168,176,16,3435.5,3,5,5,355,13,Loyal Customers,1.5208304756596682,0.8639444748745825,214.5967858407595,1216.0671954030136
18169,61,1,202.65,3,2,1,321,6,About to Sleep,,1.0,0.0,0.0
18170,33,9,2878.0,4,5,4,454,13,Loyal Customers,1.0099292483741042,0.9910930047495881,335.2113706704287,1260.7124766719555
18171,59,9,2437.31,3,5,4,354,12,Loyal Customers,1.0028667195102767,0.988024250973434,273.30089078212995,1020.7071458277806
18172,15,52,17467.24,5,5,5,555,15,Champions,3.9261326668768386,0.9974313214154149,509.6058163326524,7456.121229130682
18173,87,5,2696.36,3,4,4,344,11,Loyal Customers,0.6045299722941702,0.9761736375262406,551.65554019106,1240.1603534892429
18174,7,2,162.5,5,3,1,531,9,Potential Loyalists,0.20676489763034409,0.9270349099943335,130.4072920898551,100.01142314506966
18175,676,1,176.1,1,2,1,121,4,Hibernating,0.0796166546948647,1.0,0.0,0.0
18176,358,1,476.35,2,2,2,222,6,Hibernating,0.1390147005403632,1.0,0.0,0.0
18177,31,9,2216.32,4,5,4,454,13,Loyal Customers,0.9794882684271953,0.991395860335829,240.9349352591017,878.9976481588653
18178,129,11,6103.74,3,5,5,355,13,Loyal Customers,1.2759672120647088,0.962559997362961,572.1420592568584,2718.034868989281
18179,9,8,2547.55,5,5,4,554,14,Champions,0.9397991643645498,0.9922971076104278,329.1712676734214,1151.5646479913323
18180,5,6,1843.75,5,4,4,544,13,Champions,2.4381789825724014,0.9888082674700835,320.52455009945226,2873.624733504909
18181,24,5,1188.34,4,4,3,443,11,Loyal Customers,0.5163321691196897,0.9853109103117944,233.42535772475776,448.7050335585331
18182,463,1,291.13,1,2,2,122,5,Hibernating,0.11146397410772382,1.0,0.0,0.0
18183,227,2,632.07,2,3,3,233,8,At Risk,0.29336935999680697,0.6677009546984943,391.0829164166154,422.5044735055453
18184,15,1,49.8,5,2,1,521,8,Potential Loyalists,,1.0,0.0,0.0
18185,249,1,304.25,2,2,2,222,6,Hibernating,0.1870278887373049,1.0,0.0,0.0
18186,723,1,329.58,1,2,2,122,5,Hibernating,0.0748746122973658,1.0,0.0,0.0
18187,632,1,724.89,1,2,3,123,6,Hibernating,0.08463492727719836,1.0,0.0,0.0
18188,15,6,3280.59,5,4,5,545,14,Champions,0.7319231103017657,0.9886595730172191,618.4513910453879,1683.8972270910954
18189,78,3,1403.73,3,3,4,334,10,Need Attention,0.3332096381848264,0.9616673148964605,599.147236425541,741.7615655026563
18190,192,5,745.62,2,4,3,243,9,At Risk,0.5114128589482896,0.9539562286544891,145.56174008843425,277.1014113834085
18191,262,2,529.4,2,3,2,232,7,At Risk,0.22320763507513122,0.8120776308129519,256.10121044874256,211.60930390798924
18192,72,1,957.97,3,2,3,323,8,About to Sleep,,1.0,0.0,0.0
18193,165,3,1207.35,3,3,4,334,10,Need Attention,0.4353188630430177,0.9231027016042468,288.5791831372418,465.5297660237702
18194,82,6,4162.04,3,4,5,345,12,Loyal Customers,0.6704878452646492,0.9807539516616471,732.604115557676,1828.2600591864264
18195,387,1,101.16,2,2,1,221,5,Hibernating,0.13013003329334125,1.0,0.0,0.0
18196,95,4,1455.27,3,4,4,344,11,Loyal Customers,0.4582124042017797,0.9702567421029291,413.1665112986857,703.9081416528923
18197,576,1,230.1,1,2,1,121,4,Hibernating,0.09201701224687976,1.0,0.0,0.0
18198,4,17,5425.56,5,5,5,555,15,Champions,3.730884877178354,0.9964805314530972,324.07254726344513,4482.517322903871
18199,684,1,344.75,1,2,2,122,5,Hibernating,0.07876751775732649,1.0,0.0,0.0
18200,106,1,150.35,3,2,1,321,6,About to Sleep,0.3424252436554604,1.0,0.0,0.0
18201,723,1,447.53000000000003,1,2,2,122,5,Hibernating,0.0748746122973658,1.0,0.0,0.0
18202,200,3,1396.99,2,3,4,234,9,At Risk,0.31116554752366804,0.7854814856629129,1107.9378560050336,1271.1400898075556
18203,157,4,482.52,3,4,2,342,9,Loyal Customers,0.3975673212305295,0.9614542532464181,133.45965537443578,197.46348893886162
18204,71,3,1975.35,3,3,4,334,10,Need Attention,0.870459265223351,0.9351329292751046,787.6273862881651,2522.037569926381
18205,36,2,517.36,4,3,2,432,9,Potential Loyalists,0.950555290792858,0.8861037709330304,357.57664742826836,1236.659865550083
18206,553,1,314.65999999999997,1,2,2,122,5,Hibernating,0.09528212948100799,1.0,0.0,0.0
18207,499,1,544.47,1,2,2,122,5,Hibernating,0.10437327332577204,1.0,0.0,0.0
18208,566,1,360.08,1,2,2,122,5,Hibernating,0.09347296315360303,1.0,0.0,0.0
18209,29,1,139.10000000000002,4,2,1,421,7,Potential Loyalists,,1.0,0.0,0.0
18210,2,7,2768.83,5,4,4,544,13,Champions,1.3303161169462654,0.9916307494764109,450.59311053550925,2222.775517539904
18211,26,5,600.07,4,4,2,442,10,Loyal Customers,1.2009658300970307,0.9818876445820184,121.76812083085717,540.5968414249792
18212,326,2,514.37,2,3,2,232,7,At Risk,0.16696592028663246,0.8314788710560987,266.1155524991087,164.95405851691942
18213,237,1,232.48000000000002,2,2,1,221,5,Hibernating,0.19506693787456986,1.0,0.0,0.0
18214,531,4,1780.34,1,4,4,144,9,At Risk,0.021544303335043546,0.040512579941518356,375.2836432234188,30.034955270060347
18215,89,5,2232.4900000000002,3,4,4,344,11,Loyal Customers,0.594681952167761,0.9758822201701307,379.6922082174255,839.7660349415369
18216,31,1,481.75,4,2,2,422,8,Potential Loyalists,,1.0,0.0,0.0
18217,29,4,945.04,4,4,3,443,11,Loyal Customers,0.5452584200650873,0.9789205218816608,229.27623977480258,464.2338161818883
18218,211,4,1121.84,2,4,3,243,9,At Risk,0.4269816421099345,0.9404593476920099,291.4600564790146,462.84455304570173
18219,3,17,3352.7000000000003,5,5,5,555,15,Champions,1.7633239302348593,0.9966927359903912,216.1548788729377,1420.1625624303572
18220,227,6,1921.76,2,4,4,244,10,At Risk,0.6039423732048432,0.9356177168894926,346.4310517305266,779.023591189658
18221,22,6,1424.94,4,4,4,444,12,Loyal Customers,1.1049922306085538,0.98675913134724,216.60636498533063,887.4848906736445
18222,93,1,443.0,3,2,2,322,7,About to Sleep,,1.0,0.0,0.0
18223,5,26,14000.85,5,5,5,555,15,Champions,2.7696709979436616,0.9977709551229793,538.0458989047297,5553.34241831683
18224,264,1,158.95000000000002,2,2,1,221,5,Hibernating,0.17908097254383634,1.0,0.0,0.0
18225,3,26,13014.8,5,5,5,555,15,Champions,2.7698598226337645,0.9978389790115691,543.9055094330262,5614.204044619689
18226,44,26,11878.88,4,5,5,455,14,Loyal Customers,3.10256619994421,0.9904542315349074,481.03798689152205,5557.6941607579165
18227,218,2,388.75,2,3,2,232,7,At Risk,0.2301791358710146,0.8482516704804144,117.99532038293219,100.55420117925678
18228,57,2,779.9,4,3,3,433,10,Potential Loyalists,0.8785902655648244,0.8485887867065935,439.8105009518912,1406.6124174274973
18229,12,28,10150.51,5,5,5,555,15,Champions,2.989419094715115,0.997373426358833,378.42763708925037,4215.868573229737
18230,9,9,4291.06,5,5,5,555,15,Champions,1.312338160870529,0.9930454573560398,511.99166664868864,2497.7632126411877
18231,192,28,6848.27,2,5,5,255,12,Cannot Lose Them,0.8126431321968725,0.27920296562169195,276.3247430884653,836.5792438204272
18232,82,4,592.97,3,4,2,342,9,Loyal Customers,1.1748818473821747,0.9342360494558223,172.98098845846948,748.6065491750688
18233,326,1,440.0,2,2,2,222,6,Hibernating,0.15072667174350335,1.0,0.0,0.0
18234,552,1,179.6,1,2,1,121,4,Hibernating,0.09559049135019786,1.0,0.0,0.0
18235,72,3,1796.48,3,3,4,334,10,Need Attention,0.7976592159011152,0.9404127287411659,750.1920617215469,2203.7325883535746
18236,30,12,1795.3500000000001,4,5,4,454,13,Loyal Customers,1.291204321051933,0.9917419818029198,177.0264014630551,850.5303652469
18237,3,5,987.1,5,4,3,543,12,Champions,2.08289571751091,0.9866195992349851,174.44969790835532,1334.8675168252166
18238,515,1,270.92,1,2,1,121,4,Hibernating,0.10150361716119015,1.0,0.0,0.0
18239,219,6,1712.26,2,4,4,244,10,At Risk,0.8059014698484099,0.770341750500116,324.3601711616118,969.8314759179323
18240,46,1,422.58,4,2,2,422,8,Potential Loyalists,,1.0,0.0,0.0
18241,10,21,2986.9900000000002,5,5,5,555,15,Champions,2.7197176998446126,0.9968798945162977,139.93786848576627,1416.8562793760264
18242,72,8,3605.21,3,5,5,355,13,Loyal Customers,0.7741049887332527,0.9841190472565671,563.4167980460859,1623.8208288705928
18243,414,1,515.78,1,2,2,122,5,Hibernating,0.12282237362526108,1.0,0.0,0.0
18244,431,2,568.64,1,3,2,132,6,At Risk,0.1432656842001626,0.5452611932636429,326.38324341165037,173.1718030564217
18245,7,20,6324.9800000000005,5,5,5,555,15,Champions,1.8624285274423025,0.9960506506424904,435.26563255915954,3018.168431401666
18246,24,3,758.8199999999999,4,3,3,433,10,Potential Loyalists,0.34375474257735555,0.9690939240664951,328.50654467208415,419.4945201363054
18247,415,3,839.73,1,3,3,133,7,At Risk,0.2591733092178026,0.7544979089407466,360.0705206014801,346.75294199617326
18248,123,2,804.02,3,3,3,333,9,Need Attention,0.4797440405648289,0.8084234766147023,376.902995568999,663.3130612740063
18249,17,1,95.34,5,2,1,521,8,Potential Loyalists,,1.0,0.0,0.0
18250,310,1,349.27,2,2,2,222,6,Hibernating,0.1567294497921289,1.0,0.0,0.0
18251,87,9,26278.86,3,5,5,355,13,Loyal Customers,0.8665213742936672,0.9828369236882548,3369.2196929901006,10872.676855770253
18252,51,7,1533.69,4,4,4,444,12,Loyal Customers,0.7528549775097934,0.9872666706005176,199.20513368093975,558.4767292811661
18253,643,1,317.88,1,2,2,122,5,Hibernating,0.08332194957632989,1.0,0.0,0.0
18254,581,1,267.9,1,2,1,121,4,Hibernating,0.0911650208964098,1.0,0.0,0.0
18255,89,2,303.15,3,3,2,332,8,Need Attention,0.2586060744318633,0.9044283384007701,129.5596452415774,123.97944146882307
18256,388,1,110.7,2,2,1,221,5,Hibernating,0.13013003329334125,1.0,0.0,0.0
18257,39,12,4585.15,4,5,5,455,14,Loyal Customers,1.3140715355029038,0.9913050130039479,430.34212578087704,2105.447920301889
18258,464,6,2059.67,1,4,4,144,9,At Risk,0.09541198716322094,0.1449600428082551,310.6716314717834,110.18020556276412
18259,25,7,3941.9,4,4,5,445,13,Loyal Customers,0.7453762614017804,0.9899022586781072,616.0841017307156,1710.1839987207022
18260,173,23,9947.26,3,5,5,355,13,Loyal Customers,1.6769277643461697,0.6783406695031552,463.0105517919101,2893.10304082354
18261,43,2,324.24,4,3,2,432,9,Potential Loyalists,0.8234384394004189,0.8839727981897673,124.8854783353606,374.90095907277407
18262,140,3,577.54,3,3,2,332,8,Need Attention,0.33991063984764813,0.9483036374306443,207.67287523700975,262.2057997444652
18263,26,3,1213.1599999999999,4,3,4,434,11,Potential Loyalists,0.7280685439223139,0.9650359770198448,497.99792053727367,1337.0923509107297
18264,499,1,603.25,1,2,2,122,5,Hibernating,0.10455802699527829,1.0,0.0,0.0
18265,72,2,801.51,3,3,3,333,9,Need Attention,0.5813816086861849,0.8703411108481262,383.4419855414267,816.4845785349947
18266,434,1,251.1,1,2,1,121,4,Hibernating,0.11791766702841615,1.0,0.0,0.0
18267,673,1,269.37,1,2,1,121,4,Hibernating,0.07993982191035003,1.0,0.0,0.0
18268,134,6,1490.23,3,4,4,344,11,Loyal Customers,0.6241742439749209,0.9718652694051171,231.82451791915,538.7873127483035
18269,366,1,168.6,2,2,1,221,5,Hibernating,0.1364447129360252,1.0,0.0,0.0
18270,38,3,444.55,4,3,2,432,9,Potential Loyalists,0.4643775762163631,0.9652940029751721,157.10369429720186,270.3037917307858
18271,610,2,680.85,1,3,3,133,7,At Risk,0.1002059525627653,0.5353166187302109,595.7654117942913,221.76019472134658
18272,3,9,4385.9800000000005,5,5,5,555,15,Champions,1.0911491496771815,0.9937602072187437,479.7803275976208,1948.6181188033424
18273,2,4,357.0,5,4,2,542,11,Champions,0.4936176015937353,0.9822204075340908,73.49820589593766,134.83144455467945
18274,30,1,175.92,4,2,1,421,7,Potential Loyalists,,1.0,0.0,0.0
18275,578,2,741.85,1,3,3,133,7,At Risk,0.11202493391462194,0.5984555538164114,451.5564644208817,187.90638949066374
18276,44,6,1656.52,4,4,4,444,12,Loyal Customers,0.6326514277689237,0.9863074162531155,298.84324098363635,703.9851966251113
18277,58,5,1180.05,4,4,3,443,11,Loyal Customers,0.573546599820708,0.9739257906173442,299.59576070181134,637.7962958005453
18278,74,2,414.20000000000005,3,3,2,332,8,Need Attention,0.2880796828042501,0.9069949024986076,215.05088451072442,228.991011895106
18279,519,1,231.33999999999997,1,2,1,121,4,Hibernating,0.10081070389813737,1.0,0.0,0.0
18280,278,2,488.15000000000003,2,3,2,232,7,At Risk,0.23802862843441966,0.7334414700889481,223.16407577281063,196.29869200933626
18281,181,2,201.14,3,3,1,331,7,Need Attention,0.2046884282085941,0.882023214500101,102.33807217117482,77.66872624083568
18282,8,2,178.05,5,3,1,531,9,Potential Loyalists,0.720698779036984,0.9239157827955832,98.72951844564992,260.0509957857716
18283,4,22,2658.95,5,5,4,554,14,Champions,2.3175596543815935,0.9971477197265859,143.93408041377526,1242.2449493082906
18284,432,1,411.68,1,2,2,122,5,Hibernating,0.11862823222691524,1.0,0.0,0.0
18285,661,1,377.0,1,2,2,122,5,Hibernating,0.08125916861063799,1.0,0.0,0.0
18286,477,2,1246.43,1,3,4,134,8,At Risk,0.138826651457169,0.7341848044849117,1013.7521819206959,522.738122319686
18287,43,7,4132.99,4,4,5,445,13,Loyal Customers,0.7891146727592085,0.9852987223505278,635.1407978712297,1863.4269226389397
